{"type":"FeatureCollection","features":[{"type":"Feature","geometry":{"type":"Polygon","coordinates":[[[-74.5284,40.0896],[-74.5531,40.0791],[-74.4169,39.8227],[-74.0924,39.7939],[-74.0641,39.9792],[-74.0076,40.1956],[-74.0946,40.2063],[-74.0138,40.2302],[-74.0791,40.3601],[-74.0117,40.3823],[-74.1332,40.4269],[-74.1494,40.3246],[-74.2253,40.3395],[-74.2239,40.2612],[-74.2686,40.206],[-74.3416,40.2165],[-74.5284,40.0896]]]},"properties":{"GEOID":"3404","BASENAME":"4","NAME":"Congressional District 4","STATE":"34","CD119":"04"}},{"type":"Feature","geometry":{"type":"Polygon","coordinates":[[[-80.297,26.3344],[-80.2975,26.2295],[-80.1515,26.2436],[-80.117,26.3278],[-80.0988,26.3228],[-80.1607,26.1645],[-80.1447,26.1278],[-80.1685,26.1068],[-80.1087,26.0933],[-80.0616,26.4264],[-80.1464,26.4168],[-80.2369,26.3837],[-80.2498,26.3415],[-80.297,26.3344]]]},"properties":{"GEOID":"1223","BASENAME":"23","NAME":"Congressional District 23","STATE":"12","CD119":"23"}},{"type":"Feature","geometry":{"type":"Polygon","coordinates":[[[-88.4722,42.1326],[-88.4718,42.067],[-88.3761,42.0669],[-88.3763,41.9142],[-88.2626,41.8712],[-88.2635,42.059],[-88.2247,42.015],[-88.1451,41.9882],[-88.1842,41.9876],[-88.1822,41.9159],[-88.1119,41.888],[-87.9704,41.993],[-87.939,41.9935],[-87.9205,42.0051],[-87.8367,41.9702],[-87.8858,42.0475],[-87.9939,42.0515],[-88.0045,42.1536],[-88.0628,42.1539],[-88.0625,42.0671],[-88.1216,42.1106],[-88.2383,42.0923],[-88.2384,42.1542],[-88.4325,42.1538],[-88.4722,42.1326]]]},"properties":{"GEOID":"1708","BASENAME":"8","NAME":"Congressional District 8","STATE":"17","CD119":"08"}},{"type":"Feature","geometry":{"type":"Polygon","coordinates":[[[-118.3977,34.2733],[-118.343,34.2066],[-118.3659,34.0971],[-118.3958,34.0911],[-118.3762,34.0596],[-118.323,34.0547],[-118.2237,34.0819],[-118.2262,34.1498],[-118.1806,34.1412],[-118.1521,34.1573],[-118.2488,34.2222],[-118.188,34.2936],[-118.1897,34.3807],[-118.2726,34.4376],[-118.2897,34.3948],[-118.2685,34.3005],[-118.3977,34.2733]]]},"properties":{"GEOID":"0630","BASENAME":"30","NAME":"Congressional District 30","STATE":"06","CD119":"30"}},{"type":"Feature","geometry":{"type":"Polygon","coordinates":[[[-82.7199,27.5289],[-82.743,27.5311],[-82.6918,27.4372],[-82.6482,27.3897],[-82.2523,27.3862],[-82.2536,27.2089],[-82.0565,27.2078],[-82.0553,27.9273],[-82.3196,27.9378],[-82.3542,27.9495],[-82.3474,27.8644],[-82.3847,27.8644],[-82.432,27.7681],[-82.4776,27.723],[-82.5143,27.7056],[-82.5846,27.596],[-82.6507,27.5231],[-82.7199,27.5289]]]},"properties":{"GEOID":"1216","BASENAME":"16","NAME":"Congressional District 16","STATE":"12","CD119":"16"}},{"type":"Feature","geometry":{"type":"Polygon","coordinates":[[[-73.8567,40.7077],[-73.8573,40.6703],[-73.8255,40.5761],[-73.7749,40.5908],[-73.7506,40.5893],[-73.7688,40.6244],[-73.7303,40.7222],[-73.7776,40.7302],[-73.8567,40.7077]]]},"properties":{"GEOID":"3605","BASENAME":"5","NAME":"Congressional District 5","STATE":"36","CD119":"05"}},{"type":"Feature","geometry":{"type":"Polygon","coordinates":[[[-118.4213,34.0591],[-118.3866,33.9767],[-118.309,33.9382],[-118.2559,33.9547],[-118.2564,33.9895],[-118.2397,34.0147],[-118.2398,34.0358],[-118.323,34.0547],[-118.4213,34.0591]]]},"properties":{"GEOID":"0637","BASENAME":"37","NAME":"Congressional District 37","STATE":"06","CD119":"37"}},{"type":"Feature","geometry":{"type":"Polygon","coordinates":[[[-121.6029,38.7358],[-121.6338,38.6862],[-121.5536,38.6033],[-121.5087,38.5968],[-121.3863,38.5431],[-121.1019,38.4976],[-121.1014,38.5188],[-121.1873,38.5693],[-121.2623,38.6931],[-121.2428,38.7182],[-121.6029,38.7358]]]},"properties":{"GEOID":"0606","BASENAME":"6","NAME":"Congressional District 6","STATE":"06","CD119":"06"}},{"type":"Feature","geometry":{"type":"Polygon","coordinates":[[[-84.1311,42.4246],[-84.132,42.0716],[-83.7119,42.0836],[-83.711,42.0688],[-83.6848,42.0734],[-83.6823,42.0666],[-83.662,42.07],[-83.6616,42.0845],[-83.2835,42.0897],[-83.195,42.0331],[-83.1855,42.0522],[-83.1335,42.0881],[-83.1339,42.1747],[-83.1255,42.2008],[-83.1544,42.1854],[-83.4232,42.1794],[-83.4376,42.5271],[-83.4903,42.4952],[-83.5552,42.4932],[-83.5519,42.4352],[-84.1311,42.4246]]]},"properties":{"GEOID":"2606","BASENAME":"6","NAME":"Congressional District 6","STATE":"26","CD119":"06"}},{"type":"Feature","geometry":{"type":"Polygon","coordinates":[[[-82.7087,27.9586],[-82.6616,27.8966],[-82.6775,27.6646],[-82.625,27.7327],[-82.6227,27.7799],[-82.5539,27.8485],[-82.4488,27.81],[-82.432,27.7681],[-82.3847,27.8644],[-82.3474,27.8644],[-82.3513,28.0117],[-82.5419,28.0614],[-82.536,28.1726],[-82.6512,28.1733],[-82.6486,27.9663],[-82.7087,27.9586]]]},"properties":{"GEOID":"1214","BASENAME":"14","NAME":"Congressional District 14","STATE":"12","CD119":"14"}},{"type":"Feature","geometry":{"type":"Polygon","coordinates":[[[-95.5802,29.9671],[-95.5217,29.9367],[-95.57,29.8318],[-95.4539,29.7809],[-95.4427,29.8107],[-95.3709,29.7493],[-95.3903,29.725],[-95.3887,29.6939],[-95.3267,29.6955],[-95.3427,29.7411],[-95.2297,29.8243],[-95.2369,29.907],[-95.3093,29.9095],[-95.3599,29.7724],[-95.4218,29.8883],[-95.48,29.9113],[-95.465,29.9646],[-95.3972,29.9452],[-95.2,29.9229],[-95.1872,29.8708],[-95.2124,29.9994],[-95.3187,30.0332],[-95.4613,30.0349],[-95.4983,29.9879],[-95.5802,29.9671]]]},"properties":{"GEOID":"4818","BASENAME":"18","NAME":"Congressional District 18","STATE":"48","CD119":"18"}},{"type":"Feature","geometry":{"type":"Polygon","coordinates":[[[-77.9956,43.3653],[-77.9973,43.133],[-77.9059,43.1336],[-77.951,43.0395],[-77.9098,42.9878],[-77.731,42.9884],[-77.7591,42.9405],[-77.4827,42.9429],[-77.4773,42.9033],[-77.432,42.8977],[-77.3702,42.9127],[-77.3761,43.274],[-77.551,43.2358],[-77.6604,43.283],[-77.7602,43.3412],[-77.9956,43.3653]]]},"properties":{"GEOID":"3625","BASENAME":"25","NAME":"Congressional District 25","STATE":"36","CD119":"25"}},{"type":"Feature","geometry":{"type":"Polygon","coordinates":[[[-80.9869,35.301],[-80.9619,35.1386],[-80.8765,35.06],[-80.8167,35.0778],[-80.8539,35.0898],[-80.7054,35.1259],[-80.7052,35.1926],[-80.5997,35.2341],[-80.6665,35.2679],[-80.7197,35.3628],[-80.7643,35.4002],[-80.9869,35.301]]]},"properties":{"GEOID":"3712","BASENAME":"12","NAME":"Congressional District 12","STATE":"37","CD119":"12"}},{"type":"Feature","geometry":{"type":"Polygon","coordinates":[[[-71.3213,42.4805],[-71.2897,42.4662],[-71.2121,42.4662],[-71.1355,42.53],[-70.983,42.424],[-70.9132,42.4277],[-70.8865,42.4702],[-70.836,42.4905],[-70.8485,42.5502],[-70.6547,42.5822],[-70.594,42.635],[-70.6025,42.6777],[-70.6451,42.6894],[-70.6816,42.6623],[-70.7298,42.6696],[-70.7723,42.7111],[-70.8052,42.7818],[-70.8173,42.8723],[-70.8648,42.8703],[-70.9308,42.8846],[-70.9665,42.869],[-71.0312,42.8591],[-71.0487,42.8311],[-70.9986,42.8081],[-71.1345,42.6768],[-71.2382,42.6694],[-71.2562,42.6571],[-71.2257,42.58],[-71.3213,42.4805]]]},"properties":{"GEOID":"2506","BASENAME":"6","NAME":"Congressional District 6","STATE":"25","CD119":"06"}},{"type":"Feature","geometry":{"type":"Polygon","coordinates":[[[-87.9206,41.8827],[-87.919,41.8331],[-87.8042,41.865],[-87.6442,41.86],[-87.693,41.7645],[-87.6442,41.758],[-87.6156,41.7802],[-87.6123,41.8933],[-87.6411,41.9147],[-87.6872,41.9103],[-87.6942,41.8957],[-87.8255,41.911],[-87.8405,41.8885],[-87.9206,41.8827]]]},"properties":{"GEOID":"1707","BASENAME":"7","NAME":"Congressional District 7","STATE":"17","CD119":"07"}},{"type":"Feature","geometry":{"type":"Polygon","coordinates":[[[-93.4007,45.0657],[-93.4006,44.9351],[-93.3188,44.862],[-93.1979,44.862],[-93.1785,44.8883],[-93.2004,44.9096],[-93.2081,45.0357],[-93.2271,45.0499],[-93.2277,45.1245],[-93.2961,45.1217],[-93.2808,45.0717],[-93.4007,45.0657]]]},"properties":{"GEOID":"2705","BASENAME":"5","NAME":"Congressional District 5","STATE":"27","CD119":"05"}},{"type":"Feature","geometry":{"type":"Polygon","coordinates":[[[-74.8674,41.2278],[-74.8793,41.205],[-74.7401,40.9697],[-74.6385,41.1187],[-74.5359,41.0585],[-74.5032,41.0859],[-74.4978,41.0343],[-74.447,41.0544],[-74.3,41.0031],[-74.2707,41.021],[-74.249,41.0636],[-74.1676,41.0238],[-74.1918,40.9786],[-74.1703,40.9839],[-74.1323,40.9224],[-74.0544,40.9063],[-74.0217,40.8399],[-73.9768,40.8278],[-73.9532,40.8475],[-73.9381,40.8747],[-73.894,40.9972],[-74.302,41.1726],[-74.6949,41.3574],[-74.7603,41.3403],[-74.8157,41.2962],[-74.8674,41.2278]]]},"properties":{"GEOID":"3405","BASENAME":"5","NAME":"Congressional District 5","STATE":"34","CD119":"05"}},{"type":"Feature","geometry":{"type":"Polygon","coordinates":[[[-118.8946,34.818],[-118.6368,34.2918],[-118.6335,34.2695],[-118.527,34.278],[-118.4721,34.2573],[-118.5083,34.3339],[-118.404,34.3297],[-118.3785,34.431],[-118.2897,34.3948],[-118.2726,34.4376],[-118.1897,34.3807],[-118.0902,34.4025],[-118.1111,34.4562],[-117.9922,34.4992],[-117.9347,34.4317],[-117.8878,34.5064],[-117.8807,34.7195],[-117.9167,34.8225],[-118.8946,34.818]]]},"properties":{"GEOID":"0627","BASENAME":"27","NAME":"Congressional District 27","STATE":"06","CD119":"27"}},{"type":"Feature","geometry":{"type":"Polygon","coordinates":[[[-81.685,41.2771],[-81.6885,40.9886],[-81.6477,40.9886],[-81.6484,40.7371],[-81.5225,40.7331],[-81.4931,40.8205],[-81.4251,40.8182],[-81.4293,40.7442],[-81.3496,40.7868],[-81.2919,40.7631],[-81.3093,40.8099],[-81.2998,40.9885],[-81.3743,40.9955],[-81.3931,41.0607],[-81.3917,41.3483],[-81.5981,41.3512],[-81.5651,41.2778],[-81.685,41.2771]]]},"properties":{"GEOID":"3913","BASENAME":"13","NAME":"Congressional District 13","STATE":"39","CD119":"13"}},{"type":"Feature","geometry":{"type":"Polygon","coordinates":[[[-82.8594,28.1722],[-82.8509,28.1025],[-82.8282,28.0201],[-82.8465,27.8543],[-82.7462,27.7313],[-82.7331,27.613],[-82.705,27.6253],[-82.6775,27.6646],[-82.6616,27.8966],[-82.7087,27.9586],[-82.6486,27.9663],[-82.6512,28.1733],[-82.8594,28.1722]]]},"properties":{"GEOID":"1213","BASENAME":"13","NAME":"Congressional District 13","STATE":"12","CD119":"13"}},{"type":"Feature","geometry":{"type":"Polygon","coordinates":[[[-83.214,42.7095],[-83.2092,42.621],[-83.0914,42.6242],[-83.0834,42.4472],[-82.8703,42.451],[-82.8593,42.5419],[-82.7559,42.5644],[-82.766,42.6001],[-82.801,42.6295],[-82.9745,42.6565],[-82.9769,42.7159],[-83.214,42.7095]]]},"properties":{"GEOID":"2610","BASENAME":"10","NAME":"Congressional District 10","STATE":"26","CD119":"10"}},{"type":"Feature","geometry":{"type":"Polygon","coordinates":[[[-80.4471,26.1461],[-80.4394,25.9569],[-80.295,25.9568],[-80.2788,25.971],[-80.2792,25.9938],[-80.1655,25.9962],[-80.1657,25.9738],[-80.115,25.9753],[-80.1087,26.0933],[-80.1685,26.1068],[-80.314,26.1606],[-80.3463,26.1231],[-80.4471,26.1461]]]},"properties":{"GEOID":"1225","BASENAME":"25","NAME":"Congressional District 25","STATE":"12","CD119":"25"}},{"type":"Feature","geometry":{"type":"Polygon","coordinates":[[[-118.1082,33.8869],[-118.0992,33.8459],[-118.059,33.8462],[-118.093,33.7861],[-118.072,33.7876],[-117.9801,33.6868],[-117.9214,33.7141],[-117.8975,33.7889],[-118.0173,33.8099],[-117.9852,33.8755],[-117.8754,33.856],[-117.8184,33.862],[-117.8684,33.9459],[-117.92,33.9461],[-117.92,33.9246],[-117.933,33.9246],[-117.9303,33.9112],[-117.9766,33.9064],[-118.0288,33.8733],[-118.0465,33.8877],[-118.1082,33.8869]]]},"properties":{"GEOID":"0645","BASENAME":"45","NAME":"Congressional District 45","STATE":"06","CD119":"45"}},{"type":"Feature","geometry":{"type":"Polygon","coordinates":[[[-75.1394,40.0634],[-75.1656,39.9437],[-75.1355,39.9433],[-75.1192,39.9654],[-75.059,39.9925],[-74.9732,40.0463],[-74.9632,40.1167],[-75.0151,40.138],[-75.1094,40.0459],[-75.1394,40.0634]]]},"properties":{"GEOID":"4202","BASENAME":"2","NAME":"Congressional District 2","STATE":"42","CD119":"02"}},{"type":"Feature","geometry":{"type":"Polygon","coordinates":[[[-95.7755,29.7006],[-95.715,29.6651],[-95.7409,29.5431],[-95.6384,29.5635],[-95.6508,29.6273],[-95.5971,29.6606],[-95.6232,29.6745],[-95.4931,29.7102],[-95.4121,29.6973],[-95.3709,29.7493],[-95.4427,29.8107],[-95.4539,29.7809],[-95.4097,29.7447],[-95.5784,29.767],[-95.6867,29.7103],[-95.7755,29.7006]]]},"properties":{"GEOID":"4807","BASENAME":"7","NAME":"Congressional District 7","STATE":"48","CD119":"07"}},{"type":"Feature","geometry":{"type":"Polygon","coordinates":[[[-82.3113,28.9604],[-82.1691,28.793],[-82.2748,28.6562],[-82.2082,28.5721],[-82.0545,28.5214],[-82.0555,28.2589],[-81.9742,28.1636],[-81.9737,28.1281],[-81.8811,28.1717],[-81.8203,28.1565],[-81.6206,28.2543],[-81.6587,28.2543],[-81.6738,28.347],[-81.5319,28.3473],[-81.474,28.4161],[-81.508,28.4745],[-81.4981,28.6257],[-81.458,28.6402],[-81.4595,28.7133],[-81.4147,28.7856],[-81.4196,28.8152],[-81.5762,28.8043],[-81.593,28.786],[-81.6465,28.7859],[-81.6925,28.8383],[-81.7988,28.8811],[-81.9535,28.887],[-81.9542,28.9601],[-82.3113,28.9604]]]},"properties":{"GEOID":"1211","BASENAME":"11","NAME":"Congressional District 11","STATE":"12","CD119":"11"}},{"type":"Feature","geometry":{"type":"Polygon","coordinates":[[[-118.941,34.0748],[-118.9445,34.0467],[-118.8547,34.0342],[-118.8051,34.0012],[-118.745,34.0321],[-118.6036,34.039],[-118.5173,34.0253],[-118.3911,34.1124],[-118.3958,34.0911],[-118.3659,34.0971],[-118.3613,34.1427],[-118.536,34.1866],[-118.4721,34.2573],[-118.527,34.278],[-118.6335,34.2695],[-118.6325,34.2404],[-118.6678,34.2223],[-118.7154,34.2163],[-118.7032,34.1947],[-118.668,34.1992],[-118.6938,34.1686],[-118.6938,34.1511],[-118.6385,34.1576],[-118.6062,34.129],[-118.7067,34.1145],[-118.7566,34.1408],[-118.8004,34.1394],[-118.8476,34.1103],[-118.8565,34.1268],[-118.941,34.0748]]]},"properties":{"GEOID":"0632","BASENAME":"32","NAME":"Congressional District 32","STATE":"06","CD119":"32"}},{"type":"Feature","geometry":{"type":"Polygon","coordinates":[[[-80.3844,25.732],[-80.3723,25.57],[-80.316,25.5326],[-80.3015,25.6133],[-80.2659,25.6584],[-80.2291,25.7325],[-80.155,25.6655],[-80.1291,25.7462],[-80.1369,25.7652],[-80.2038,25.7891],[-80.2562,25.7944],[-80.3531,25.7816],[-80.3844,25.732]]]},"properties":{"GEOID":"1227","BASENAME":"27","NAME":"Congressional District 27","STATE":"12","CD119":"27"}},{"type":"Feature","geometry":{"type":"Polygon","coordinates":[[[-82.6482,27.3897],[-82.5397,27.2543],[-82.4527,27.0794],[-82.3143,26.8584],[-82.2805,26.7893],[-82.2056,26.7705],[-81.9313,26.7701],[-81.882,26.657],[-81.8248,26.6632],[-81.6824,26.6171],[-81.6783,26.5664],[-81.5642,26.5425],[-81.5626,27.0338],[-82.0575,27.0321],[-82.0565,27.2078],[-82.2536,27.2089],[-82.2523,27.3862],[-82.6482,27.3897]]]},"properties":{"GEOID":"1217","BASENAME":"17","NAME":"Congressional District 17","STATE":"12","CD119":"17"}},{"type":"Feature","geometry":{"type":"Polygon","coordinates":[[[-86.3263,39.924],[-86.3266,39.7198],[-86.1008,39.7161],[-85.9517,39.7264],[-85.954,39.8696],[-85.9376,39.9271],[-86.3263,39.924]]]},"properties":{"GEOID":"1807","BASENAME":"7","NAME":"Congressional District 7","STATE":"18","CD119":"07"}},{"type":"Feature","geometry":{"type":"Polygon","coordinates":[[[-111.8936,33.2911],[-111.8931,33.2047],[-111.6859,33.2046],[-111.686,33.1177],[-111.4861,33.1184],[-111.4661,33.1535],[-111.5187,33.2927],[-111.4085,33.3088],[-111.4769,33.3654],[-111.4768,33.4659],[-111.5806,33.4658],[-111.6038,33.4958],[-111.6839,33.4808],[-111.6364,33.4165],[-111.6881,33.3793],[-111.8411,33.3788],[-111.8244,33.2826],[-111.8936,33.2911]]]},"properties":{"GEOID":"0405","BASENAME":"5","NAME":"Congressional District 5","STATE":"04","CD119":"05"}},{"type":"Feature","geometry":{"type":"Polygon","coordinates":[[[-88.4716,42.495],[-88.4723,42.3705],[-88.3457,42.3277],[-88.3024,42.3714],[-88.1985,42.3432],[-88.1985,42.358],[-88.1207,42.3284],[-88.1016,42.2626],[-88.0338,42.2691],[-87.969,42.1536],[-87.962,42.1535],[-87.9319,42.111],[-87.7703,42.1234],[-87.6907,42.0831],[-87.7417,42.1282],[-87.8001,42.208],[-87.8348,42.3015],[-87.8034,42.4206],[-87.8005,42.4919],[-88.4716,42.495]]]},"properties":{"GEOID":"1710","BASENAME":"10","NAME":"Congressional District 10","STATE":"17","CD119":"10"}},{"type":"Feature","geometry":{"type":"Polygon","coordinates":[[[-73.487,40.6574],[-73.4849,40.5988],[-73.3515,40.6305],[-73.3064,40.6208],[-73.2084,40.6309],[-73.0125,40.6797],[-72.8078,40.7488],[-72.8657,40.851],[-73.12,40.8069],[-73.2297,40.8237],[-73.4386,40.7513],[-73.4303,40.7066],[-73.4842,40.7028],[-73.487,40.6574]]]},"properties":{"GEOID":"3602","BASENAME":"2","NAME":"Congressional District 2","STATE":"36","CD119":"02"}},{"type":"Feature","geometry":{"type":"Polygon","coordinates":[[[-89.7849,43.6411],[-89.7322,43.5718],[-89.5994,43.558],[-89.6007,43.3807],[-89.6776,43.3612],[-89.7205,43.2931],[-89.3631,43.2813],[-89.0091,43.2848],[-89.0061,43.4588],[-88.4503,43.4569],[-88.4455,43.5255],[-88.4899,43.5004],[-88.5213,43.5439],[-88.0405,43.5424],[-88.04,43.3679],[-88.0624,43.3673],[-88.0634,43.1921],[-87.8966,43.1921],[-87.8892,43.3077],[-87.841,43.4207],[-87.7932,43.4928],[-87.7901,43.5631],[-87.7062,43.6795],[-87.7003,43.7674],[-87.7264,43.8104],[-87.736,43.8737],[-87.6552,44.0819],[-87.6009,44.1317],[-87.5399,44.1597],[-87.5074,44.2108],[-87.5433,44.3275],[-87.8875,44.3276],[-87.8881,44.2405],[-88.0432,44.241],[-88.0421,43.9792],[-88.1512,44.0002],[-88.4035,44.0013],[-88.4041,44.2441],[-88.565,44.2437],[-88.6344,44.1553],[-88.7652,44.1695],[-88.7662,44.2434],[-89.598,44.2457],[-89.5995,43.6426],[-89.7849,43.6411]]]},"properties":{"GEOID":"5506","BASENAME":"6","NAME":"Congressional District 6","STATE":"55","CD119":"06"}},{"type":"Feature","geometry":{"type":"Polygon","coordinates":[[[-74.3,41.0031],[-74.282,40.9692],[-74.198,40.9565],[-74.197,40.8595],[-74.13,40.8199],[-74.1483,40.7799],[-74.0906,40.7488],[-74.06,40.7625],[-74.0539,40.7809],[-74.0423,40.7801],[-74.0336,40.7924],[-74.0412,40.7956],[-73.9846,40.7976],[-73.9532,40.8475],[-73.9768,40.8278],[-74.0217,40.8399],[-74.0544,40.9063],[-74.1323,40.9224],[-74.1703,40.9839],[-74.1918,40.9786],[-74.1676,41.0238],[-74.249,41.0636],[-74.2707,41.021],[-74.3,41.0031]]]},"properties":{"GEOID":"3409","BASENAME":"9","NAME":"Congressional District 9","STATE":"34","CD119":"09"}},{"type":"Feature","geometry":{"type":"Polygon","coordinates":[[[-124.0133,42.4127],[-124.0271,42.3592],[-123.8927,42.3533],[-123.7922,42.2376],[-123.8585,42.1351],[-123.822,41.9956],[-123.3476,41.9991],[-123.146,42.0092],[-123.0453,42.003],[-122.2895,42.0078],[-121.0352,41.9933],[-117.0262,41.9999],[-117.0236,43.8238],[-116.976,43.8955],[-116.9599,43.9829],[-116.9373,44.0294],[-116.9774,44.0854],[-116.8959,44.1543],[-116.9028,44.1795],[-116.9655,44.1941],[-116.972,44.2357],[-117.0594,44.2372],[-117.121,44.2776],[-117.1703,44.2589],[-117.217,44.2884],[-117.1922,44.3286],[-117.243,44.391],[-117.2151,44.4272],[-117.2259,44.4794],[-117.1672,44.5234],[-117.1429,44.5572],[-117.0623,44.7271],[-117.0138,44.7568],[-116.9318,44.7872],[-116.8653,44.8706],[-116.8336,44.929],[-116.8583,44.9788],[-116.8413,45.0309],[-116.7837,45.077],[-116.7546,45.114],[-116.6746,45.3143],[-116.4635,45.6158],[-116.5283,45.6815],[-116.5357,45.7342],[-116.593,45.7785],[-116.6653,45.782],[-116.7363,45.8262],[-116.7875,45.8402],[-116.8598,45.9073],[-116.916,45.9954],[-118.9871,45.9999],[-119.1261,45.9329],[-119.2572,45.9399],[-119.4878,45.9063],[-119.5716,45.9255],[-119.6005,45.9196],[-119.6699,45.8569],[-119.8027,45.8475],[-119.9657,45.8244],[-120.0702,45.7852],[-120.1414,45.7732],[-120.2108,45.726],[-120.2822,45.7213],[-120.404,45.6992],[-120.5059,45.7],[-120.5912,45.7465],[-120.635,45.7458],[-120.6894,45.7158],[-120.8557,45.6715],[-120.8956,45.6429],[-120.944,45.6564],[-121.0849,45.6479],[-121.1222,45.6161],[-121.1838,45.6064],[-121.2158,45.6712],[-121.3378,45.7049],[-121.4236,45.694],[-121.4407,45.6991],[-121.4822,45.5196],[-121.4819,45.2581],[-121.6965,45.2579],[-121.6984,45.2264],[-121.7482,45.2051],[-121.7314,45.1706],[-121.7477,45.1666],[-121.7429,45.1492],[-121.7232,45.137],[-121.741,45.0344],[-121.8049,45.0124],[-121.7653,44.8857],[-121.7759,44.8198],[-121.82,44.8006],[-121.7996,44.6839],[-121.7939,44.5941],[-121.8455,44.4247],[-121.7135,44.4295],[-121.6749,44.3934],[-121.1075,44.3906],[-121.1028,44.1692],[-121.1737,44.1596],[-121.2536,44.0875],[-121.2437,44.0078],[-121.3477,43.9623],[-121.35,43.9142],[-121.4289,43.8195],[-121.4521,43.8631],[-121.6002,43.826],[-121.7275,43.8361],[-121.9128,43.7947],[-121.9645,43.8082],[-121.9863,43.6617],[-121.9649,43.627],[-122.131,43.5573],[-122.132,43.4402],[-122.7417,43.4374],[-122.7419,43.5176],[-122.8933,43.5174],[-122.9493,43.4327],[-123.0187,43.3744],[-122.9588,43.285],[-123.0753,43.2661],[-123.1699,43.2064],[-123.2847,43.2073],[-123.3648,43.181],[-123.3758,43.0921],[-123.4985,43.1162],[-123.6505,43.0645],[-123.7703,42.9661],[-123.8211,42.9653],[-123.8204,42.8241],[-123.8116,42.7888],[-123.7833,42.7994],[-123.7165,42.7841],[-123.8313,42.6323],[-123.8907,42.5005],[-124.0115,42.4896],[-124.0022,42.484],[-124.0014,42.454],[-124.0148,42.4342],[-124.0088,42.4206],[-124.0133,42.4127]]]},"properties":{"GEOID":"4102","BASENAME":"2","NAME":"Congressional District 2","STATE":"41","CD119":"02"}},{"type":"Feature","geometry":{"type":"Polygon","coordinates":[[[-76.1025,39.724],[-76.1357,39.7218],[-75.7738,39.7222],[-75.7532,39.758],[-75.7171,39.7923],[-75.6628,39.8214],[-75.5943,39.8346],[-75.5976,39.8742],[-75.3611,40.0655],[-75.5259,40.1486],[-75.5993,40.2377],[-75.6968,40.2419],[-75.8311,40.2931],[-75.8201,40.3615],[-75.9912,40.3687],[-76.0918,40.2777],[-75.8734,40.1371],[-75.943,40.1093],[-75.9359,40.0375],[-75.9946,39.9524],[-75.9916,39.8687],[-76.1025,39.724]]]},"properties":{"GEOID":"4206","BASENAME":"6","NAME":"Congressional District 6","STATE":"42","CD119":"06"}},{"type":"Feature","geometry":{"type":"Polygon","coordinates":[[[-93.7675,44.9776],[-93.7684,44.8909],[-93.5207,44.8915],[-93.5202,44.805],[-93.4382,44.8131],[-93.3296,44.7911],[-93.2519,44.8115],[-93.1979,44.862],[-93.3188,44.862],[-93.4006,44.9351],[-93.4007,45.0657],[-93.2808,45.0717],[-93.2961,45.1217],[-93.2658,45.1246],[-93.2659,45.2115],[-93.5217,45.2466],[-93.6588,45.1941],[-93.6299,45.1742],[-93.6304,45.1526],[-93.6355,45.1453],[-93.6764,45.1451],[-93.6763,45.151],[-93.7619,45.0812],[-93.7675,44.9776]]]},"properties":{"GEOID":"2703","BASENAME":"3","NAME":"Congressional District 3","STATE":"27","CD119":"03"}},{"type":"Feature","geometry":{"type":"Polygon","coordinates":[[[-106.6234,31.914],[-106.6359,31.8715],[-106.5813,31.8139],[-106.4846,31.7478],[-106.4676,31.7596],[-106.4179,31.752],[-106.3701,31.7107],[-106.3399,31.6698],[-106.2643,31.624],[-106.1627,31.5966],[-106.1981,31.6093],[-106.1645,31.6974],[-106.1988,31.7118],[-106.2001,31.8156],[-106.3217,31.8359],[-106.4214,31.8276],[-106.3706,31.9272],[-106.4079,31.943],[-106.4959,31.9124],[-106.514,32.0008],[-106.6185,32.0005],[-106.6301,31.9713],[-106.6234,31.914]]]},"properties":{"GEOID":"4816","BASENAME":"16","NAME":"Congressional District 16","STATE":"48","CD119":"16"}},{"type":"Feature","geometry":{"type":"Polygon","coordinates":[[[-122.3337,37.8098],[-122.313,37.7772],[-122.2525,37.7551],[-122.2498,37.7264],[-122.1628,37.6673],[-122.1148,37.7419],[-122.1779,37.8163],[-122.1851,37.8374],[-122.2259,37.8796],[-122.2711,37.9058],[-122.3287,37.8938],[-122.3039,37.8301],[-122.3337,37.8098]]]},"properties":{"GEOID":"0612","BASENAME":"12","NAME":"Congressional District 12","STATE":"06","CD119":"12"}},{"type":"Feature","geometry":{"type":"Polygon","coordinates":[[[-86.3481,43.2449],[-86.2546,43.0834],[-86.2263,42.9883],[-86.2143,42.8849],[-86.2193,42.943],[-85.9034,42.9433],[-85.7822,42.9113],[-85.7825,42.7682],[-85.5456,42.7681],[-85.5458,42.8545],[-85.429,42.8563],[-85.4312,43.118],[-85.9074,43.1189],[-85.9084,43.2059],[-86.1449,43.2052],[-86.2046,43.272],[-86.3481,43.2449]]]},"properties":{"GEOID":"2603","BASENAME":"3","NAME":"Congressional District 3","STATE":"26","CD119":"03"}},{"type":"Feature","geometry":{"type":"Polygon","coordinates":[[[-83.5656,42.6914],[-83.5552,42.4932],[-83.4903,42.4952],[-83.4376,42.5271],[-83.4337,42.4389],[-83.3168,42.442],[-83.3208,42.5288],[-83.2044,42.5319],[-83.2005,42.4448],[-83.0834,42.4472],[-83.0914,42.6242],[-83.2092,42.621],[-83.214,42.7095],[-83.5656,42.6914]]]},"properties":{"GEOID":"2611","BASENAME":"11","NAME":"Congressional District 11","STATE":"26","CD119":"11"}},{"type":"Feature","geometry":{"type":"Polygon","coordinates":[[[-87.5921,30.9515],[-87.6349,30.8659],[-87.5423,30.7675],[-87.5236,30.7383],[-87.4423,30.6927],[-87.4002,30.6572],[-87.4012,30.6044],[-87.4314,30.5503],[-87.4447,30.5075],[-87.4147,30.4573],[-87.3666,30.4366],[-87.4318,30.4032],[-87.4523,30.3441],[-87.5183,30.2804],[-87.3195,30.3178],[-87.2678,30.3155],[-87.1554,30.3277],[-86.8506,30.381],[-86.633,30.3963],[-86.4121,30.3803],[-86.1797,30.3307],[-86.1785,30.3791],[-86.0883,30.5304],[-86.1143,30.6509],[-86.1673,30.7314],[-86.1351,30.7461],[-86.1156,30.8546],[-86.1327,30.994],[-87.5989,30.9974],[-87.5921,30.9515]]]},"properties":{"GEOID":"1201","BASENAME":"1","NAME":"Congressional District 1","STATE":"12","CD119":"01"}},{"type":"Feature","geometry":{"type":"Polygon","coordinates":[[[-89.0136,42.8476],[-88.4241,42.8426],[-88.426,42.7562],[-88.3079,42.7616],[-88.3064,42.8421],[-88.0699,42.8433],[-88.0693,42.9524],[-88.0113,42.9551],[-87.9494,42.9304],[-87.9533,42.9807],[-88.0377,42.9736],[-88.067,43.0309],[-88.0624,43.3673],[-88.04,43.3679],[-88.0405,43.5424],[-88.5213,43.5439],[-88.4899,43.5004],[-88.4455,43.5255],[-88.4503,43.4569],[-89.0061,43.4588],[-89.0136,42.8476]]]},"properties":{"GEOID":"5505","BASENAME":"5","NAME":"Congressional District 5","STATE":"55","CD119":"05"}},{"type":"Feature","geometry":{"type":"Polygon","coordinates":[[[-74.0473,40.6905],[-74.0677,40.6704],[-74.0368,40.6384],[-73.9972,40.6253],[-73.9641,40.6794],[-73.9774,40.6869],[-73.9792,40.7058],[-73.9626,40.7227],[-74.0195,40.7453],[-74.0473,40.6905]]]},"properties":{"GEOID":"3610","BASENAME":"10","NAME":"Congressional District 10","STATE":"36","CD119":"10"}},{"type":"Feature","geometry":{"type":"Polygon","coordinates":[[[-78.6142,36.3123],[-78.6053,36.2926],[-78.5813,36.2975],[-78.5719,36.2734],[-78.5092,36.2657],[-78.5084,36.189],[-78.4966,36.1752],[-78.4219,36.1643],[-78.3781,36.2351],[-78.307,36.2662],[-78.1334,36.2464],[-78.1083,36.2099],[-78.0066,36.2026],[-78.256,35.8181],[-78.2329,35.7514],[-78.1921,35.7305],[-78.1255,35.6031],[-78.0648,35.5853],[-78.1549,35.4178],[-78.1532,35.3507],[-78.3066,35.2876],[-78.2462,35.226],[-78.1735,35.2073],[-78.1634,35.1897],[-78.0445,35.1925],[-77.8922,35.1463],[-77.8342,35.1778],[-77.7692,35.1456],[-77.7496,35.1086],[-77.731,35.0081],[-77.6013,35.0714],[-77.5075,35.1728],[-77.5272,35.243],[-77.4737,35.229],[-77.4313,35.3298],[-77.391,35.3395],[-77.4264,35.3498],[-77.4755,35.4267],[-77.5034,35.518],[-77.6104,35.5676],[-77.7007,35.6523],[-77.3902,35.8331],[-77.2552,35.7864],[-77.174,35.7328],[-76.9858,35.6588],[-76.8473,35.72],[-76.8443,35.7057],[-76.2692,35.6908],[-76.2858,35.6045],[-76.2139,35.5982],[-76.1447,35.7025],[-76.0275,35.6688],[-76.0083,35.8958],[-75.9732,35.9766],[-75.7663,36.057],[-75.7707,36.2321],[-75.7964,36.2904],[-75.867,36.5508],[-78.4573,36.5414],[-78.4978,36.5145],[-78.5104,36.376],[-78.541,36.3762],[-78.5561,36.3524],[-78.5908,36.3617],[-78.59,36.3446],[-78.6142,36.3123]]]},"properties":{"GEOID":"3701","BASENAME":"1","NAME":"Congressional District 1","STATE":"37","CD119":"01"}},{"type":"Feature","geometry":{"type":"Polygon","coordinates":[[[-117.5502,34.0335],[-117.5489,33.9572],[-117.514,33.9548],[-117.4937,33.8866],[-117.3845,33.8871],[-117.3139,33.8297],[-117.3099,33.7131],[-117.2233,33.7141],[-117.1847,33.7357],[-117.1356,33.8405],[-117.2039,33.8591],[-117.1746,33.8925],[-117.0883,33.9041],[-117.1476,33.9611],[-117.2178,33.9613],[-117.2254,34.0053],[-117.2961,34.0183],[-117.3754,34.0194],[-117.4015,34.034],[-117.5502,34.0335]]]},"properties":{"GEOID":"0639","BASENAME":"39","NAME":"Congressional District 39","STATE":"06","CD119":"39"}},{"type":"Feature","geometry":{"type":"Polygon","coordinates":[[[-97.0626,32.7061],[-97.0527,32.5488],[-96.5294,32.5453],[-96.6222,32.6177],[-96.5753,32.7033],[-96.6305,32.6904],[-96.68,32.7634],[-96.7861,32.8221],[-96.8147,32.8198],[-96.8541,32.8601],[-96.8733,32.815],[-96.8103,32.7588],[-96.8146,32.7075],[-97.036,32.7111],[-97.0363,32.6932],[-97.0626,32.7061]]]},"properties":{"GEOID":"4830","BASENAME":"30","NAME":"Congressional District 30","STATE":"48","CD119":"30"}},{"type":"Feature","geometry":{"type":"Polygon","coordinates":[[[-73.8276,40.8039],[-73.8262,40.7799],[-73.7807,40.7666],[-73.7567,40.7262],[-73.7303,40.7222],[-73.5532,40.7559],[-73.4842,40.7028],[-73.4303,40.7066],[-73.4516,40.8197],[-73.3827,40.8519],[-73.4296,40.9382],[-73.4854,40.9464],[-73.4999,40.9182],[-73.6176,40.8979],[-73.6544,40.8782],[-73.7137,40.8701],[-73.7412,40.8759],[-73.779,40.8117],[-73.8276,40.8039]]]},"properties":{"GEOID":"3603","BASENAME":"3","NAME":"Congressional District 3","STATE":"36","CD119":"03"}},{"type":"Feature","geometry":{"type":"Polygon","coordinates":[[[-117.0361,33.7511],[-117.1195,33.6926],[-116.9975,33.7008],[-116.9238,33.7296],[-116.8019,33.7317],[-116.7505,33.8281],[-116.8039,33.857],[-116.7199,33.8862],[-116.7287,33.9166],[-116.6325,33.9219],[-116.5836,33.8751],[-116.577,33.9322],[-116.4936,33.8712],[-116.4757,33.7562],[-116.4233,33.826],[-116.2674,33.7365],[-116.2687,33.6854],[-116.2247,33.6165],[-116.3215,33.6126],[-116.3215,33.642],[-116.3992,33.642],[-116.4275,33.5854],[-116.5179,33.571],[-116.5703,33.5975],[-116.6181,33.5404],[-116.788,33.5405],[-116.8187,33.4844],[-116.6311,33.4969],[-116.623,33.4273],[-116.0849,33.4259],[-116.1033,33.0748],[-116.1062,32.6186],[-114.7196,32.7188],[-114.7057,32.7416],[-114.6675,32.7342],[-114.5707,32.7474],[-114.469,32.8452],[-114.4631,32.9019],[-114.4766,32.9236],[-114.4813,32.9721],[-114.5113,33.0235],[-114.5752,33.0365],[-114.6283,33.0311],[-114.6708,33.038],[-114.7062,33.1053],[-114.6794,33.1595],[-114.6745,33.2556],[-114.7233,33.2881],[-114.708,33.3234],[-114.7073,33.3766],[-114.7253,33.405],[-114.6352,33.4227],[-114.5973,33.4907],[-114.5246,33.5522],[-114.5252,33.6616],[-114.4966,33.7192],[-114.5205,33.8278],[-114.5056,33.8643],[-114.5087,33.9006],[-114.535,33.9285],[-114.4548,34.011],[-114.4355,34.0426],[-114.428,34.0928],[-114.4059,34.1115],[-114.2928,34.1667],[-114.2297,34.1869],[-114.1781,34.24],[-114.1391,34.2595],[-114.1409,34.3059],[-114.1728,34.345],[-114.3354,34.45],[-114.3789,34.4504],[-114.3782,34.5165],[-114.4224,34.5807],[-114.4652,34.6912],[-114.6344,34.8729],[-114.6335,35.0019],[-114.9482,35.2552],[-114.9778,35.0425],[-114.9846,34.914],[-115.0627,34.9191],[-115.051,34.83],[-114.9893,34.8372],[-115.0109,34.7392],[-115.0017,34.6914],[-115.1803,34.6692],[-115.1181,34.5912],[-115.1599,34.5443],[-115.0847,34.5287],[-115.0559,34.4909],[-115.1361,34.0797],[-115.3161,34.0778],[-115.3162,34.0341],[-116.9296,34.0341],[-116.9379,33.9617],[-117.0715,33.9643],[-116.9728,33.9186],[-116.9984,33.8493],[-117.0605,33.8373],[-117.0361,33.7511]]]},"properties":{"GEOID":"0625","BASENAME":"25","NAME":"Congressional District 25","STATE":"06","CD119":"25"}},{"type":"Feature","geometry":{"type":"Polygon","coordinates":[[[-79.3501,35.8439],[-79.3702,35.7809],[-79.2872,35.77],[-79.2377,35.7221],[-79.2517,35.6542],[-79.0785,35.6837],[-79.1071,35.7315],[-79.0284,35.7376],[-78.9088,35.8475],[-78.995,35.6102],[-78.7765,35.5405],[-78.824,35.6548],[-78.752,35.7191],[-78.83,35.7679],[-78.8284,35.8709],[-78.8048,35.9276],[-78.717,35.9613],[-78.6998,36.0114],[-78.7536,36.0314],[-78.7513,36.0708],[-78.8076,36.0877],[-78.8023,36.2358],[-79.258,36.2434],[-79.2682,35.9092],[-79.2373,35.8443],[-79.3501,35.8439]]]},"properties":{"GEOID":"3704","BASENAME":"4","NAME":"Congressional District 4","STATE":"37","CD119":"04"}},{"type":"Feature","geometry":{"type":"Polygon","coordinates":[[[-83.0638,40.1383],[-83.09,40.0134],[-82.9669,39.9045],[-82.7825,39.9397],[-82.7618,40.1259],[-83.0638,40.1383]]]},"properties":{"GEOID":"3903","BASENAME":"3","NAME":"Congressional District 3","STATE":"39","CD119":"03"}},{"type":"Feature","geometry":{"type":"Polygon","coordinates":[[[-90.3007,35.0288],[-90.3093,34.9957],[-89.7066,34.9942],[-89.8592,35.1003],[-89.9313,35.1176],[-89.8785,35.1504],[-89.7623,35.103],[-89.6799,35.1152],[-89.6812,35.2106],[-89.8807,35.2051],[-89.7608,35.2813],[-89.8544,35.2764],[-89.8276,35.3362],[-89.8554,35.391],[-89.6599,35.547],[-89.6096,35.6371],[-89.6229,35.6523],[-89.7952,35.6353],[-89.9097,35.538],[-89.9448,35.5603],[-89.9585,35.5417],[-90.0376,35.5503],[-90.0458,35.4965],[-90.0221,35.4574],[-90.0453,35.4154],[-90.0705,35.4233],[-90.1125,35.4102],[-90.0879,35.3633],[-90.1219,35.3045],[-90.1666,35.2746],[-90.0979,35.25],[-90.0933,35.2033],[-90.0998,35.1645],[-90.0906,35.1183],[-90.1601,35.1288],[-90.1971,35.0507],[-90.3007,35.0288]]]},"properties":{"GEOID":"4709","BASENAME":"9","NAME":"Congressional District 9","STATE":"47","CD119":"09"}},{"type":"Feature","geometry":{"type":"Polygon","coordinates":[[[-83.4274,42.2875],[-83.4232,42.1794],[-83.1544,42.1854],[-83.1255,42.2008],[-83.0965,42.2901],[-82.924,42.3521],[-82.8703,42.451],[-83.1509,42.446],[-83.1425,42.2946],[-83.3481,42.2675],[-83.4274,42.2875]]]},"properties":{"GEOID":"2613","BASENAME":"13","NAME":"Congressional District 13","STATE":"26","CD119":"13"}},{"type":"Feature","geometry":{"type":"Polygon","coordinates":[[[-83.4337,42.4389],[-83.4274,42.2875],[-83.3481,42.2675],[-83.1425,42.2946],[-83.1509,42.446],[-83.2005,42.4448],[-83.2044,42.5319],[-83.3208,42.5288],[-83.3168,42.442],[-83.4337,42.4389]]]},"properties":{"GEOID":"2612","BASENAME":"12","NAME":"Congressional District 12","STATE":"26","CD119":"12"}},{"type":"Feature","geometry":{"type":"Polygon","coordinates":[[[-112.1146,33.6999],[-112.0996,33.5314],[-111.9785,33.4657],[-111.9814,33.4511],[-111.8562,33.4367],[-111.684,33.4999],[-111.6839,33.4808],[-111.6038,33.4958],[-111.5806,33.4658],[-111.04,33.466],[-111.1534,33.6776],[-111.2221,33.6024],[-111.2628,33.6232],[-111.3894,33.7767],[-111.3723,33.8239],[-111.4509,33.9199],[-111.4333,33.9833],[-111.495,34.0],[-111.7263,34.0],[-111.9962,34.0299],[-111.9954,33.7477],[-112.0257,33.6994],[-112.1146,33.6999]]]},"properties":{"GEOID":"0401","BASENAME":"1","NAME":"Congressional District 1","STATE":"04","CD119":"01"}},{"type":"Feature","geometry":{"type":"Polygon","coordinates":[[[-122.5007,37.7081],[-122.4968,37.6656],[-122.2639,37.4481],[-122.1868,37.4768],[-122.1449,37.4582],[-122.0815,37.4778],[-122.1292,37.5213],[-122.1684,37.5041],[-122.2444,37.5581],[-122.3602,37.5925],[-122.3898,37.7083],[-122.4063,37.7353],[-122.4681,37.7217],[-122.469,37.7082],[-122.5007,37.7081]]]},"properties":{"GEOID":"0615","BASENAME":"15","NAME":"Congressional District 15","STATE":"06","CD119":"15"}},{"type":"Feature","geometry":{"type":"Polygon","coordinates":[[[-87.9204,41.9068],[-87.9562,41.7886],[-87.9167,41.7802],[-87.7625,41.8001],[-87.7239,41.7348],[-87.693,41.7645],[-87.6442,41.86],[-87.8042,41.865],[-87.919,41.8331],[-87.9206,41.8827],[-87.8405,41.8885],[-87.8255,41.911],[-87.8494,41.9371],[-87.9202,41.9431],[-87.9204,41.9068]]]},"properties":{"GEOID":"1704","BASENAME":"4","NAME":"Congressional District 4","STATE":"17","CD119":"04"}},{"type":"Feature","geometry":{"type":"Polygon","coordinates":[[[-80.2788,25.971],[-80.2919,25.8963],[-80.2486,25.8149],[-80.2038,25.7891],[-80.1369,25.7652],[-80.1291,25.7462],[-80.11,25.8183],[-80.115,25.9753],[-80.1657,25.9738],[-80.1655,25.9962],[-80.2792,25.9938],[-80.2788,25.971]]]},"properties":{"GEOID":"1224","BASENAME":"24","NAME":"Congressional District 24","STATE":"12","CD119":"24"}},{"type":"Feature","geometry":{"type":"Polygon","coordinates":[[[-115.207,35.8973],[-115.2073,35.5903],[-114.656,35.588],[-114.6534,35.6108],[-114.6894,35.6514],[-114.7037,35.8146],[-114.6697,35.8651],[-114.7312,35.9439],[-114.7428,36.01],[-114.7433,36.0659],[-114.8733,36.1321],[-114.9754,36.0898],[-114.9905,36.202],[-115.0299,36.2183],[-115.1775,36.1371],[-115.1723,36.0711],[-115.0776,36.0856],[-115.1189,36.0034],[-115.1816,35.9619],[-115.207,35.8973]]]},"properties":{"GEOID":"3201","BASENAME":"1","NAME":"Congressional District 1","STATE":"32","CD119":"01"}},{"type":"Feature","geometry":{"type":"Polygon","coordinates":[[[-80.8856,26.9589],[-80.8729,25.9794],[-80.68,25.9787],[-80.68,25.9569],[-80.4394,25.9569],[-80.4471,26.1461],[-80.3463,26.1231],[-80.314,26.1606],[-80.1685,26.1068],[-80.1447,26.1278],[-80.1607,26.1645],[-80.0988,26.3228],[-80.117,26.3278],[-80.1515,26.2436],[-80.2975,26.2295],[-80.297,26.3344],[-80.2498,26.3415],[-80.2369,26.3837],[-80.2333,26.5425],[-80.3638,26.6846],[-80.0358,26.676],[-80.0322,26.7686],[-80.0434,26.8045],[-80.0918,26.7702],[-80.1316,26.7957],[-80.1004,26.7067],[-80.2009,26.7093],[-80.2158,26.7357],[-80.308,26.7377],[-80.3633,26.7104],[-80.4116,26.7947],[-80.564,26.9288],[-80.5802,26.9579],[-80.8856,26.9589]]]},"properties":{"GEOID":"1220","BASENAME":"20","NAME":"Congressional District 20","STATE":"12","CD119":"20"}},{"type":"Feature","geometry":{"type":"Polygon","coordinates":[[[-122.1172,37.5067],[-122.0597,37.4641],[-122.0358,37.4265],[-122.0686,37.2792],[-121.9402,37.3174],[-121.7794,37.4164],[-121.8558,37.4845],[-121.8701,37.4807],[-122.0385,37.5637],[-122.1172,37.5067]]]},"properties":{"GEOID":"0617","BASENAME":"17","NAME":"Congressional District 17","STATE":"06","CD119":"17"}},{"type":"Feature","geometry":{"type":"Polygon","coordinates":[[[-121.8616,38.0699],[-121.8157,38.021],[-121.7517,38.0243],[-121.6731,38.0935],[-121.58,38.0944],[-121.4757,38.2581],[-121.344,38.2283],[-121.1731,38.2552],[-121.0271,38.3003],[-121.0275,38.5083],[-121.0414,38.5407],[-121.1014,38.5188],[-121.1019,38.4976],[-121.3863,38.5431],[-121.5087,38.5968],[-121.5831,38.602],[-121.5829,38.4468],[-121.5228,38.3614],[-121.5605,38.343],[-121.6397,38.2694],[-121.6567,38.1831],[-121.7121,38.0855],[-121.8616,38.0699]]]},"properties":{"GEOID":"0607","BASENAME":"7","NAME":"Congressional District 7","STATE":"06","CD119":"07"}},{"type":"Feature","geometry":{"type":"Polygon","coordinates":[[[-119.9435,36.834],[-119.97,36.735],[-119.9075,36.6628],[-119.9524,36.648],[-119.7728,36.6196],[-119.773,36.5474],[-119.6917,36.5471],[-119.683,36.4893],[-119.5272,36.4889],[-119.5288,36.4015],[-119.4751,36.3709],[-119.4484,36.3277],[-119.3946,36.3422],[-119.296,36.3199],[-119.2248,36.3272],[-119.2331,36.269],[-119.1452,36.2682],[-119.0712,36.3131],[-118.9923,36.3174],[-119.0289,36.4284],[-119.1258,36.45],[-119.1398,36.4138],[-119.1859,36.5055],[-119.2463,36.5121],[-119.1748,36.6589],[-119.3046,36.6606],[-119.3888,36.7089],[-119.511,36.7014],[-119.5831,36.7357],[-119.6638,36.6781],[-119.6639,36.7503],[-119.7723,36.823],[-119.8321,36.8044],[-119.9061,36.8502],[-119.9435,36.834]]]},"properties":{"GEOID":"0621","BASENAME":"21","NAME":"Congressional District 21","STATE":"06","CD119":"21"}},{"type":"Feature","geometry":{"type":"Polygon","coordinates":[[[-73.1272,42.0421],[-73.2018,41.79],[-72.949,41.8064],[-72.9406,41.8952],[-72.9059,41.9217],[-72.7682,41.9177],[-72.795,41.7475],[-72.7504,41.6502],[-72.8834,41.6495],[-72.8983,41.7232],[-72.9985,41.7125],[-72.9831,41.6395],[-72.9385,41.6443],[-72.9463,41.5568],[-72.8531,41.5464],[-72.8485,41.5673],[-72.7522,41.5789],[-72.7489,41.5443],[-72.6095,41.5629],[-72.5608,41.554],[-72.5293,41.6174],[-72.5442,41.6427],[-72.6278,41.6402],[-72.5411,41.6839],[-72.6136,41.7282],[-72.4639,41.7456],[-72.5075,41.8097],[-72.5133,41.9454],[-72.7162,41.9498],[-72.7748,42.0021],[-72.8101,41.9983],[-72.8471,42.0369],[-73.1272,42.0421]]]},"properties":{"GEOID":"0901","BASENAME":"1","NAME":"Congressional District 1","STATE":"09","CD119":"01"}},{"type":"Feature","geometry":{"type":"MultiPolygon","coordinates":[[[[-84.8061,41.6961],[-84.8036,41.2526],[-84.4572,41.2535],[-84.4571,41.2094],[-84.3416,41.209],[-84.3416,41.1655],[-84.2282,41.1659],[-84.2285,41.4278],[-84.3417,41.4276],[-84.3419,41.4855],[-83.8829,41.4875],[-83.8832,41.4145],[-83.8543,41.4145],[-83.7285,41.486],[-83.6955,41.5218],[-83.6469,41.4779],[-83.4146,41.515],[-83.4198,41.254],[-82.8401,41.2553],[-82.8415,41.29],[-82.3423,41.2842],[-82.348,41.4273],[-82.4606,41.3863],[-82.5332,41.3912],[-82.617,41.4284],[-82.6879,41.4923],[-82.7179,41.5419],[-82.8341,41.5876],[-82.8595,41.5764],[-82.9344,41.5144],[-83.0281,41.5557],[-83.0666,41.5953],[-83.2317,41.6442],[-83.3268,41.7016],[-83.4095,41.6912],[-83.4538,41.7326],[-84.8061,41.6961]]],[[[-82.8633,41.6937],[-82.8421,41.6283],[-82.7889,41.643],[-82.7827,41.694],[-82.8257,41.7228],[-82.8633,41.6937]]]]},"properties":{"GEOID":"3909","BASENAME":"9","NAME":"Congressional District 9","STATE":"39","CD119":"09"}},{"type":"Feature","geometry":{"type":"Polygon","coordinates":[[[-94.5061,45.5859],[-94.5055,45.4995],[-94.3845,45.5004],[-94.3838,45.4279],[-94.2203,45.4068],[-94.2615,45.2977],[-94.2561,44.9795],[-94.0122,44.9787],[-94.0105,44.7175],[-93.8886,44.717],[-93.8888,44.6734],[-93.7682,44.6735],[-93.768,44.6404],[-93.6291,44.6984],[-93.58,44.7936],[-93.5202,44.805],[-93.5207,44.8915],[-93.7684,44.8909],[-93.7619,45.0812],[-93.6763,45.151],[-93.6764,45.1451],[-93.6355,45.1453],[-93.6299,45.1742],[-93.6588,45.1941],[-93.5122,45.2457],[-93.2659,45.2115],[-93.2658,45.1246],[-93.0205,45.1239],[-93.0196,45.4118],[-93.5101,45.4148],[-93.5107,45.5588],[-93.7595,45.5596],[-93.7639,45.8221],[-94.3531,45.822],[-94.2718,45.7752],[-94.203,45.6782],[-94.1898,45.6735],[-94.2638,45.6738],[-94.317,45.5901],[-94.5061,45.5859]]]},"properties":{"GEOID":"2706","BASENAME":"6","NAME":"Congressional District 6","STATE":"27","CD119":"06"}},{"type":"Feature","geometry":{"type":"Polygon","coordinates":[[[-119.9592,36.401],[-119.9589,36.2555],[-119.7267,36.2402],[-119.7269,36.3317],[-119.6385,36.3719],[-119.6036,36.328],[-119.4754,36.3277],[-119.4746,36.269],[-119.3848,36.2982],[-119.3491,36.2076],[-119.2334,36.2108],[-119.2329,36.1673],[-119.117,36.1672],[-119.1185,36.2244],[-119.0656,36.2255],[-119.0007,36.1672],[-119.0087,36.0852],[-118.899,36.0475],[-118.9181,35.9849],[-118.9197,35.6165],[-118.8884,35.6107],[-118.8738,35.45],[-118.9202,35.4416],[-118.8964,35.3617],[-118.7527,35.2924],[-118.7526,35.2094],[-118.8063,35.2092],[-118.8508,35.151],[-118.8466,35.0454],[-118.9361,35.0161],[-118.9558,35.0191],[-119.039,35.2669],[-119.0921,35.2671],[-119.0571,35.3639],[-119.0188,35.3685],[-119.029,35.4605],[-119.0804,35.4413],[-119.2518,35.4417],[-119.2522,35.3496],[-119.4263,35.3402],[-119.4742,35.3635],[-119.6052,35.3401],[-119.8092,35.3454],[-119.8094,35.2637],[-119.6666,35.2626],[-119.6673,35.175],[-119.5538,35.1801],[-119.5618,35.0878],[-119.4726,35.0767],[-119.4725,34.9014],[-119.2764,34.8725],[-119.2425,34.8143],[-118.9779,34.8117],[-118.8804,34.7887],[-118.8946,34.818],[-117.6322,34.8223],[-117.6322,34.9909],[-117.9523,35.0148],[-118.0425,35.0147],[-118.0628,35.0713],[-118.1576,35.0765],[-118.2567,35.0532],[-118.2724,35.1044],[-118.2019,35.1179],[-118.0737,35.2193],[-118.0138,35.2933],[-117.8691,35.3762],[-117.784,35.411],[-117.6337,35.4393],[-117.6343,35.6516],[-117.6521,35.7099],[-117.6343,35.7973],[-117.9244,35.7984],[-118.0081,35.7889],[-118.0055,35.8627],[-117.9808,35.8675],[-118.0036,35.9837],[-118.0336,36.0089],[-118.1271,36.2797],[-118.1003,36.3461],[-118.2148,36.435],[-118.239,36.5236],[-118.2905,36.5585],[-118.2746,36.5973],[-118.3663,36.6916],[-118.3606,36.7448],[-118.9824,36.7416],[-119.0144,36.6574],[-119.0581,36.7487],[-119.0201,36.7803],[-119.059,36.8367],[-119.1262,36.8644],[-119.1219,36.9034],[-119.1697,36.9116],[-119.2678,36.9917],[-119.3018,36.9571],[-119.4075,36.9917],[-119.4667,36.9653],[-119.4971,37.0961],[-119.5494,37.094],[-119.7405,36.9702],[-119.7303,36.9387],[-119.7296,36.8376],[-119.7723,36.823],[-119.6639,36.7503],[-119.6638,36.6781],[-119.5831,36.7357],[-119.511,36.7014],[-119.3888,36.7089],[-119.3046,36.6606],[-119.1748,36.6589],[-119.2463,36.5121],[-119.1859,36.5055],[-119.1398,36.4138],[-119.1258,36.45],[-119.0289,36.4284],[-118.9923,36.3174],[-119.0712,36.3131],[-119.1452,36.2682],[-119.2331,36.269],[-119.2248,36.3272],[-119.296,36.3199],[-119.3946,36.3422],[-119.4484,36.3277],[-119.4751,36.3709],[-119.5288,36.4015],[-119.5272,36.4889],[-119.5732,36.4888],[-119.6663,36.419],[-119.7542,36.402],[-119.9592,36.401]]]},"properties":{"GEOID":"0620","BASENAME":"20","NAME":"Congressional District 20","STATE":"06","CD119":"20"}},{"type":"Feature","geometry":{"type":"Polygon","coordinates":[[[-81.0677,28.6127],[-81.0953,28.5487],[-81.0613,28.4521],[-80.9791,28.4527],[-80.9374,28.3895],[-80.8728,28.3696],[-80.8629,28.3475],[-80.8689,27.8225],[-80.8812,27.8092],[-80.8731,27.6423],[-80.778,27.6432],[-80.7772,27.5587],[-80.3167,27.5573],[-80.3837,27.74],[-80.5477,28.0488],[-80.59,28.178],[-80.6042,28.2577],[-80.6069,28.3365],[-80.5878,28.4109],[-80.5251,28.4595],[-80.5839,28.5977],[-80.7275,28.7912],[-80.9679,28.7902],[-80.9872,28.613],[-81.0677,28.6127]]]},"properties":{"GEOID":"1208","BASENAME":"8","NAME":"Congressional District 8","STATE":"12","CD119":"08"}},{"type":"Feature","geometry":{"type":"Polygon","coordinates":[[[-99.6298,32.4366],[-99.6314,32.0813],[-98.9244,32.078],[-98.6684,31.7005],[-98.4928,31.7236],[-98.4637,31.684],[-98.1566,31.8417],[-98.2084,31.9175],[-97.6422,32.2013],[-97.6151,32.2035],[-97.5143,32.1338],[-97.4661,32.1839],[-97.2705,32.2268],[-97.2999,32.4531],[-97.2408,32.4734],[-97.2328,32.5515],[-97.177,32.5506],[-97.0751,32.6412],[-97.1233,32.7212],[-97.0352,32.7597],[-97.0349,32.7799],[-97.1098,32.7908],[-97.2367,32.6976],[-97.3091,32.6028],[-97.3526,32.6673],[-97.37,32.6244],[-97.3646,32.5534],[-97.5506,32.5554],[-97.5482,32.7761],[-97.6807,32.7857],[-97.6754,32.7055],[-97.5923,32.7006],[-97.5784,32.6104],[-97.7811,32.7154],[-97.8499,32.7282],[-97.9963,32.6888],[-98.0644,32.6372],[-98.0561,33.0033],[-97.9216,33.0013],[-97.9182,33.4339],[-97.979,33.4337],[-97.9789,33.4671],[-98.4214,33.4668],[-98.4207,33.3962],[-98.9539,33.3975],[-98.9509,32.9569],[-99.096,32.957],[-99.096,32.5148],[-99.3971,32.5151],[-99.4548,32.4073],[-99.6298,32.4366]]]},"properties":{"GEOID":"4825","BASENAME":"25","NAME":"Congressional District 25","STATE":"48","CD119":"25"}},{"type":"Feature","geometry":{"type":"Polygon","coordinates":[[[-96.9446,33.945],[-96.9439,33.4164],[-96.8537,33.4136],[-96.8341,33.4055],[-96.8388,33.2194],[-96.8875,33.2193],[-96.8822,33.163],[-96.9118,33.1546],[-96.9207,33.1295],[-96.8694,33.1331],[-96.8404,33.1525],[-96.8441,32.9874],[-96.7565,32.9863],[-96.7043,33.0376],[-96.6825,33.0437],[-96.6549,33.0728],[-96.7367,33.0801],[-96.7337,33.0266],[-96.8288,33.0281],[-96.8156,33.0651],[-96.7703,33.0518],[-96.7715,33.101],[-96.7335,33.101],[-96.8034,33.1529],[-96.7332,33.1522],[-96.7328,33.2186],[-96.8116,33.2192],[-96.7923,33.2937],[-96.6801,33.2909],[-96.7273,33.4029],[-96.3846,33.3978],[-96.3845,33.3411],[-95.8587,33.4095],[-95.8625,32.9796],[-95.9453,32.9799],[-95.9684,32.9136],[-96.1125,32.9372],[-96.128,32.9093],[-96.2972,32.898],[-96.2972,32.9818],[-96.517,32.9829],[-96.519,32.8136],[-96.2974,32.8142],[-96.2973,32.8417],[-95.9344,32.8372],[-95.8639,32.7771],[-95.796,32.7753],[-95.6598,32.7114],[-95.635,32.7204],[-95.6654,32.9604],[-95.309,32.9626],[-95.3107,33.6632],[-95.2685,33.6729],[-95.1182,33.6135],[-95.0553,33.6269],[-94.7463,33.5543],[-94.4678,33.4724],[-94.3819,33.4791],[-94.4162,33.4037],[-94.3456,33.4078],[-94.2633,33.3771],[-94.1711,33.459],[-94.2159,33.4973],[-94.2136,33.5706],[-94.2389,33.5767],[-94.3037,33.5645],[-94.3384,33.5671],[-94.3542,33.5565],[-94.3881,33.5655],[-94.4191,33.5772],[-94.4859,33.6379],[-94.5289,33.6218],[-94.5729,33.6699],[-94.6306,33.6734],[-94.7149,33.7073],[-94.7661,33.748],[-94.8416,33.7394],[-94.9023,33.7763],[-94.9816,33.8523],[-95.0466,33.8626],[-95.095,33.9048],[-95.1495,33.9363],[-95.2264,33.962],[-95.2834,33.8777],[-95.3523,33.8678],[-95.4474,33.8689],[-95.5253,33.8855],[-95.5569,33.927],[-95.6037,33.9272],[-95.67,33.9058],[-95.7375,33.896],[-95.8206,33.8585],[-95.9353,33.8751],[-96.0639,33.8415],[-96.1516,33.8319],[-96.173,33.8006],[-96.229,33.748],[-96.2773,33.7697],[-96.3074,33.735],[-96.3631,33.6942],[-96.4365,33.7801],[-96.5023,33.7735],[-96.5239,33.8181],[-96.5729,33.8191],[-96.5929,33.8309],[-96.5901,33.8807],[-96.6599,33.9167],[-96.7124,33.8316],[-96.7768,33.842],[-96.7943,33.8689],[-96.8506,33.8472],[-96.8972,33.903],[-96.9053,33.9472],[-96.9446,33.945]]]},"properties":{"GEOID":"4804","BASENAME":"4","NAME":"Congressional District 4","STATE":"48","CD119":"04"}},{"type":"Feature","geometry":{"type":"Polygon","coordinates":[[[-96.2979,36.1623],[-96.2979,36.0758],[-96.2613,36.0757],[-96.19,35.9738],[-96.1188,35.9593],[-96.1372,35.8571],[-95.6504,35.8566],[-95.5897,35.7652],[-95.4022,35.8066],[-95.4029,35.8856],[-95.5653,35.9678],[-95.5233,36.0442],[-95.5715,36.0753],[-95.5683,36.1301],[-95.7082,36.1619],[-95.7584,36.206],[-95.7403,36.322],[-95.8122,36.3221],[-95.7944,36.4165],[-95.8123,36.4236],[-96.0012,36.4237],[-96.0012,36.1613],[-96.2979,36.1623]]]},"properties":{"GEOID":"4001","BASENAME":"1","NAME":"Congressional District 1","STATE":"40","CD119":"01"}},{"type":"Feature","geometry":{"type":"Polygon","coordinates":[[[-114.7433,36.0705],[-114.7428,36.01],[-114.7312,35.9439],[-114.6697,35.8651],[-114.7037,35.8146],[-114.6894,35.6514],[-114.6534,35.6108],[-114.6645,35.4495],[-114.6271,35.4095],[-114.5871,35.2624],[-114.5727,35.1387],[-114.5991,35.1211],[-114.6199,35.1216],[-114.6335,35.0019],[-114.6344,34.8729],[-114.4652,34.6912],[-114.4224,34.5807],[-114.3782,34.5165],[-114.3789,34.4504],[-114.3354,34.45],[-114.1728,34.345],[-114.1409,34.3059],[-114.1391,34.2595],[-114.1781,34.24],[-114.2297,34.1869],[-114.2928,34.1667],[-114.4059,34.1115],[-114.428,34.0928],[-114.4355,34.0426],[-114.4548,34.011],[-114.535,33.9285],[-114.5087,33.9006],[-114.5056,33.8643],[-114.5205,33.8278],[-114.4966,33.7192],[-114.5252,33.6616],[-114.5246,33.5522],[-114.5973,33.4907],[-114.6352,33.4227],[-114.7253,33.405],[-114.7073,33.3766],[-114.708,33.3234],[-114.7233,33.2881],[-114.6745,33.2556],[-114.6794,33.1595],[-114.7062,33.1053],[-114.6708,33.038],[-114.6283,33.0311],[-114.5752,33.0365],[-114.5113,33.0235],[-114.4813,32.9721],[-114.4766,32.9236],[-114.4631,32.9019],[-114.469,32.8452],[-114.5707,32.7474],[-114.6157,32.7413],[-114.5988,32.6801],[-114.6846,32.6838],[-114.6842,32.6256],[-114.6327,32.6258],[-114.632,32.5528],[-114.5629,32.553],[-114.5422,32.6264],[-114.1162,32.6198],[-113.9703,32.6644],[-113.884,32.6649],[-113.7471,32.6943],[-113.7205,32.7276],[-113.6169,32.767],[-113.3337,32.7679],[-113.3338,33.0235],[-113.1959,33.0879],[-113.1465,33.0969],[-113.0266,33.2044],[-112.8284,33.2035],[-112.8283,33.1165],[-112.634,33.1159],[-112.4959,33.131],[-112.496,33.2179],[-112.4612,33.1888],[-112.3579,33.1887],[-112.3579,33.4247],[-112.3128,33.4931],[-112.2032,33.5093],[-112.2031,33.5383],[-112.3068,33.5507],[-112.3077,33.6388],[-112.4603,33.6384],[-112.317,33.7012],[-112.3948,33.7821],[-112.4471,33.7822],[-112.4279,33.9207],[-112.744,33.9999],[-113.3333,34.0],[-113.3341,35.5084],[-113.6204,35.4945],[-113.7843,35.6546],[-113.8298,35.6696],[-113.8311,35.6069],[-113.9199,35.6207],[-113.9865,35.7086],[-114.0429,35.7247],[-113.9048,35.8199],[-113.9035,36.0928],[-113.8695,36.0547],[-113.8089,36.0474],[-113.7692,35.9727],[-113.7148,35.9297],[-113.708,35.8796],[-113.6474,35.8239],[-113.6059,35.8495],[-113.511,35.7663],[-113.3839,35.7546],[-113.334,35.803],[-113.3105,35.8644],[-113.3348,35.9139],[-113.3171,35.9614],[-113.3542,36.0404],[-113.32,36.0968],[-113.2249,36.0911],[-113.1968,36.1529],[-113.1371,36.1664],[-113.009,36.239],[-112.9029,36.2538],[-112.865,36.2824],[-112.7924,36.285],[-112.724,36.346],[-112.6816,36.3417],[-112.6295,36.3919],[-112.623,36.4747],[-112.6601,36.5436],[-112.6209,36.5959],[-112.6387,36.6745],[-112.6004,36.8319],[-112.8274,36.832],[-112.8295,37.0004],[-114.0506,37.0004],[-114.0468,36.1941],[-114.0999,36.1217],[-114.1517,36.0246],[-114.2137,36.0156],[-114.2706,36.0357],[-114.3161,36.0631],[-114.3373,36.108],[-114.3721,36.1431],[-114.4169,36.1458],[-114.4487,36.1264],[-114.487,36.1294],[-114.5117,36.151],[-114.572,36.1516],[-114.6279,36.141],[-114.6665,36.1173],[-114.7362,36.1044],[-114.7433,36.0705]]]},"properties":{"GEOID":"0409","BASENAME":"9","NAME":"Congressional District 9","STATE":"04","CD119":"09"}},{"type":"Feature","geometry":{"type":"Polygon","coordinates":[[[-123.2019,47.0851],[-123.1584,46.9959],[-123.1605,46.8375],[-123.0833,46.8547],[-122.9894,46.8096],[-122.8526,46.8639],[-122.6977,46.8834],[-122.5604,46.9335],[-122.5661,46.9443],[-122.4609,47.0586],[-122.232,47.0857],[-122.2083,47.2575],[-122.2949,47.2572],[-122.505,47.1847],[-122.505,47.2429],[-122.6221,47.2092],[-122.6753,47.2513],[-122.7595,47.1413],[-122.8206,47.1942],[-122.9035,47.1575],[-122.9382,47.1903],[-123.075,47.0848],[-123.2019,47.0851]]]},"properties":{"GEOID":"5310","BASENAME":"10","NAME":"Congressional District 10","STATE":"53","CD119":"10"}},{"type":"Feature","geometry":{"type":"MultiPolygon","coordinates":[[[[-168.1289,65.6557],[-168.0476,65.5691],[-167.8512,65.5382],[-167.6844,65.4891],[-167.474,65.4127],[-167.3487,65.3979],[-167.0677,65.3851],[-166.7507,65.3332],[-166.597,65.3362],[-166.4394,65.3191],[-166.3472,65.2763],[-166.4517,65.2362],[-166.4799,65.1672],[-166.6344,65.1259],[-166.8867,65.1388],[-166.9119,65.126],[-166.7373,65.0275],[-166.6978,64.9912],[-166.5861,64.9557],[-166.4322,64.8832],[-166.4073,64.8523],[-166.479,64.797],[-166.4827,64.7551],[-166.4139,64.6512],[-166.2369,64.5836],[-165.2916,64.4807],[-165.002,64.4339],[-164.8077,64.4494],[-164.5483,64.5167],[-164.3073,64.5615],[-164.1471,64.5646],[-163.9744,64.5514],[-163.8297,64.575],[-163.6863,64.5688],[-163.4129,64.525],[-163.2491,64.4562],[-163.1332,64.3818],[-163.0915,64.4377],[-163.0272,64.4779],[-163.0332,64.5193],[-162.9408,64.5424],[-162.8576,64.4998],[-162.8365,64.4367],[-162.7684,64.3335],[-162.6322,64.3857],[-162.6032,64.4799],[-162.54,64.5309],[-162.2345,64.6193],[-162.1881,64.6724],[-162.0603,64.6929],[-161.8784,64.7095],[-161.773,64.7493],[-161.6455,64.7765],[-161.5182,64.7533],[-161.377,64.773],[-161.3278,64.8298],[-161.2138,64.8833],[-161.1331,64.8982],[-161.0797,64.8695],[-160.936,64.8224],[-160.7834,64.7172],[-160.7934,64.6193],[-160.9929,64.5413],[-161.198,64.4966],[-161.3899,64.5478],[-161.469,64.5066],[-161.5049,64.4231],[-161.2635,64.3982],[-160.962,64.2206],[-160.9411,64.0663],[-160.9005,63.9983],[-160.7656,63.8287],[-160.7833,63.7529],[-161.0736,63.5617],[-161.1912,63.4901],[-161.4211,63.4601],[-161.6765,63.465],[-161.9822,63.4463],[-162.0732,63.5138],[-162.2524,63.5418],[-162.4012,63.6344],[-162.5875,63.6251],[-162.7076,63.5776],[-162.562,63.5371],[-162.3523,63.4541],[-162.4215,63.409],[-162.5266,63.3166],[-162.7241,63.2146],[-162.8211,63.2056],[-162.8446,63.1542],[-163.054,63.0583],[-163.3162,63.0378],[-163.5299,63.1354],[-163.6163,63.1412],[-163.7326,63.2133],[-163.8851,63.2223],[-164.067,63.2623],[-164.2095,63.2515],[-164.4424,63.2027],[-164.6074,63.1129],[-164.6852,63.0222],[-164.813,62.9039],[-164.8756,62.8063],[-164.8644,62.752],[-164.8377,62.6853],[-164.9624,62.6582],[-165.0522,62.5982],[-165.0962,62.5225],[-165.2693,62.4274],[-165.4585,62.2828],[-165.672,62.1399],[-165.7543,62.056],[-165.7435,61.9625],[-165.6501,61.8742],[-165.6395,61.847],[-165.804,61.8257],[-165.9409,61.8491],[-166.0943,61.8139],[-166.051,61.7667],[-166.1438,61.7244],[-166.2118,61.6084],[-166.1496,61.5133],[-166.0754,61.493],[-165.9995,61.5397],[-165.9125,61.5562],[-165.7464,61.4893],[-165.7911,61.4499],[-165.8771,61.4311],[-165.9212,61.4031],[-165.8314,61.3067],[-165.7874,61.3101],[-165.6233,61.2784],[-165.6403,61.1381],[-165.5551,61.0927],[-165.3854,61.0796],[-165.3256,61.1693],[-165.2038,61.1503],[-165.1394,61.0929],[-165.0578,61.0597],[-165.1949,60.9739],[-165.0851,60.9138],[-165.0302,60.8381],[-165.0408,60.7727],[-165.0105,60.7448],[-164.9917,60.6988],[-165.0731,60.6842],[-165.2064,60.6102],[-165.3677,60.5812],[-165.4203,60.5507],[-165.363,60.5069],[-165.2749,60.499],[-165.1904,60.498],[-165.0939,60.5319],[-164.987,60.5424],[-164.9568,60.5278],[-165.0152,60.4714],[-165.0697,60.4609],[-165.1294,60.4337],[-164.9845,60.3499],[-164.7772,60.2938],[-164.6989,60.2963],[-164.6195,60.2349],[-164.5176,60.1995],[-164.411,60.0977],[-164.1318,59.9912],[-164.2085,59.9345],[-164.1334,59.8456],[-163.9308,59.8039],[-163.7722,59.7956],[-163.4581,59.81],[-163.1726,59.8451],[-162.8085,59.9339],[-162.7374,59.9723],[-162.5153,59.9762],[-162.4876,60.0281],[-162.4942,60.1303],[-162.4513,60.1744],[-162.3722,60.167],[-162.2284,60.0563],[-162.143,59.9675],[-162.0465,59.8497],[-161.8855,59.6984],[-161.8739,59.6495],[-161.773,59.5662],[-161.7025,59.4909],[-161.7904,59.4682],[-161.9929,59.3384],[-162.0486,59.2542],[-161.9969,59.1741],[-161.804,58.9917],[-161.7648,58.8462],[-161.8241,58.7345],[-162.1717,58.6484],[-162.0274,58.6071],[-161.8022,58.6123],[-161.752,58.5518],[-161.3723,58.6662],[-161.338,58.7429],[-161.0011,58.8497],[-160.872,58.8785],[-160.8235,58.8291],[-160.731,58.9212],[-160.5164,59.0112],[-160.3178,59.0705],[-160.2566,58.9945],[-160.3229,58.954],[-160.2328,58.9011],[-160.1505,58.8661],[-159.9793,58.8355],[-159.9084,58.7799],[-159.7929,58.824],[-159.7121,58.9295],[-159.6161,58.9316],[-159.6019,58.8847],[-159.6435,58.8451],[-159.5323,58.8336],[-159.4098,58.7736],[-159.2284,58.603],[-159.0633,58.4231],[-158.8809,58.3907],[-158.7953,58.408],[-158.7041,58.4828],[-158.8279,58.6264],[-158.8612,58.6956],[-158.7801,58.7538],[-158.7904,58.8047],[-158.7677,58.8643],[-158.6197,58.911],[-158.5203,58.8571],[-158.5648,58.8027],[-158.4238,58.7698],[-158.3769,58.748],[-158.3321,58.6653],[-158.2323,58.6199],[-158.1403,58.615],[-157.1169,58.8675],[-157.0161,58.8635],[-156.9935,58.8368],[-157.0622,58.7402],[-157.1359,58.6807],[-157.3136,58.565],[-157.4815,58.4808],[-157.541,58.3773],[-157.5472,58.2775],[-157.4801,58.2174],[-157.5566,58.1484],[-157.5966,58.0887],[-157.6422,57.8688],[-157.7092,57.6575],[-157.6843,57.61],[-157.6789,57.5639],[-157.7725,57.5471],[-157.9316,57.4762],[-158.0838,57.3572],[-158.2299,57.3215],[-158.3202,57.2816],[-158.5313,57.1322],[-158.6793,56.9886],[-158.6862,56.9116],[-158.6468,56.847],[-158.6564,56.81],[-158.7445,56.7951],[-158.8533,56.7926],[-158.9727,56.8421],[-159.22,56.7395],[-159.535,56.6265],[-159.828,56.5439],[-159.9856,56.4497],[-160.1463,56.4002],[-160.2229,56.3469],[-160.3859,56.2797],[-160.4059,56.2079],[-160.4887,56.0772],[-160.5896,55.983],[-160.4572,55.9172],[-160.5084,55.8694],[-160.564,55.8637],[-160.7932,55.886],[-160.811,55.9472],[-160.8071,56.024],[-160.9647,56.0238],[-161.1569,56.0122],[-161.7123,55.9042],[-161.8078,55.892],[-161.899,55.8335],[-162.0506,55.7909],[-162.1209,55.7491],[-162.2196,55.7109],[-162.5654,55.4668],[-162.6417,55.3926],[-162.9,55.2525],[-162.8615,55.1983],[-163.0323,55.1721],[-163.132,55.1796],[-163.3147,55.1263],[-163.2808,55.033],[-163.3438,54.9744],[-163.4295,54.9548],[-163.5271,55.0409],[-163.7741,55.0558],[-163.8947,55.0391],[-163.9942,54.9833],[-164.1192,54.9694],[-164.2049,54.9312],[-164.3435,54.8941],[-164.4353,54.9331],[-164.5763,54.8953],[-164.5769,54.8246],[-164.6748,54.7026],[-164.7418,54.6454],[-164.8643,54.6202],[-164.9488,54.5799],[-164.9446,54.5329],[-164.9041,54.4992],[-164.8615,54.4314],[-164.744,54.3942],[-164.6405,54.3912],[-164.4566,54.4199],[-164.3527,54.465],[-164.3375,54.5243],[-164.2576,54.5727],[-164.0383,54.6247],[-163.8036,54.6365],[-163.5724,54.6232],[-163.3922,54.6585],[-163.2232,54.6769],[-163.0378,54.647],[-163.069,54.7126],[-163.1843,54.7749],[-163.2814,54.7767],[-163.353,54.8102],[-163.2546,54.8389],[-163.1496,54.8859],[-163.0656,54.9262],[-162.9622,54.9935],[-162.9137,54.9503],[-162.8342,54.9269],[-162.7085,54.9585],[-162.588,54.972],[-162.5693,55.0046],[-162.4714,55.0519],[-162.4135,55.0366],[-162.4355,54.9292],[-162.4282,54.8954],[-162.3493,54.836],[-162.2829,54.8412],[-162.2368,54.8816],[-162.2357,54.9626],[-162.2193,55.029],[-162.1903,55.067],[-162.1187,55.1029],[-162.0533,55.0742],[-161.9566,55.1122],[-161.9064,55.1003],[-161.7923,55.0523],[-161.6903,55.0785],[-161.5504,55.0657],[-161.5766,55.1038],[-161.7186,55.1542],[-161.8172,55.1765],[-161.8633,55.267],[-161.6865,55.408],[-161.7001,55.5144],[-161.6583,55.5604],[-161.587,55.6201],[-161.4821,55.634],[-161.3926,55.6282],[-161.3761,55.5698],[-161.4693,55.4968],[-161.4783,55.4406],[-161.5142,55.3853],[-161.4861,55.3593],[-161.254,55.3559],[-161.0805,55.4085],[-160.9766,55.4727],[-160.8367,55.4731],[-160.7814,55.4518],[-160.6669,55.4598],[-160.6541,55.5126],[-160.5213,55.4744],[-160.4627,55.5067],[-160.4643,55.5332],[-160.3926,55.6028],[-160.1304,55.6814],[-160.0584,55.7217],[-160.0263,55.7923],[-159.9371,55.8033],[-159.8474,55.8025],[-159.7703,55.8524],[-159.6798,55.8388],[-159.6275,55.8032],[-159.6732,55.751],[-159.6792,55.6559],[-159.7604,55.6152],[-159.7339,55.57],[-159.6967,55.5733],[-159.5721,55.6277],[-159.5328,55.6764],[-159.3946,55.7149],[-159.0862,55.8349],[-159.0962,55.9147],[-158.8981,55.951],[-158.6532,55.9586],[-158.6382,55.9947],[-158.5098,55.9796],[-158.4315,55.9945],[-158.3949,56.0647],[-158.3743,56.1345],[-158.1178,56.2307],[-158.2074,56.2944],[-158.2884,56.3161],[-158.4895,56.3419],[-158.4384,56.4275],[-158.372,56.4673],[-158.2847,56.4811],[-158.2461,56.4661],[-158.1274,56.4608],[-157.9717,56.4767],[-157.8691,56.4566],[-157.8178,56.5142],[-157.8699,56.5668],[-157.9185,56.6431],[-157.7918,56.6707],[-157.719,56.6531],[-157.6746,56.6095],[-157.6052,56.6213],[-157.4965,56.6169],[-157.4522,56.6432],[-157.5638,56.7034],[-157.5308,56.7538],[-157.2905,56.8047],[-157.1836,56.7691],[-157.0735,56.8383],[-157.0346,56.8845],[-156.9356,56.9201],[-156.826,56.8977],[-156.7042,56.9871],[-156.6378,56.9939],[-156.5505,56.9846],[-156.443,57.1195],[-156.3344,57.1823],[-156.3429,57.2481],[-156.3364,57.3361],[-156.362,57.4005],[-156.2201,57.4453],[-156.0917,57.4398],[-156.0128,57.4514],[-156.0468,57.5257],[-155.7328,57.5497],[-155.7242,57.6334],[-155.6299,57.6564],[-155.6152,57.6881],[-155.6094,57.7777],[-155.5065,57.761],[-155.354,57.7153],[-155.2853,57.7587],[-155.2729,57.824],[-155.0971,57.8654],[-155.0618,57.9043],[-155.1186,57.9539],[-155.0263,57.9993],[-154.8766,58.0277],[-154.7653,58.0037],[-154.5815,58.0193],[-154.2225,58.1326],[-154.1453,58.2109],[-154.1034,58.2802],[-154.0741,58.3527],[-153.9854,58.3909],[-154.0707,58.44],[-154.0019,58.4923],[-153.9305,58.4975],[-153.91,58.5612],[-153.8514,58.6119],[-153.731,58.6082],[-153.5916,58.6401],[-153.5527,58.6872],[-153.445,58.7093],[-153.4025,58.7426],[-153.3694,58.8213],[-153.2674,58.8672],[-153.3931,58.9511],[-153.4799,58.9953],[-153.5965,59.0002],[-153.6957,59.074],[-153.9328,59.0627],[-154.0635,59.0721],[-154.1807,59.1232],[-154.1729,59.1725],[-154.1412,59.2166],[-154.1227,59.2876],[-154.0308,59.327],[-153.9985,59.3847],[-153.8622,59.4241],[-153.7472,59.4297],[-153.699,59.4636],[-153.7615,59.5434],[-153.5778,59.556],[-153.5425,59.6302],[-153.4094,59.6363],[-153.3088,59.6257],[-153.24,59.6324],[-153.155,59.6543],[-153.0516,59.6916],[-153.0164,59.7511],[-153.0091,59.8306],[-152.9673,59.8815],[-152.8609,59.875],[-152.7008,59.9203],[-152.6794,59.9681],[-152.5752,60.0483],[-152.5502,60.1137],[-152.5787,60.1699],[-152.5749,60.2065],[-152.5398,60.2416],[-152.4113,60.2879],[-152.3767,60.3456],[-152.2342,60.3939],[-152.3019,60.4143],[-152.3314,60.4735],[-152.2615,60.5382],[-152.1362,60.5785],[-152.0394,60.6605],[-151.8979,60.7217],[-151.7164,60.7104],[-151.7038,60.7324],[-151.7773,60.8105],[-151.8003,60.8537],[-151.7208,60.9043],[-151.6001,60.9656],[-151.4803,61.0109],[-151.349,61.01],[-151.2524,61.04],[-151.1666,61.0464],[-151.0477,61.1609],[-150.9393,61.2103],[-150.8273,61.2284],[-150.6799,61.2659],[-150.536,61.2697],[-150.425,61.2456],[-150.2049,61.2595],[-150.2288,61.1626],[-150.2659,61.1274],[-150.0656,61.1511],[-150.005,61.1386],[-149.8319,61.0762],[-149.7172,61.0113],[-149.8537,60.9674],[-149.9854,60.879],[-150.1941,60.9013],[-150.3417,61.0242],[-150.4019,61.0362],[-150.7058,60.9378],[-151.0626,60.7874],[-151.2613,60.7698],[-151.3705,60.7336],[-151.4103,60.711],[-151.3031,60.5613],[-151.2818,60.496],[-151.3061,60.3873],[-151.3669,60.3727],[-151.382,60.297],[-151.4217,60.2129],[-151.6069,60.0996],[-151.718,60.0095],[-151.7577,59.9176],[-151.8695,59.7692],[-151.7468,59.6862],[-151.6431,59.647],[-151.4487,59.6482],[-151.2969,59.6969],[-151.2055,59.6303],[-151.3278,59.573],[-151.7429,59.4683],[-151.8865,59.421],[-151.9631,59.345],[-151.9841,59.2787],[-151.9157,59.2275],[-151.8581,59.1442],[-151.6624,59.0897],[-151.4334,59.1355],[-151.4706,59.2426],[-151.3416,59.2222],[-151.1262,59.2099],[-150.9422,59.2331],[-150.8878,59.2679],[-150.9128,59.3052],[-150.8228,59.3308],[-150.7218,59.2921],[-150.6809,59.3054],[-150.6095,59.3863],[-150.5812,59.4452],[-150.4989,59.4563],[-150.4301,59.3434],[-150.3853,59.342],[-150.359,59.3997],[-150.2971,59.4247],[-150.2808,59.4668],[-150.0023,59.6306],[-149.9194,59.6918],[-149.8427,59.7013],[-149.7462,59.6376],[-149.732,59.7068],[-149.6263,59.7344],[-149.5278,59.7068],[-149.5068,59.7709],[-149.5955,59.7977],[-149.5727,59.8523],[-149.4722,59.9037],[-149.3766,59.8359],[-149.2706,59.8721],[-149.2211,59.9387],[-149.1233,59.9686],[-149.0365,59.9421],[-148.9364,59.9534],[-148.8596,59.9244],[-148.8013,59.9528],[-148.6895,59.9447],[-148.6348,59.9157],[-148.4789,59.9358],[-148.314,60.0339],[-148.2206,59.9764],[-148.2541,59.9324],[-148.1012,59.9528],[-147.9568,59.9594],[-147.8551,59.8719],[-147.9133,59.8372],[-147.9292,59.7839],[-147.8765,59.7639],[-147.7651,59.796],[-147.5083,59.842],[-147.3918,59.8778],[-147.4703,59.9067],[-147.4522,59.954],[-147.3398,59.9621],[-147.3764,60.0162],[-147.2578,60.1079],[-147.1452,60.1713],[-146.9934,60.2401],[-146.9165,60.291],[-146.694,60.2796],[-146.6509,60.243],[-146.6077,60.2412],[-146.4908,60.2949],[-146.3933,60.3275],[-146.2327,60.3389],[-145.9885,60.3874],[-145.6392,60.302],[-145.5108,60.3183],[-145.3801,60.3528],[-145.2547,60.3114],[-145.1367,60.2962],[-145.0891,60.32],[-144.9578,60.2882],[-144.9293,60.2283],[-144.6549,60.2049],[-144.4292,60.148],[-144.3489,60.0912],[-144.1867,60.117],[-144.1103,60.0989],[-144.0525,60.0418],[-144.0059,60.013],[-143.897,59.9859],[-143.6242,60.0373],[-143.0687,60.0686],[-142.9089,60.0903],[-142.7449,60.0941],[-142.4266,60.0711],[-141.9122,60.0098],[-141.7362,59.9619],[-141.5954,59.9619],[-141.4852,59.925],[-141.3928,59.87],[-140.9226,59.7517],[-140.7925,59.7286],[-140.2426,59.6879],[-140.1762,59.736],[-139.8712,59.8026],[-139.7768,59.8338],[-139.6085,59.822],[-139.5888,59.709],[-139.5858,59.6428],[-139.7427,59.6239],[-139.8613,59.5467],[-139.4202,59.3798],[-138.9197,59.2485],[-138.8072,59.2088],[-138.6367,59.1306],[-138.3579,59.0694],[-138.2243,59.0322],[-138.0663,58.9571],[-137.952,58.886],[-137.9246,58.8439],[-137.9418,58.7943],[-137.6816,58.6565],[-137.6537,58.6083],[-137.5682,58.588],[-137.3553,58.4924],[-137.0781,58.3975],[-136.9864,58.404],[-136.9117,58.3703],[-136.8576,58.3164],[-136.7171,58.2735],[-136.7012,58.2194],[-136.5919,58.2179],[-136.568,58.2452],[-136.5768,58.278],[-136.5448,58.3167],[-136.4372,58.3024],[-136.2659,58.3145],[-136.1119,58.3425],[-136.0418,58.3802],[-135.9179,58.3812],[-135.7281,58.3971],[-135.6499,58.3245],[-135.4081,58.343],[-135.3065,58.2429],[-135.2277,58.2369],[-135.0879,58.2001],[-135.1012,58.2926],[-135.0491,58.3093],[-135.0684,58.3742],[-135.1044,58.4493],[-134.9369,58.4575],[-134.7506,58.3915],[-134.6312,58.2474],[-134.4646,58.2274],[-134.3756,58.2087],[-134.2346,58.1972],[-134.1467,58.1991],[-134.0782,58.152],[-134.0496,58.062],[-133.8488,57.9354],[-133.7031,57.7922],[-133.6545,57.7137],[-133.6764,57.6252],[-133.6208,57.5789],[-133.5196,57.5307],[-133.515,57.4733],[-133.472,57.3687],[-133.4897,57.3052],[-133.5448,57.2426],[-133.4669,57.1594],[-133.3224,57.1127],[-133.2474,57.1368],[-133.1614,57.0863],[-132.9375,57.0483],[-132.7921,56.8562],[-132.5568,56.7572],[-132.529,56.638],[-132.4508,56.5641],[-132.5286,56.5293],[-132.6275,56.4629],[-132.7919,56.4492],[-132.8963,56.458],[-132.9772,56.4397],[-133.0604,56.3584],[-133.0701,56.331],[-132.9611,56.2962],[-132.9268,56.2662],[-132.8776,56.2403],[-132.7183,56.2177],[-132.7087,56.1121],[-132.5942,56.0219],[-132.4928,56.0664],[-132.4498,55.9562],[-132.3973,55.8789],[-132.3232,55.8519],[-132.28,55.9248],[-132.1702,55.9192],[-132.0674,55.8751],[-132.1304,55.8114],[-132.2651,55.7622],[-132.2242,55.7018],[-132.1832,55.5881],[-132.1147,55.5506],[-131.8442,55.4567],[-131.8543,55.4211],[-131.8622,55.2893],[-131.8284,55.1985],[-131.7483,55.1286],[-131.6053,55.1074],[-131.5894,55.0889],[-131.6463,55.0356],[-131.6057,55.0044],[-131.6219,54.9465],[-131.5946,54.9311],[-131.4915,54.9304],[-131.4335,54.8965],[-131.3276,54.8591],[-131.2537,54.8668],[-131.1952,54.9198],[-131.246,54.9405],[-131.246,54.9896],[-131.19,55.0432],[-131.1906,55.108],[-131.1605,55.1975],[-131.0938,55.1913],[-131.0875,55.163],[-131.0523,55.1182],[-131.0132,55.0901],[-130.9971,55.0443],[-131.0121,54.9962],[-130.975,54.9749],[-130.9473,54.8867],[-130.9325,54.8069],[-130.8669,54.7691],[-130.8441,54.7658],[-130.7921,54.7848],[-130.6862,54.7169],[-130.6281,54.7393],[-130.6367,54.7785],[-130.5292,54.8109],[-130.3395,54.9214],[-130.2215,55.026],[-130.1047,55.189],[-130.0017,55.2646],[-129.9823,55.3021],[-130.0236,55.3383],[-130.0399,55.4294],[-130.0854,55.4915],[-130.1201,55.5639],[-130.1117,55.6821],[-130.1501,55.7271],[-130.1237,55.807],[-130.0845,55.824],[-130.0132,55.9164],[-130.0043,55.9934],[-130.1028,56.1167],[-130.2455,56.0969],[-130.3437,56.1272],[-130.4256,56.1407],[-130.4669,56.2398],[-130.6225,56.2679],[-130.7406,56.343],[-130.8107,56.3711],[-131.0857,56.4065],[-131.1679,56.4484],[-131.4618,56.5479],[-131.5812,56.6133],[-131.8351,56.6018],[-131.9018,56.7532],[-131.8717,56.805],[-132.1259,56.8747],[-132.051,57.0512],[-132.3713,57.0952],[-132.2522,57.2157],[-132.368,57.3487],[-132.5592,57.5039],[-132.7568,57.7051],[-132.8693,57.8429],[-133.0764,57.9998],[-133.1764,58.1502],[-133.3437,58.2709],[-133.4615,58.3855],[-133.3799,58.4279],[-133.6998,58.6073],[-133.8404,58.728],[-134.2505,58.858],[-134.329,58.9196],[-134.328,58.9634],[-134.401,58.9762],[-134.3798,59.035],[-134.4812,59.1281],[-134.5667,59.1283],[-134.6641,59.1812],[-134.7024,59.2478],[-134.962,59.2804],[-135.0292,59.3454],[-135.01,59.3813],[-135.0674,59.4219],[-135.0263,59.4747],[-135.0275,59.5637],[-135.1146,59.6234],[-135.2143,59.6643],[-135.2311,59.6972],[-135.4774,59.7996],[-135.9459,59.6638],[-136.1904,59.6399],[-136.3506,59.5993],[-136.2373,59.5587],[-136.2342,59.5247],[-136.3581,59.4498],[-136.4743,59.4642],[-136.4668,59.2843],[-136.5815,59.1649],[-136.8266,59.1584],[-136.8639,59.1385],[-137.2648,59.0024],[-137.4474,58.9095],[-137.5264,58.9068],[-137.4986,58.9867],[-137.6043,59.2431],[-138.5848,59.7525],[-138.6434,59.7925],[-138.7021,59.9102],[-139.0464,59.9982],[-139.2003,60.0907],[-139.0822,60.3238],[-139.0867,60.3577],[-139.6984,60.3404],[-139.9891,60.1852],[-140.4723,60.3106],[-140.5351,60.2242],[-141.0018,60.3061],[-141.0027,69.6456],[-141.2105,69.6842],[-141.4308,69.6951],[-141.7134,69.7895],[-142.0156,69.838],[-142.2399,69.8966],[-142.4044,69.9165],[-142.4529,69.9581],[-142.7468,70.0425],[-142.9998,70.0883],[-143.2819,70.1511],[-143.4252,70.1249],[-143.5173,70.1384],[-143.9142,70.1157],[-144.2749,70.0487],[-144.4554,70.0352],[-144.6723,69.9669],[-144.7926,69.9798],[-144.9023,69.9645],[-145.1751,69.9917],[-145.4348,70.037],[-145.6233,70.0844],[-145.8583,70.166],[-146.0064,70.1404],[-146.1296,70.1589],[-146.5081,70.186],[-146.8858,70.1859],[-146.9911,70.1476],[-147.1616,70.1556],[-147.2333,70.2076],[-147.4315,70.1888],[-147.7651,70.2198],[-147.8637,70.2933],[-147.9615,70.3142],[-148.2035,70.3482],[-148.3514,70.3045],[-148.4661,70.3136],[-148.477,70.3591],[-148.667,70.4301],[-148.929,70.4268],[-149.1791,70.4857],[-149.4618,70.5183],[-149.7402,70.4982],[-149.8667,70.5108],[-150.0745,70.4393],[-150.3015,70.4184],[-150.4144,70.4597],[-150.5574,70.4816],[-150.9038,70.4609],[-151.0204,70.4338],[-151.1752,70.3756],[-151.5044,70.4311],[-151.7399,70.4362],[-151.7343,70.5035],[-151.6973,70.5477],[-151.9758,70.5632],[-152.0787,70.5845],[-152.4338,70.6169],[-152.4733,70.6837],[-152.3522,70.6978],[-152.3484,70.7444],[-152.1925,70.7953],[-152.2231,70.8246],[-152.4235,70.8587],[-152.6969,70.8821],[-152.9042,70.8839],[-153.0492,70.9131],[-153.2385,70.9225],[-153.4263,70.8901],[-153.8905,70.8857],[-154.1275,70.7781],[-154.2903,70.8215],[-154.4302,70.8313],[-154.5725,70.8259],[-154.6083,70.9424],[-154.5811,71.0073],[-154.9429,71.1263],[-155.0608,71.1454],[-155.2626,71.0791],[-155.3642,70.9942],[-155.5133,70.9406],[-155.4859,70.8859],[-155.543,70.8472],[-155.7318,70.8312],[-155.925,70.8527],[-155.9793,70.9185],[-155.9521,70.9648],[-155.7621,70.9856],[-155.7055,71.0202],[-155.5333,71.0677],[-155.5207,71.1025],[-155.5877,71.1726],[-155.8951,71.1939],[-156.0446,71.1847],[-156.0744,71.2425],[-156.3099,71.2599],[-156.5311,71.2963],[-156.5687,71.3526],[-156.8097,71.2869],[-157.421,70.9768],[-157.7685,70.8758],[-158.0324,70.8323],[-158.3663,70.8197],[-158.5739,70.795],[-158.8534,70.7924],[-159.115,70.8174],[-159.1718,70.8751],[-159.6484,70.7944],[-160.2148,70.5591],[-160.8128,70.3767],[-161.2882,70.2968],[-161.5819,70.3029],[-161.8793,70.3293],[-162.3023,70.2042],[-162.5036,70.1004],[-162.7881,69.9291],[-162.9891,69.8253],[-163.0719,69.7376],[-163.1513,69.6126],[-163.1514,69.4303],[-163.2447,69.3061],[-163.574,69.1241],[-163.927,69.0008],[-164.2532,68.9309],[-164.5269,68.9179],[-164.9675,68.883],[-165.5224,68.8558],[-166.2242,68.8732],[-166.1934,68.7266],[-166.2298,68.6138],[-166.3285,68.4423],[-166.5918,68.4056],[-166.839,68.3372],[-166.6009,68.3336],[-166.3131,68.2892],[-166.0895,68.2213],[-165.975,68.1409],[-165.8721,68.11],[-165.6881,68.0904],[-165.35,68.0259],[-164.5339,67.7256],[-164.2566,67.6517],[-164.0513,67.5664],[-163.8788,67.4161],[-163.7408,67.21],[-163.702,67.1094],[-163.0117,67.0295],[-162.843,66.9912],[-162.6355,66.9984],[-162.4684,66.9806],[-162.4667,66.951],[-162.5829,66.9043],[-162.6267,66.8596],[-162.5014,66.7425],[-162.3498,66.7267],[-162.1754,66.6878],[-162.1056,66.6226],[-161.8749,66.5114],[-161.8637,66.4595],[-161.9163,66.3495],[-161.6944,66.3962],[-161.5754,66.3968],[-161.3221,66.3686],[-161.0892,66.3151],[-160.994,66.2344],[-161.199,66.2109],[-161.3208,66.2236],[-161.3412,66.2551],[-161.4845,66.2624],[-161.5484,66.2399],[-161.6139,66.1767],[-161.7755,66.0737],[-161.838,66.0226],[-162.1374,66.0785],[-162.3313,66.0314],[-162.4237,66.049],[-162.6223,66.0395],[-162.7507,66.0902],[-162.9975,66.0768],[-163.1467,66.0595],[-163.3721,66.085],[-163.4958,66.0854],[-163.6954,66.0596],[-163.8036,66.1001],[-163.9166,66.1905],[-163.9252,66.2251],[-163.8431,66.2599],[-163.8731,66.389],[-163.7987,66.4369],[-163.7283,66.4986],[-163.604,66.5581],[-163.8242,66.5917],[-164.4007,66.5811],[-164.8161,66.525],[-165.4072,66.4204],[-166.0381,66.2695],[-166.7689,66.0686],[-167.2828,65.8974],[-167.6501,65.7957],[-167.9799,65.728],[-168.1289,65.6557]]],[[[179.4813,51.9753],[179.4846,51.9213],[179.5435,51.8909],[179.6495,51.8737],[179.743,51.9117],[179.7739,51.9707],[179.6368,52.0257],[179.5829,52.0168],[179.4813,51.9753]]],[[[178.6005,51.6553],[178.6049,51.616],[178.7724,51.5541],[178.8692,51.557],[178.9302,51.5301],[179.0315,51.4499],[179.2533,51.3372],[179.4804,51.3639],[179.4182,51.4162],[179.2958,51.4192],[178.9253,51.6239],[178.6606,51.6831],[178.6005,51.6553]]],[[[178.4634,51.9878],[178.4325,51.9655],[178.5025,51.8996],[178.5394,51.9032],[178.5916,51.9527],[178.5526,51.974],[178.4634,51.9878]]],[[[178.2044,51.8309],[178.271,51.7652],[178.3741,51.7479],[178.378,51.7926],[178.3297,51.8368],[178.2044,51.8309]]],[[[178.0937,52.0551],[178.0792,52.019],[178.1209,51.977],[178.2009,51.9912],[178.2013,52.0315],[178.1548,52.0614],[178.0937,52.0551]]],[[[177.2131,51.9204],[177.1788,51.8792],[177.2622,51.8619],[177.3118,51.826],[177.3342,51.8668],[177.4095,51.9308],[177.601,51.9223],[177.6116,51.9508],[177.5721,52.0018],[177.676,52.0922],[177.6487,52.1309],[177.5813,52.1449],[177.521,52.0631],[177.4605,51.9998],[177.3674,51.9684],[177.3108,51.9333],[177.2131,51.9204]]],[[[173.864,52.7925],[173.819,52.7598],[173.9751,52.7075],[174.1581,52.7061],[174.1401,52.7507],[173.864,52.7925]]],[[[173.439,52.4705],[173.3199,52.4121],[173.4864,52.3686],[173.5438,52.3927],[173.6513,52.3564],[173.7257,52.3566],[173.7483,52.3923],[173.7023,52.4348],[173.7728,52.5099],[173.6381,52.5242],[173.5557,52.4795],[173.439,52.4705]]],[[[172.4589,52.9545],[172.4729,52.8902],[172.5851,52.9213],[172.6699,52.913],[172.7542,52.8775],[172.7634,52.8237],[172.8094,52.7893],[172.9036,52.7617],[172.9826,52.7911],[173.0962,52.7868],[173.1669,52.7952],[173.2049,52.8489],[173.2844,52.8279],[173.4238,52.8288],[173.4254,52.8683],[173.2513,52.9444],[173.122,52.9904],[172.7929,53.0086],[172.6433,53.005],[172.4589,52.9545]]],[[[-133.935,55.9207],[-133.9202,55.8603],[-133.861,55.8488],[-133.7005,55.8374],[-133.7012,55.7852],[-133.6433,55.729],[-133.7167,55.6602],[-133.7285,55.5931],[-133.7891,55.4579],[-133.6979,55.4548],[-133.6309,55.4161],[-133.633,55.3613],[-133.6902,55.3044],[-133.6584,55.2327],[-133.5968,55.2182],[-133.5866,55.3088],[-133.4682,55.2817],[-133.4719,55.2475],[-133.4045,55.215],[-133.3413,55.2057],[-133.282,55.2171],[-133.2325,55.1988],[-133.2151,55.1369],[-133.2397,55.0924],[-133.1648,54.9769],[-132.9906,54.821],[-132.8772,54.7538],[-132.8664,54.7004],[-132.753,54.6732],[-132.6743,54.6747],[-132.639,54.7533],[-132.5094,54.7813],[-132.4035,54.7846],[-132.3664,54.7512],[-132.3079,54.7187],[-132.2282,54.7252],[-132.1652,54.6941],[-132.0297,54.7012],[-131.9579,54.7912],[-131.9833,54.8978],[-131.9846,55.028],[-132.0275,55.1047],[-131.9774,55.1809],[-132.0371,55.2751],[-132.1264,55.2884],[-132.2581,55.4161],[-132.1429,55.4579],[-132.3011,55.551],[-132.3825,55.6653],[-132.4625,55.6739],[-132.4707,55.7822],[-132.6185,55.9115],[-132.8376,56.0243],[-132.8964,56.0997],[-132.8339,56.1039],[-132.8876,56.1729],[-132.9669,56.2243],[-133.0782,56.2468],[-133.1582,56.3148],[-133.197,56.333],[-133.4184,56.3321],[-133.5821,56.3525],[-133.6564,56.3269],[-133.6569,56.2812],[-133.6721,56.2227],[-133.6438,56.1277],[-133.6592,56.0838],[-133.8164,55.964],[-133.935,55.9207]]],[[[-134.393,56.8643],[-134.4185,56.8223],[-134.3763,56.6686],[-134.3011,56.6203],[-134.3201,56.5545],[-134.2419,56.5555],[-134.198,56.531],[-134.2519,56.4445],[-134.2431,56.3958],[-134.2947,56.3359],[-134.2597,56.1344],[-134.2022,56.0352],[-134.2918,55.9262],[-134.375,55.9285],[-134.3447,55.8463],[-134.3118,55.8123],[-134.2083,55.8767],[-134.1181,55.9146],[-134.0998,55.9841],[-134.1219,56.0299],[-134.0874,56.0949],[-133.9605,56.0914],[-133.9277,56.1459],[-133.942,56.1801],[-133.8811,56.2232],[-133.8766,56.2759],[-133.8346,56.3198],[-133.8216,56.3916],[-133.6555,56.4423],[-133.3006,56.4623],[-133.1835,56.4542],[-133.0417,56.5184],[-132.933,56.5222],[-132.8068,56.5055],[-132.6712,56.5431],[-132.6113,56.5999],[-132.6193,56.6608],[-132.7432,56.7137],[-132.7966,56.7769],[-132.9032,56.8036],[-132.9814,56.9274],[-133.1046,57.0057],[-133.3343,57.0024],[-133.888,57.0977],[-134.0089,57.0746],[-134.0492,57.0292],[-133.9215,56.9615],[-133.869,56.8459],[-133.9429,56.8056],[-134.0066,56.8516],[-134.0478,56.923],[-134.1471,56.957],[-134.1938,56.9336],[-134.2705,56.9356],[-134.393,56.8643]]],[[[-134.9605,58.4038],[-134.9582,58.3221],[-134.8643,58.1805],[-134.7838,58.0823],[-134.709,57.7805],[-134.6954,57.6853],[-134.5555,57.4074],[-134.6402,57.2399],[-134.6346,57.1099],[-134.5657,57.0237],[-134.4977,57.0312],[-134.3861,57.0874],[-134.3784,57.115],[-134.3027,57.1366],[-134.1936,57.1849],[-134.1001,57.2663],[-133.9835,57.3028],[-133.8757,57.2676],[-133.8409,57.2711],[-133.7864,57.3115],[-133.8669,57.3679],[-133.8716,57.4842],[-133.8176,57.5684],[-133.8083,57.6096],[-133.8968,57.6855],[-133.9049,57.8074],[-133.9999,57.9148],[-134.1382,58.0471],[-134.184,58.0773],[-134.1744,58.1253],[-134.2562,58.1448],[-134.3299,58.135],[-134.4618,58.1593],[-134.6089,58.1716],[-134.7,58.1615],[-134.7358,58.2346],[-134.7884,58.2891],[-134.8651,58.3573],[-134.9605,58.4038]]],[[[-136.5632,58.0351],[-136.5733,57.9268],[-136.4843,57.8965],[-136.4588,57.8539],[-136.3724,57.8326],[-136.3047,57.7711],[-136.2508,57.6848],[-136.2382,57.626],[-136.1631,57.5589],[-136.0881,57.5553],[-136.0475,57.5138],[-135.9438,57.4588],[-135.8921,57.408],[-135.8377,57.2821],[-135.8705,57.2216],[-135.8323,57.1706],[-135.7536,57.1672],[-135.755,57.124],[-135.8446,57.0836],[-135.856,56.9956],[-135.8256,56.989],[-135.6369,57.0099],[-135.6046,57.0458],[-135.5715,57.1057],[-135.4579,57.0702],[-135.3534,57.0209],[-135.4423,56.9424],[-135.4768,56.8912],[-135.5507,56.8412],[-135.4672,56.7714],[-135.3622,56.7587],[-135.2158,56.6653],[-135.1758,56.6779],[-135.1234,56.6028],[-134.9159,56.3606],[-134.8394,56.3094],[-134.8102,56.245],[-134.7635,56.2104],[-134.674,56.1669],[-134.6538,56.1984],[-134.6347,56.2658],[-134.6418,56.4455],[-134.6698,56.5241],[-134.6269,56.5539],[-134.616,56.6373],[-134.6297,56.7096],[-134.6957,56.9008],[-134.7382,56.9757],[-134.8549,57.2648],[-134.8256,57.3721],[-134.8249,57.5001],[-134.9399,57.7636],[-135.005,57.8843],[-134.9264,57.9219],[-134.9508,58.037],[-135.1089,58.0883],[-135.2758,58.097],[-135.7124,58.2319],[-135.7834,58.2867],[-135.8775,58.2599],[-136.0337,58.2767],[-136.2903,58.2518],[-136.3871,58.2524],[-136.3655,58.1489],[-136.4463,58.1133],[-136.5387,58.0935],[-136.5632,58.0351]]],[[[-152.0641,60.4171],[-152.08,60.3412],[-151.9563,60.3678],[-151.8392,60.4859],[-151.9525,60.5106],[-152.0641,60.4171]]],[[[-153.5974,59.3868],[-153.5467,59.3313],[-153.5153,59.3209],[-153.3869,59.3307],[-153.3478,59.378],[-153.4125,59.4151],[-153.489,59.4152],[-153.5974,59.3868]]],[[[-154.7797,57.3663],[-154.7938,57.2889],[-154.6919,57.2841],[-154.595,57.2572],[-154.5234,57.1291],[-154.5285,57.0019],[-154.4075,56.9683],[-154.3129,56.9187],[-154.3057,56.8469],[-154.129,56.7422],[-154.1531,56.6817],[-154.017,56.6893],[-153.9718,56.7449],[-153.9022,56.7712],[-153.8396,56.8221],[-153.7765,56.8303],[-153.6036,56.8873],[-153.5415,56.8879],[-153.5434,56.9952],[-153.5808,57.049],[-153.4865,57.0859],[-153.4043,57.0805],[-153.342,56.9828],[-153.2668,56.9996],[-153.2002,57.042],[-153.0643,57.1038],[-152.9005,57.1321],[-152.8803,57.1648],[-152.9493,57.1873],[-152.9435,57.257],[-152.6957,57.2813],[-152.6304,57.3227],[-152.5705,57.4489],[-152.4749,57.4342],[-152.3237,57.3427],[-152.2536,57.384],[-152.3237,57.4679],[-152.2596,57.5272],[-152.1597,57.5936],[-152.1616,57.6233],[-152.314,57.6364],[-152.3868,57.6679],[-152.4402,57.7266],[-152.2988,57.7459],[-152.2122,57.7914],[-152.3512,57.8348],[-152.3241,57.9166],[-152.4226,57.9487],[-152.4326,57.976],[-152.5263,57.9133],[-152.6354,57.9186],[-152.6812,57.8757],[-152.7534,57.8345],[-152.7902,57.8581],[-152.8048,57.8992],[-152.752,57.9335],[-152.7225,57.9874],[-152.7667,58.0299],[-152.529,58.0938],[-152.4827,58.1298],[-152.3744,58.12],[-152.1122,58.1486],[-152.0341,58.1837],[-151.8623,58.1683],[-151.7957,58.2111],[-151.8171,58.2634],[-151.9818,58.348],[-152.0892,58.3676],[-152.1293,58.3964],[-152.2278,58.3764],[-152.3017,58.4287],[-152.3561,58.4235],[-152.3449,58.3916],[-152.3873,58.3595],[-152.4322,58.3552],[-152.4985,58.3724],[-152.5125,58.4273],[-152.4672,58.4766],[-152.3876,58.5229],[-152.3372,58.5891],[-152.3547,58.6383],[-152.4538,58.6185],[-152.5602,58.6197],[-152.6161,58.6019],[-152.6662,58.5441],[-152.6403,58.4699],[-152.7338,58.4607],[-152.7878,58.4113],[-152.8831,58.4004],[-152.9256,58.3397],[-153.0443,58.3063],[-153.1018,58.2579],[-153.2028,58.2081],[-153.2237,58.1621],[-153.3161,58.1404],[-153.4198,58.0596],[-153.3656,58.0391],[-153.299,57.9856],[-153.3864,57.9365],[-153.4846,57.9765],[-153.5332,57.9411],[-153.512,57.9092],[-153.6488,57.8801],[-153.7212,57.8906],[-153.7814,57.8764],[-153.9352,57.813],[-153.9303,57.6968],[-153.9946,57.6569],[-154.197,57.6646],[-154.2925,57.6442],[-154.4114,57.5985],[-154.5221,57.5778],[-154.6187,57.515],[-154.7797,57.3663]]],[[[-154.8404,56.4203],[-154.7429,56.4017],[-154.6243,56.4752],[-154.5295,56.5027],[-154.0209,56.482],[-153.8877,56.5336],[-153.8788,56.5659],[-154.025,56.5725],[-154.0958,56.6178],[-154.5141,56.6041],[-154.7061,56.5213],[-154.8404,56.4203]]],[[[-155.75,55.8218],[-155.7186,55.7724],[-155.591,55.7617],[-155.5663,55.7895],[-155.5306,55.9122],[-155.6054,55.9288],[-155.75,55.8218]]],[[[-156.7336,56.0776],[-156.7353,56.0226],[-156.6818,55.9943],[-156.6182,56.0178],[-156.6148,56.0652],[-156.683,56.0988],[-156.7336,56.0776]]],[[[-157.2887,56.566],[-157.3261,56.5252],[-157.1688,56.5302],[-157.0472,56.5199],[-156.9755,56.5404],[-157.0911,56.5811],[-157.172,56.598],[-157.2887,56.566]]],[[[-160.2527,54.9133],[-160.227,54.8641],[-160.027,55.0209],[-159.8136,55.0275],[-159.7528,55.0661],[-159.6352,55.0373],[-159.5044,55.0273],[-159.448,54.9414],[-159.3097,54.8658],[-159.2724,54.8642],[-159.2032,54.9148],[-159.4888,55.1888],[-159.5211,55.2534],[-159.6703,55.1823],[-159.8164,55.1781],[-159.8439,55.2494],[-159.8706,55.2849],[-160.0253,55.2039],[-160.1371,55.1716],[-160.1873,55.1184],[-160.1921,55.0382],[-160.2527,54.9133]]],[[[-160.8566,55.3185],[-160.8419,55.2044],[-160.8214,55.1179],[-160.7349,55.1513],[-160.6556,55.1603],[-160.5252,55.1299],[-160.4865,55.182],[-160.5276,55.2564],[-160.4683,55.2889],[-160.3412,55.2518],[-160.3065,55.3033],[-160.154,55.3775],[-160.137,55.4507],[-160.2606,55.4637],[-160.5175,55.3794],[-160.6874,55.4022],[-160.8089,55.3701],[-160.8566,55.3185]]],[[[-161.0785,58.6356],[-161.0756,58.5499],[-160.9614,58.5537],[-160.8805,58.5813],[-160.6793,58.7802],[-160.7006,58.8174],[-161.0566,58.7022],[-161.0785,58.6356]]],[[[-161.426,55.2166],[-161.4513,55.178],[-161.3442,55.1585],[-161.3299,55.2194],[-161.426,55.2166]]],[[[-161.6971,55.2491],[-161.6916,55.1985],[-161.5602,55.207],[-161.5234,55.2717],[-161.6971,55.2491]]],[[[-162.8444,54.5104],[-162.8617,54.4248],[-162.7602,54.3722],[-162.6086,54.3691],[-162.4669,54.3427],[-162.3888,54.3676],[-162.3448,54.4013],[-162.5853,54.448],[-162.8444,54.5104]]],[[[-165.6022,54.0453],[-165.5558,54.0236],[-165.2877,54.0383],[-165.0883,54.0725],[-164.9561,54.061],[-164.8162,54.1588],[-164.7637,54.2232],[-164.8242,54.2255],[-165.0079,54.1349],[-165.141,54.1311],[-165.2808,54.1156],[-165.6022,54.0453]]],[[[-166.0615,54.1851],[-166.1122,54.1225],[-166.0464,54.0442],[-165.9016,54.0629],[-165.8751,54.0364],[-165.7844,54.0694],[-165.5492,54.1122],[-165.3837,54.1967],[-165.4785,54.2953],[-165.6256,54.299],[-165.8682,54.2149],[-165.9598,54.221],[-166.0615,54.1851]]],[[[-167.4306,60.197],[-167.3435,60.1263],[-167.3333,60.0666],[-167.2257,60.0409],[-167.0658,59.988],[-166.9396,59.9655],[-166.7952,59.9132],[-166.6655,59.8782],[-166.5128,59.8464],[-166.3621,59.8386],[-166.2722,59.8115],[-166.1904,59.7502],[-166.0843,59.7761],[-166.085,59.8396],[-165.9823,59.8716],[-165.8568,59.8697],[-165.7698,59.9005],[-165.7066,59.8836],[-165.5823,59.9082],[-165.5326,59.9534],[-165.7092,60.066],[-165.6667,60.1243],[-165.7235,60.1638],[-165.6836,60.1983],[-165.7225,60.2365],[-165.6799,60.2924],[-165.8831,60.3434],[-166.0373,60.3195],[-166.1033,60.3673],[-166.1498,60.4367],[-166.241,60.3888],[-166.3719,60.3552],[-166.4904,60.3895],[-166.6166,60.3192],[-166.7135,60.3273],[-166.8358,60.2688],[-166.8131,60.2498],[-166.8426,60.2105],[-167.1128,60.2315],[-167.3176,60.2315],[-167.4306,60.197]]],[[[-167.7909,53.3355],[-167.8515,53.3087],[-167.7478,53.2736],[-167.6222,53.2504],[-167.5392,53.2779],[-167.4882,53.2691],[-167.4177,53.3299],[-167.3081,53.3343],[-167.2918,53.3641],[-167.1663,53.4128],[-167.0754,53.425],[-166.7492,53.4409],[-166.581,53.5304],[-166.4449,53.6406],[-166.3203,53.6743],[-166.2441,53.7107],[-166.1387,53.7311],[-166.0975,53.8269],[-166.113,53.8537],[-166.1988,53.8361],[-166.3368,53.7871],[-166.4049,53.8093],[-166.32,53.8695],[-166.2509,53.8769],[-166.2107,53.9159],[-166.0753,53.9696],[-166.1724,53.9981],[-166.2645,53.9775],[-166.3571,54.0023],[-166.5084,53.9239],[-166.5874,53.9598],[-166.6446,54.0145],[-166.7426,54.0155],[-166.8795,53.9887],[-167.0313,53.9452],[-167.141,53.8668],[-167.142,53.8269],[-167.0058,53.7554],[-167.0718,53.6656],[-167.1078,53.6331],[-167.1616,53.6059],[-167.1357,53.5512],[-167.2788,53.4786],[-167.3698,53.4506],[-167.4574,53.4428],[-167.5912,53.3933],[-167.6945,53.388],[-167.7909,53.3355]]],[[[-169.2865,52.7847],[-169.2618,52.7549],[-169.005,52.83],[-168.851,52.908],[-168.7555,52.9075],[-168.6885,52.9664],[-168.614,53.0088],[-168.4571,53.0558],[-168.4125,53.1107],[-168.3431,53.1706],[-168.2962,53.2272],[-168.092,53.2883],[-167.8423,53.3865],[-167.8568,53.4286],[-167.8081,53.4739],[-167.7892,53.5193],[-167.9147,53.5227],[-168.027,53.5628],[-168.2383,53.5219],[-168.3421,53.476],[-168.3954,53.3978],[-168.4451,53.2653],[-168.5819,53.2865],[-168.7633,53.1828],[-168.8049,53.12],[-168.7852,53.045],[-168.8611,53.0164],[-168.9595,52.9367],[-169.2865,52.7847]]],[[[-169.8183,56.6336],[-169.6858,56.5397],[-169.5826,56.5369],[-169.4538,56.5838],[-169.4743,56.6252],[-169.6137,56.6228],[-169.8183,56.6336]]],[[[-170.1707,52.7849],[-170.2079,52.7089],[-170.0777,52.7204],[-169.9515,52.7886],[-169.8185,52.7916],[-169.7039,52.7771],[-169.6665,52.8643],[-169.6624,52.9518],[-169.68,53.0351],[-169.7475,53.0932],[-169.8202,53.0668],[-169.7627,52.978],[-169.8576,52.9085],[-170.0263,52.9449],[-170.0922,52.9194],[-170.1707,52.7849]]],[[[-170.42,57.2129],[-170.4219,57.1612],[-170.2863,57.1282],[-170.1339,57.1813],[-170.144,57.2428],[-170.3031,57.238],[-170.42,57.2129]]],[[[-170.8179,52.6363],[-170.8419,52.5582],[-170.7885,52.5402],[-170.6859,52.5812],[-170.585,52.5872],[-170.5321,52.68],[-170.6715,52.6981],[-170.8179,52.6363]]],[[[-171.3127,52.4935],[-171.3042,52.45],[-171.2267,52.4343],[-171.196,52.5001],[-171.2568,52.5286],[-171.3127,52.4935]]],[[[-171.8368,63.5649],[-171.85,63.485],[-171.7601,63.3816],[-171.4333,63.3076],[-171.2263,63.3951],[-171.0677,63.4246],[-170.8962,63.4177],[-170.6635,63.3761],[-170.4307,63.3143],[-170.3036,63.2387],[-170.263,63.1791],[-170.1865,63.1816],[-170.0496,63.1634],[-169.8812,63.1058],[-169.7885,63.043],[-169.7572,62.9601],[-169.6383,62.9375],[-169.568,62.9769],[-169.577,63.027],[-169.535,63.0744],[-169.4367,63.1136],[-169.2305,63.1729],[-169.075,63.1777],[-168.9391,63.1377],[-168.8417,63.1538],[-168.7515,63.218],[-168.6851,63.2964],[-168.9374,63.3338],[-169.4627,63.3605],[-169.5666,63.3887],[-169.6565,63.4299],[-169.8571,63.442],[-170.0079,63.4754],[-170.0958,63.6127],[-170.1764,63.6255],[-170.2675,63.6758],[-170.3449,63.6942],[-170.4882,63.6967],[-170.6063,63.6727],[-170.859,63.5875],[-170.9508,63.5701],[-171.3093,63.6211],[-171.5529,63.6663],[-171.6132,63.7851],[-171.7434,63.783],[-171.8028,63.7164],[-171.7919,63.6206],[-171.8368,63.5649]]],[[[-172.6123,52.3068],[-172.64,52.2448],[-172.5281,52.2543],[-172.4144,52.2767],[-172.3014,52.33],[-172.3264,52.3665],[-172.4482,52.3914],[-172.5451,52.3579],[-172.6123,52.3068]]],[[[-173.0746,60.7047],[-173.1156,60.659],[-173.0638,60.5026],[-172.896,60.4506],[-172.6303,60.3349],[-172.2543,60.2974],[-172.2389,60.3366],[-172.3809,60.3828],[-172.5459,60.4122],[-172.8473,60.5167],[-172.9126,60.6041],[-173.0746,60.7047]]],[[[-175.3016,52.0556],[-175.3233,52.0075],[-175.0148,52.007],[-174.8923,52.0197],[-174.7366,52.0073],[-174.5563,52.0367],[-174.4087,52.0128],[-174.3827,52.0817],[-174.2783,52.0895],[-173.8207,52.0433],[-173.6953,52.0553],[-173.513,52.0253],[-173.1696,52.0438],[-172.9802,52.064],[-172.9478,52.1074],[-173.1744,52.1263],[-173.3752,52.1082],[-173.5299,52.1594],[-173.6544,52.1462],[-174.0226,52.1337],[-174.047,52.2363],[-173.9852,52.3176],[-174.0682,52.3903],[-174.1853,52.4178],[-174.3298,52.3735],[-174.456,52.3137],[-174.463,52.213],[-174.5547,52.1604],[-174.7152,52.1274],[-174.8872,52.1286],[-175.0312,52.0921],[-175.3016,52.0556]]],[[[-176.9501,51.6867],[-176.9874,51.6069],[-176.9389,51.591],[-176.809,51.6162],[-176.7154,51.6204],[-176.656,51.6583],[-176.4671,51.7267],[-176.2899,51.7417],[-175.9985,51.8015],[-175.963,51.8463],[-175.7891,51.9193],[-175.6397,51.9336],[-175.4249,51.9723],[-175.4505,52.0127],[-175.6643,51.9939],[-175.8078,51.9897],[-175.8875,51.9951],[-176.0076,52.0662],[-176.056,52.1095],[-176.1495,52.1176],[-176.2112,52.0647],[-176.1686,51.948],[-176.1739,51.8824],[-176.5764,51.8423],[-176.5547,51.9098],[-176.5491,51.9556],[-176.58,52.0032],[-176.6988,51.9645],[-176.774,51.9659],[-176.8104,51.9271],[-176.7625,51.8679],[-176.7819,51.8324],[-176.9171,51.797],[-176.9501,51.6867]]],[[[-177.6701,51.7434],[-177.7078,51.7033],[-177.6514,51.6536],[-177.348,51.6965],[-177.2751,51.6805],[-177.1899,51.6972],[-177.1052,51.7193],[-177.0987,51.8296],[-177.0451,51.8986],[-177.0993,51.9361],[-177.1813,51.9432],[-177.1995,51.9102],[-177.2282,51.8038],[-177.3131,51.7782],[-177.4921,51.7703],[-177.6701,51.7434]]],[[[-178.1971,51.9055],[-178.2241,51.8649],[-178.0861,51.808],[-177.9953,51.7815],[-177.9816,51.7156],[-178.0548,51.7048],[-178.1179,51.6778],[-178.0457,51.6301],[-177.9092,51.5967],[-177.868,51.6794],[-177.755,51.7728],[-177.6493,51.8019],[-177.6153,51.8551],[-177.7574,51.847],[-177.8874,51.8509],[-177.9521,51.9153],[-178.0906,51.9194],[-178.1971,51.9055]]],[[[-178.8893,51.5704],[-178.826,51.5471],[-178.7346,51.5423],[-178.5848,51.5639],[-178.5515,51.6102],[-178.6781,51.626],[-178.8893,51.5704]]],[[[-178.8768,51.8379],[-178.896,51.7792],[-178.7924,51.7461],[-178.7334,51.7839],[-178.7797,51.8515],[-178.8768,51.8379]]],[[[-179.1743,51.2791],[-179.1269,51.2199],[-178.9089,51.3406],[-178.9269,51.3836],[-178.9956,51.4145],[-179.1743,51.2791]]]]},"properties":{"GEOID":"0200","BASENAME":"Congressional District (at Large)","NAME":"Congressional District (at Large)","STATE":"02","CD119":"00"}},{"type":"Feature","geometry":{"type":"Polygon","coordinates":[[[-111.809,32.9122],[-111.8776,32.8722],[-111.7574,32.8279],[-111.672,32.6461],[-111.4996,32.6466],[-111.4655,32.6148],[-111.4657,32.5013],[-111.3516,32.5014],[-111.3043,32.4511],[-111.3042,32.3933],[-111.234,32.4025],[-111.2338,32.3658],[-111.1389,32.3783],[-111.1053,32.3087],[-111.043,32.3154],[-110.9267,32.2649],[-110.9096,32.2216],[-110.8295,32.221],[-110.9093,32.1952],[-110.9095,32.1343],[-110.858,32.1416],[-110.8589,31.9631],[-110.9444,31.9503],[-111.0091,31.8528],[-111.058,31.7262],[-110.4523,31.7312],[-110.4608,31.6139],[-110.4599,31.3999],[-110.4395,31.4228],[-110.3969,31.3762],[-110.2391,31.3478],[-110.2071,31.3799],[-110.2407,31.4091],[-110.1223,31.4091],[-110.0375,31.3799],[-110.0035,31.4685],[-110.0532,31.4686],[-110.0534,31.5531],[-109.8519,31.5532],[-109.8245,31.5187],[-109.8171,31.438],[-109.6302,31.437],[-109.6465,31.4661],[-109.4813,31.454],[-109.4644,31.3871],[-109.4945,31.3334],[-109.05,31.3325],[-109.0466,33.7774],[-109.3486,33.7781],[-109.3646,33.7388],[-109.4801,33.6914],[-109.4954,33.6527],[-109.4957,33.0784],[-109.5937,33.0165],[-109.6649,33.0146],[-109.7603,33.0712],[-109.767,33.123],[-109.833,33.1579],[-109.9259,33.1702],[-109.9579,33.2322],[-110.0224,33.2455],[-110.0554,33.3045],[-110.0548,32.8751],[-110.1367,32.9584],[-110.2304,32.9895],[-110.3951,33.0066],[-110.4494,32.9874],[-110.4485,32.7712],[-111.161,32.7735],[-111.2596,32.7626],[-111.3613,32.7629],[-111.3615,32.8497],[-111.498,32.8504],[-111.5152,32.7778],[-111.5153,32.8359],[-111.5677,32.8358],[-111.6536,32.8943],[-111.809,32.9122]]]},"properties":{"GEOID":"0406","BASENAME":"6","NAME":"Congressional District 6","STATE":"04","CD119":"06"}},{"type":"Feature","geometry":{"type":"Polygon","coordinates":[[[-88.3551,42.2408],[-88.3544,42.154],[-88.1996,42.1543],[-88.1994,42.203],[-88.058,42.2189],[-87.9816,42.1536],[-87.9361,42.0808],[-87.8399,42.0658],[-87.8419,42.011],[-87.675,41.9908],[-87.6422,41.9548],[-87.6824,42.0757],[-87.6907,42.0831],[-87.7703,42.1234],[-87.9319,42.111],[-87.962,42.1535],[-87.969,42.1536],[-88.0338,42.2691],[-88.1793,42.2642],[-88.1985,42.2846],[-88.1985,42.2416],[-88.3551,42.2408]]]},"properties":{"GEOID":"1709","BASENAME":"9","NAME":"Congressional District 9","STATE":"17","CD119":"09"}},{"type":"Feature","geometry":{"type":"Polygon","coordinates":[[[-81.9184,36.2874],[-81.909,36.2164],[-81.8292,36.1688],[-81.8105,36.1115],[-81.7357,36.0676],[-81.8072,35.962],[-81.7097,35.875],[-81.556,35.7775],[-81.3638,35.7678],[-81.3343,35.7963],[-81.1431,35.8279],[-81.1095,35.7766],[-81.0413,35.8579],[-81.0055,35.9583],[-81.0288,36.0457],[-80.9757,36.0588],[-80.8816,36.0557],[-80.8732,36.2363],[-80.6242,36.2868],[-80.5479,36.2854],[-80.4527,36.2417],[-80.4519,36.2615],[-80.0351,36.2572],[-80.04,36.1108],[-79.8147,36.075],[-79.8686,36.0298],[-79.7797,35.9909],[-79.6911,36.0392],[-79.7215,36.0595],[-79.6996,36.1775],[-79.8681,36.1727],[-79.8674,36.2518],[-79.5324,36.2415],[-79.5136,36.5407],[-80.2952,36.544],[-80.7048,36.5623],[-80.9017,36.5618],[-81.6775,36.5881],[-81.7,36.5368],[-81.6953,36.4679],[-81.7343,36.4133],[-81.706,36.3385],[-81.8332,36.3473],[-81.9081,36.302],[-81.9184,36.2874]]]},"properties":{"GEOID":"3705","BASENAME":"5","NAME":"Congressional District 5","STATE":"37","CD119":"05"}},{"type":"Feature","geometry":{"type":"Polygon","coordinates":[[[-97.8341,35.7259],[-97.8309,35.4645],[-97.6714,35.4479],[-97.6715,35.4642],[-97.5949,35.4933],[-97.5299,35.4933],[-97.5231,35.4565],[-97.3546,35.4894],[-97.3356,35.4785],[-97.3355,35.3772],[-97.1421,35.3769],[-97.1423,34.9282],[-97.0159,34.9073],[-96.9306,34.9644],[-96.8854,34.9263],[-96.8135,34.9446],[-96.7276,34.8572],[-96.7109,34.9117],[-96.5771,34.9166],[-96.5286,34.8696],[-96.4908,34.9106],[-96.4904,35.1159],[-96.4413,35.1158],[-96.4412,35.4677],[-96.5367,35.3908],[-96.6237,35.4007],[-96.6197,35.9416],[-97.2036,35.9448],[-97.3236,36.0109],[-97.4341,35.9101],[-97.6744,35.861],[-97.674,35.726],[-97.8341,35.7259]]]},"properties":{"GEOID":"4005","BASENAME":"5","NAME":"Congressional District 5","STATE":"40","CD119":"05"}},{"type":"Feature","geometry":{"type":"Polygon","coordinates":[[[-87.651,35.5688],[-87.7176,35.4833],[-87.6459,35.4727],[-87.5754,35.3985],[-87.4488,35.4206],[-87.4485,35.4578],[-87.2945,35.4447],[-87.2279,35.4293],[-87.1291,35.456],[-86.9608,35.417],[-86.9065,35.3141],[-86.8283,35.2637],[-86.7469,35.2529],[-86.6026,35.327],[-86.5995,35.365],[-86.6186,35.3674],[-86.6642,35.4918],[-86.6394,35.6859],[-86.6862,35.7101],[-86.6133,35.7903],[-86.6189,35.9682],[-86.5469,36.0878],[-86.5156,36.1006],[-86.2517,35.9611],[-86.177,35.9575],[-86.2161,36.0036],[-86.1851,36.098],[-86.2886,36.2492],[-86.4173,36.265],[-86.4775,36.2309],[-86.5671,36.2713],[-86.5944,36.2454],[-86.6228,36.2488],[-86.6193,36.0893],[-86.7515,36.1112],[-86.8384,36.1418],[-87.0388,36.0789],[-87.0537,36.0456],[-87.0394,35.9892],[-87.0161,35.9979],[-86.9708,35.9371],[-86.8076,35.9661],[-86.8316,35.8595],[-86.9293,35.7782],[-87.004,35.779],[-87.2151,35.8507],[-87.2556,35.7005],[-87.3392,35.6591],[-87.4596,35.6151],[-87.5869,35.6533],[-87.6582,35.6093],[-87.651,35.5688]]]},"properties":{"GEOID":"4705","BASENAME":"5","NAME":"Congressional District 5","STATE":"47","CD119":"05"}},{"type":"Feature","geometry":{"type":"Polygon","coordinates":[[[-81.6738,28.347],[-81.6587,28.2543],[-81.6206,28.2543],[-81.5395,28.2282],[-81.5173,28.1428],[-81.5407,28.1334],[-81.5277,28.118],[-81.5393,28.1096],[-81.515,28.0585],[-81.529,28.0536],[-81.5292,28.0343],[-81.5128,28.0267],[-81.4556,28.0276],[-81.4509,28.0338],[-81.3087,27.9219],[-81.3019,27.8621],[-81.2081,27.8211],[-81.1315,27.6494],[-81.1422,27.6432],[-80.8731,27.6423],[-80.8812,27.8092],[-80.8689,27.8225],[-80.8629,28.3475],[-80.8728,28.3696],[-80.9374,28.3895],[-80.9791,28.4527],[-81.2303,28.4515],[-81.2478,28.5101],[-81.39,28.5147],[-81.4048,28.4345],[-81.474,28.4161],[-81.5319,28.3473],[-81.6738,28.347]]]},"properties":{"GEOID":"1209","BASENAME":"9","NAME":"Congressional District 9","STATE":"12","CD119":"09"}},{"type":"Feature","geometry":{"type":"Polygon","coordinates":[[[-117.7316,33.4941],[-117.7392,33.4934],[-117.7153,33.4606],[-117.6456,33.4407],[-117.5959,33.3866],[-117.5477,33.3655],[-117.4456,33.2685],[-117.3626,33.1684],[-117.3153,33.0935],[-117.2808,33.0123],[-117.2637,32.9395],[-117.1949,33.084],[-117.2299,33.1312],[-117.1974,33.2082],[-117.2023,33.253],[-117.245,33.2671],[-117.2621,33.3583],[-117.2249,33.432],[-117.3643,33.5049],[-117.5097,33.5052],[-117.4927,33.5577],[-117.5591,33.535],[-117.618,33.6024],[-117.659,33.5338],[-117.721,33.5506],[-117.7316,33.4941]]]},"properties":{"GEOID":"0649","BASENAME":"49","NAME":"Congressional District 49","STATE":"06","CD119":"49"}},{"type":"Feature","geometry":{"type":"Polygon","coordinates":[[[-82.6992,31.2781],[-82.6717,31.1837],[-82.5921,31.0185],[-82.4906,30.9632],[-82.4955,30.8196],[-82.4359,30.8201],[-82.419,30.5809],[-82.2186,30.5644],[-82.2294,30.5208],[-82.201,30.4744],[-82.2103,30.4246],[-82.18,30.3686],[-82.0947,30.3608],[-82.0408,30.3701],[-82.0157,30.6017],[-82.0495,30.6555],[-82.0327,30.7507],[-81.9432,30.8274],[-81.9024,30.8208],[-81.8686,30.7928],[-81.8085,30.79],[-81.7634,30.7738],[-81.7322,30.7496],[-81.6683,30.7446],[-81.6333,30.7296],[-81.5617,30.7156],[-81.5072,30.7229],[-81.4441,30.7097],[-81.4601,30.7699],[-81.4052,30.9082],[-81.4085,30.9777],[-81.4205,31.0167],[-81.4013,31.0728],[-81.4021,31.1254],[-81.3682,31.1365],[-81.305,31.2062],[-81.2828,31.2443],[-81.261,31.3039],[-81.2793,31.3511],[-81.2586,31.4044],[-81.1773,31.5171],[-81.1731,31.5559],[-81.1335,31.6233],[-81.1394,31.6999],[-81.1306,31.7227],[-81.0771,31.7613],[-81.0003,31.8567],[-80.9112,31.9438],[-80.8484,31.9883],[-80.8431,32.0242],[-80.9432,32.0578],[-81.0067,32.1012],[-81.0383,32.0845],[-81.1133,32.1132],[-81.1194,32.1771],[-81.1535,32.2377],[-81.128,32.2763],[-81.133,32.3348],[-81.1735,32.3849],[-81.2577,32.3356],[-81.327,32.3614],[-81.3894,32.2937],[-81.4503,32.2974],[-81.4351,32.2594],[-81.4358,32.2413],[-81.7809,32.1529],[-81.7563,32.1046],[-81.7187,32.0894],[-81.7617,32.0479],[-81.8244,32.0149],[-81.9814,31.7946],[-81.9691,31.7893],[-81.9829,31.7849],[-82.0486,31.8271],[-82.1118,31.9005],[-82.225,31.9131],[-82.4072,31.9495],[-82.4315,31.9662],[-82.4314,31.838],[-82.5203,31.8384],[-82.5507,31.7363],[-82.5214,31.7108],[-82.5214,31.6725],[-82.6273,31.6727],[-82.6283,31.5583],[-82.5975,31.4693],[-82.6282,31.4694],[-82.6296,31.2747],[-82.6992,31.2781]]]},"properties":{"GEOID":"1301","BASENAME":"1","NAME":"Congressional District 1","STATE":"13","CD119":"01"}},{"type":"Feature","geometry":{"type":"Polygon","coordinates":[[[-96.4533,43.5523],[-96.4533,43.5004],[-91.2177,43.5006],[-91.2328,43.5648],[-91.2529,43.6004],[-91.2733,43.6666],[-91.244,43.773],[-91.291,43.8527],[-91.4405,44.0015],[-91.5733,44.0269],[-91.6479,44.0641],[-91.7191,44.1289],[-91.8173,44.1642],[-91.8927,44.2311],[-91.9162,44.3181],[-91.9636,44.3621],[-92.1111,44.4139],[-92.2325,44.4454],[-92.291,44.4855],[-92.3141,44.538],[-92.3615,44.5589],[-92.5493,44.5777],[-92.618,44.6129],[-92.7316,44.7149],[-92.732,44.6295],[-92.7926,44.6297],[-92.7926,44.543],[-93.0393,44.5154],[-93.0399,44.4287],[-93.1207,44.3704],[-93.4031,44.3705],[-93.4046,44.1964],[-93.768,44.1958],[-93.768,44.2394],[-94.0119,44.2395],[-93.9328,44.344],[-93.9349,44.4567],[-94.7806,44.4567],[-94.8149,44.4845],[-94.8658,44.4982],[-94.8662,44.3402],[-94.7458,44.2972],[-94.7383,44.1089],[-94.8598,44.108],[-94.8594,43.8481],[-96.4529,43.8495],[-96.4533,43.5523]]]},"properties":{"GEOID":"2701","BASENAME":"1","NAME":"Congressional District 1","STATE":"27","CD119":"01"}},{"type":"Feature","geometry":{"type":"Polygon","coordinates":[[[-73.9532,40.8475],[-73.965,40.8263],[-73.9318,40.8079],[-73.9026,40.8174],[-73.8304,40.8645],[-73.8444,40.9042],[-73.9205,40.9186],[-73.9349,40.8826],[-73.887,40.8825],[-73.8804,40.8692],[-73.9144,40.848],[-73.945,40.8622],[-73.9532,40.8475]]]},"properties":{"GEOID":"3615","BASENAME":"15","NAME":"Congressional District 15","STATE":"36","CD119":"15"}},{"type":"Feature","geometry":{"type":"Polygon","coordinates":[[[-72.7667,42.003],[-72.7748,42.0021],[-72.7162,41.9498],[-72.5133,41.9454],[-72.5075,41.8097],[-72.4639,41.7456],[-72.6136,41.7282],[-72.5411,41.6839],[-72.6278,41.6402],[-72.5442,41.6427],[-72.5293,41.6174],[-72.5608,41.554],[-72.6337,41.5002],[-72.609,41.4431],[-72.6787,41.4338],[-72.6317,41.3094],[-72.6544,41.2656],[-72.598,41.2687],[-72.5472,41.2505],[-72.4059,41.2784],[-72.3866,41.2618],[-72.3486,41.2774],[-72.293,41.28],[-72.2014,41.3157],[-72.1342,41.2994],[-72.0944,41.3142],[-72.0219,41.3168],[-71.8863,41.3364],[-71.8605,41.3202],[-71.836,41.3539],[-71.8396,41.4121],[-71.7977,41.4167],[-71.7897,41.7247],[-71.8006,42.0236],[-72.7355,42.0364],[-72.7667,42.003]]]},"properties":{"GEOID":"0902","BASENAME":"2","NAME":"Congressional District 2","STATE":"09","CD119":"02"}},{"type":"Feature","geometry":{"type":"Polygon","coordinates":[[[-82.1847,29.1209],[-82.1236,28.9602],[-81.9542,28.9601],[-81.9535,28.887],[-81.7988,28.8811],[-81.6925,28.8383],[-81.6465,28.7859],[-81.593,28.786],[-81.5762,28.8043],[-81.4196,28.8152],[-81.3724,28.8689],[-81.3322,28.9748],[-81.2578,28.9555],[-81.2316,29.0176],[-81.084,29.0121],[-81.0877,29.1059],[-80.9792,29.1549],[-80.9954,29.2061],[-81.1636,29.5553],[-81.2567,29.7847],[-81.2619,29.8221],[-81.2766,29.841],[-81.3397,29.8171],[-81.3949,29.8614],[-81.5812,29.8402],[-81.8124,29.8365],[-81.9093,29.7936],[-81.9394,29.7475],[-82.0556,29.7182],[-82.0559,29.4712],[-82.0999,29.4189],[-82.1098,29.4354],[-82.1515,29.338],[-82.144,29.2231],[-82.0537,29.2025],[-82.0785,29.1353],[-82.1847,29.1209]]]},"properties":{"GEOID":"1206","BASENAME":"6","NAME":"Congressional District 6","STATE":"12","CD119":"06"}},{"type":"Feature","geometry":{"type":"Polygon","coordinates":[[[-82.0565,27.2078],[-82.0575,27.0321],[-81.5626,27.0338],[-81.5638,26.5133],[-81.4347,26.4855],[-81.4335,26.4184],[-81.2719,26.4226],[-81.2682,26.2531],[-80.8797,26.2593],[-80.8856,26.9589],[-80.6774,27.1216],[-80.6797,27.5587],[-80.7772,27.5587],[-80.778,27.6432],[-81.1422,27.6432],[-81.1315,27.6494],[-81.2081,27.8211],[-81.3019,27.8621],[-81.3087,27.9219],[-81.4509,28.0338],[-81.4556,28.0276],[-81.5128,28.0267],[-81.5292,28.0343],[-81.529,28.0536],[-81.515,28.0585],[-81.5393,28.1096],[-81.5277,28.118],[-81.5407,28.1334],[-81.5173,28.1428],[-81.5395,28.2282],[-81.6206,28.2543],[-81.8203,28.1565],[-81.8811,28.1717],[-81.9737,28.1281],[-81.9569,27.982],[-82.03,27.9238],[-82.0553,27.9273],[-82.0565,27.2078]]]},"properties":{"GEOID":"1218","BASENAME":"18","NAME":"Congressional District 18","STATE":"12","CD119":"18"}},{"type":"Feature","geometry":{"type":"Polygon","coordinates":[[[-82.5431,28.1898],[-82.536,28.1726],[-82.5419,28.0614],[-82.3513,28.0117],[-82.3542,27.9495],[-82.3196,27.9378],[-82.03,27.9238],[-81.9569,27.982],[-81.9742,28.1636],[-82.0555,28.2589],[-82.0756,28.2592],[-82.2157,28.334],[-82.3672,28.2376],[-82.4042,28.1859],[-82.5431,28.1898]]]},"properties":{"GEOID":"1215","BASENAME":"15","NAME":"Congressional District 15","STATE":"12","CD119":"15"}},{"type":"Feature","geometry":{"type":"MultiPolygon","coordinates":[[[[-156.0497,19.7805],[-156.0644,19.7308],[-156.029,19.6501],[-155.9977,19.6428],[-155.9782,19.6082],[-155.9515,19.4866],[-155.9247,19.4539],[-155.8887,19.348],[-155.9121,19.1791],[-155.9142,19.0991],[-155.8816,19.0366],[-155.8061,19.014],[-155.726,18.9694],[-155.672,18.9175],[-155.614,18.9704],[-155.5053,19.1379],[-155.4535,19.152],[-155.3907,19.2012],[-155.3606,19.2089],[-155.3134,19.2507],[-155.2646,19.2742],[-155.2059,19.2609],[-155.1596,19.2684],[-155.0205,19.3313],[-154.8766,19.4332],[-154.816,19.5006],[-154.8144,19.5301],[-154.9471,19.6049],[-154.9743,19.6332],[-154.9811,19.6907],[-155.0064,19.7393],[-155.0454,19.7398],[-155.0871,19.728],[-155.0863,19.8554],[-155.1666,19.9379],[-155.2703,20.0145],[-155.5026,20.1142],[-155.5589,20.1316],[-155.598,20.1245],[-155.7043,20.1917],[-155.737,20.2228],[-155.8533,20.2715],[-155.8907,20.2552],[-155.9028,20.1771],[-155.8906,20.1236],[-155.8255,20.0259],[-155.8319,19.9828],[-155.8566,19.9689],[-155.8925,19.9322],[-155.9157,19.8871],[-155.9493,19.857],[-155.9767,19.8505],[-156.0497,19.7805]]],[[[-156.6999,20.9206],[-156.6878,20.8907],[-156.6318,20.8212],[-156.5378,20.7784],[-156.506,20.7995],[-156.4736,20.7908],[-156.4319,20.5981],[-156.3776,20.5784],[-156.2844,20.5965],[-156.2103,20.6285],[-156.1299,20.6275],[-156.0438,20.6649],[-156.0019,20.6981],[-155.9854,20.7442],[-156.0035,20.7955],[-156.0598,20.8105],[-156.1327,20.8614],[-156.1947,20.892],[-156.2426,20.9378],[-156.3328,20.9464],[-156.4033,20.9158],[-156.4811,20.8982],[-156.5628,21.0162],[-156.6196,21.0278],[-156.6809,20.9803],[-156.6999,20.9206]]],[[[-156.6705,20.5599],[-156.7023,20.5325],[-156.6688,20.5047],[-156.5862,20.5117],[-156.5396,20.5276],[-156.543,20.5801],[-156.5671,20.6049],[-156.6107,20.5938],[-156.6705,20.5599]]],[[[-157.0591,20.9134],[-157.0597,20.8846],[-157.0109,20.8545],[-156.9918,20.8266],[-156.9907,20.7759],[-156.9679,20.7351],[-156.9091,20.7395],[-156.8383,20.7646],[-156.8085,20.8204],[-156.837,20.8636],[-156.8731,20.8947],[-156.9375,20.9253],[-157.01,20.9298],[-157.0591,20.9134]]],[[[-157.2772,21.1584],[-157.3107,21.1016],[-157.2525,21.0877],[-157.0807,21.102],[-156.8771,21.0493],[-156.8022,21.0671],[-156.7393,21.1113],[-156.7091,21.1587],[-156.7422,21.1762],[-156.9211,21.1691],[-156.9628,21.2121],[-156.984,21.2122],[-157.04,21.1909],[-157.2607,21.2257],[-157.2497,21.1844],[-157.2772,21.1584]]],[[[-158.2322,21.5838],[-158.2777,21.5788],[-158.2312,21.5239],[-158.233,21.4876],[-158.1826,21.4301],[-158.1792,21.4043],[-158.1403,21.3738],[-158.1033,21.2979],[-158.0866,21.2991],[-158.0192,21.3903],[-158.0278,21.4918],[-157.8962,21.5016],[-157.8725,21.4398],[-157.7872,21.3411],[-157.655,21.3094],[-157.6518,21.3139],[-157.7106,21.3585],[-157.7243,21.4033],[-157.7225,21.4592],[-157.7646,21.4613],[-157.8139,21.4403],[-157.8455,21.4667],[-157.8369,21.5299],[-157.8774,21.5753],[-157.9686,21.7127],[-157.9923,21.708],[-158.0507,21.6712],[-158.0799,21.6281],[-158.1256,21.5867],[-158.2322,21.5838]]],[[[-159.7837,22.0649],[-159.7867,22.0188],[-159.7548,21.9778],[-159.6498,21.9338],[-159.6033,21.8922],[-159.4449,21.8686],[-159.3377,21.9512],[-159.3345,22.0417],[-159.3183,22.0614],[-159.293,22.123],[-159.3123,22.1831],[-159.4025,22.2326],[-159.4317,22.22],[-159.4879,22.2295],[-159.5108,22.2035],[-159.5439,22.2217],[-159.5811,22.2235],[-159.7305,22.14],[-159.7452,22.0975],[-159.7837,22.0649]]],[[[-160.2496,21.8151],[-160.2304,21.7897],[-160.2059,21.7795],[-160.1898,21.8224],[-160.1561,21.8679],[-160.0791,21.8961],[-160.0858,21.9273],[-160.0703,21.964],[-160.0511,21.9811],[-160.0585,21.9964],[-160.0721,22.0033],[-160.1127,21.9952],[-160.1223,21.9629],[-160.137,21.9486],[-160.194,21.9224],[-160.229,21.8891],[-160.2496,21.8151]]]]},"properties":{"GEOID":"1502","BASENAME":"2","NAME":"Congressional District 2","STATE":"15","CD119":"02"}},{"type":"Feature","geometry":{"type":"Polygon","coordinates":[[[-85.3867,33.9017],[-85.1844,32.8613],[-85.1143,32.7304],[-85.0698,32.5831],[-85.0071,32.5239],[-84.9998,32.5071],[-84.9569,32.4849],[-84.9818,32.6077],[-84.9079,32.5834],[-84.6946,32.5839],[-84.6938,32.6858],[-84.6829,32.7303],[-84.7005,32.8446],[-84.5707,32.8452],[-84.5069,32.8818],[-84.3804,32.7792],[-84.2358,32.7383],[-84.2026,32.69],[-84.1243,32.8009],[-84.1233,32.9322],[-84.0542,32.9315],[-84.0415,33.2026],[-84.1238,33.2028],[-84.089,33.2856],[-84.1506,33.3356],[-84.2439,33.3358],[-84.2492,33.3525],[-84.1814,33.4275],[-84.2034,33.4519],[-84.2947,33.4357],[-84.3536,33.4362],[-84.3544,33.3525],[-84.3881,33.3525],[-84.3817,33.4633],[-84.3975,33.4857],[-84.4958,33.4485],[-84.5569,33.5285],[-84.6094,33.5026],[-84.6246,33.5113],[-84.8512,33.5111],[-84.8174,33.5192],[-84.8048,33.5875],[-84.753,33.6303],[-84.7662,33.6371],[-84.7675,33.7869],[-84.8694,33.775],[-85.0379,33.8119],[-85.0369,33.8926],[-85.0503,33.9045],[-85.3867,33.9017]]]},"properties":{"GEOID":"1303","BASENAME":"3","NAME":"Congressional District 3","STATE":"13","CD119":"03"}},{"type":"Feature","geometry":{"type":"Polygon","coordinates":[[[-86.3744,40.5614],[-86.3758,40.4319],[-86.2713,40.4318],[-86.2364,40.403],[-86.243,40.3737],[-86.2407,39.9261],[-85.9376,39.9271],[-85.8625,39.9436],[-85.5762,39.9458],[-85.5762,40.0771],[-85.2144,40.0769],[-85.2199,40.379],[-85.4443,40.3791],[-85.4488,40.6536],[-85.8648,40.6517],[-85.8636,40.5655],[-86.3744,40.5614]]]},"properties":{"GEOID":"1805","BASENAME":"5","NAME":"Congressional District 5","STATE":"18","CD119":"05"}},{"type":"Feature","geometry":{"type":"Polygon","coordinates":[[[-86.3266,39.7198],[-86.3263,39.6322],[-86.2499,39.6336],[-86.2517,39.3417],[-86.0856,39.3442],[-86.0803,39.1525],[-85.8831,39.1575],[-85.7997,39.1275],[-85.6868,39.1309],[-85.6845,39.35],[-85.6306,39.3502],[-85.6293,39.4528],[-85.2976,39.4533],[-85.2981,39.5255],[-84.8162,39.522],[-84.8073,40.1802],[-84.953,40.1503],[-84.9974,40.1764],[-85.2164,40.1786],[-85.2144,40.0769],[-85.5762,40.0771],[-85.5762,39.9458],[-85.8625,39.9436],[-85.9376,39.9271],[-85.954,39.8696],[-85.9517,39.7264],[-86.1008,39.7161],[-86.3266,39.7198]]]},"properties":{"GEOID":"1806","BASENAME":"6","NAME":"Congressional District 6","STATE":"18","CD119":"06"}},{"type":"Feature","geometry":{"type":"Polygon","coordinates":[[[-86.9302,41.1723],[-86.9308,40.9124],[-86.4682,40.9099],[-86.468,40.8226],[-86.3646,40.8229],[-86.3541,40.7611],[-86.2789,40.7548],[-86.2785,40.6639],[-86.3354,40.6491],[-86.3467,40.5613],[-85.8636,40.5655],[-85.8648,40.6517],[-85.6386,40.6531],[-85.6438,41.0023],[-85.6832,41.0019],[-85.6866,41.1784],[-85.7652,41.1775],[-85.7687,41.4357],[-85.6535,41.4369],[-85.6598,41.7592],[-86.6997,41.7599],[-86.7008,41.5469],[-86.7263,41.5175],[-86.9298,41.519],[-86.9302,41.1723]]]},"properties":{"GEOID":"1802","BASENAME":"2","NAME":"Congressional District 2","STATE":"18","CD119":"02"}},{"type":"Feature","geometry":{"type":"Polygon","coordinates":[[[-81.8159,41.4663],[-81.8751,41.3906],[-81.7695,41.4184],[-81.7386,41.4625],[-81.7344,41.4186],[-81.6249,41.415],[-81.4946,41.3726],[-81.4883,41.4243],[-81.3918,41.4243],[-81.3748,41.4311],[-81.391,41.5697],[-81.4878,41.5701],[-81.4887,41.6345],[-81.6337,41.5405],[-81.7388,41.4885],[-81.8439,41.4946],[-81.8159,41.4663]]]},"properties":{"GEOID":"3911","BASENAME":"11","NAME":"Congressional District 11","STATE":"39","CD119":"11"}},{"type":"Feature","geometry":{"type":"MultiPolygon","coordinates":[[[[-90.4181,46.5661],[-90.3872,46.5337],[-90.3319,46.5533],[-90.2857,46.5188],[-90.2149,46.4999],[-90.1582,46.4205],[-90.1205,46.3369],[-89.0916,46.1385],[-88.8119,46.0216],[-88.74,46.0273],[-88.6791,46.0135],[-88.6578,45.9893],[-88.6131,45.9906],[-88.5939,46.0151],[-88.5267,46.0208],[-88.4099,45.9797],[-88.3802,45.9917],[-88.3095,45.9594],[-88.2463,45.963],[-88.178,45.9471],[-88.1153,45.9222],[-88.0739,45.8756],[-88.1351,45.8217],[-88.1055,45.7988],[-88.0485,45.7825],[-87.9959,45.7954],[-87.967,45.764],[-87.8798,45.7548],[-87.8051,45.7036],[-87.781,45.6739],[-87.8247,45.6532],[-87.7777,45.6092],[-87.8042,45.5247],[-87.8058,45.4731],[-87.8474,45.4442],[-87.8635,45.353],[-87.7509,45.355],[-87.7068,45.3838],[-87.6573,45.3688],[-87.6674,45.3164],[-87.7418,45.1971],[-87.6482,45.1064],[-87.5902,45.0953],[-87.549,45.1916],[-87.4652,45.2734],[-87.3509,45.4077],[-87.1722,45.6618],[-87.0704,45.7188],[-86.9643,45.6728],[-86.8387,45.7223],[-86.7733,45.8114],[-86.6473,45.7326],[-86.7052,45.6909],[-86.7123,45.6109],[-86.6369,45.5421],[-86.617,45.6206],[-86.5414,45.7081],[-86.4397,45.7607],[-86.3491,45.8342],[-86.278,45.9421],[-86.0721,45.9653],[-85.9138,45.9194],[-85.8104,45.9801],[-85.6972,45.9602],[-85.6486,45.9837],[-85.5409,46.0796],[-85.3814,46.082],[-85.152,46.0507],[-85.0036,46.0061],[-84.9175,45.9307],[-84.7928,45.8587],[-84.7064,45.8487],[-84.734,45.907],[-84.6329,45.951],[-84.5675,45.9477],[-84.4804,45.9778],[-84.3764,45.932],[-84.255,45.9561],[-84.0801,45.9708],[-83.9108,45.9656],[-83.801,45.9376],[-83.6577,45.9455],[-83.5831,45.9159],[-83.5263,45.9186],[-83.4806,45.9962],[-83.5986,46.0901],[-83.8158,46.1085],[-83.8823,46.0421],[-83.974,46.0816],[-84.0265,46.1316],[-84.1149,46.1741],[-84.1081,46.2412],[-84.0978,46.2565],[-84.1389,46.3722],[-84.1179,46.5176],[-84.1937,46.5399],[-84.293,46.4928],[-84.4203,46.5011],[-84.4934,46.4403],[-84.6079,46.4567],[-84.6784,46.4877],[-84.8498,46.4602],[-84.9695,46.4763],[-85.0274,46.5538],[-85.0283,46.6751],[-84.9647,46.7728],[-85.2569,46.7534],[-85.4821,46.6804],[-85.8411,46.6889],[-85.995,46.6737],[-86.1383,46.6729],[-86.4599,46.5519],[-86.5577,46.4874],[-86.6274,46.5337],[-86.6956,46.555],[-86.7502,46.4791],[-86.811,46.4497],[-86.9037,46.4661],[-86.977,46.5266],[-87.1751,46.4975],[-87.3668,46.5073],[-87.3816,46.5801],[-87.503,46.6475],[-87.5732,46.7205],[-87.5953,46.783],[-87.6872,46.8417],[-87.7769,46.8767],[-87.9003,46.9097],[-88.0652,46.9186],[-88.1437,46.9667],[-88.3727,46.8723],[-88.4779,46.8506],[-88.4554,46.9233],[-88.3856,47.0045],[-88.3401,47.0805],[-88.2399,47.1394],[-88.1942,47.2092],[-88.0165,47.3063],[-87.9434,47.3359],[-87.9416,47.3901],[-87.6047,47.3886],[-87.5915,47.4241],[-87.6801,47.4557],[-87.8012,47.4733],[-87.9293,47.4787],[-88.0853,47.469],[-88.2178,47.4487],[-88.4187,47.3712],[-88.5008,47.2935],[-88.5849,47.2424],[-88.6997,47.2048],[-88.8891,47.1006],[-88.9245,47.0422],[-88.9594,47.0085],[-89.1426,46.9849],[-89.2279,46.913],[-89.4152,46.844],[-89.6423,46.8253],[-89.7203,46.8304],[-89.832,46.8041],[-89.9185,46.7403],[-90.0454,46.6683],[-90.3276,46.6077],[-90.4181,46.5661]]],[[[-84.6162,45.8945],[-84.6508,45.8592],[-84.4841,45.7307],[-84.394,45.7276],[-84.356,45.7719],[-84.4197,45.7998],[-84.5179,45.8285],[-84.6162,45.8945]]],[[[-85.7018,45.7361],[-85.6969,45.6973],[-85.6227,45.586],[-85.5616,45.5722],[-85.5093,45.5965],[-85.3771,45.769],[-85.361,45.8176],[-85.5244,45.8298],[-85.6519,45.7431],[-85.7018,45.7361]]],[[[-86.1381,45.043],[-86.1548,45.0024],[-86.0815,44.9901],[-85.9769,45.0627],[-85.954,45.1193],[-85.9894,45.1511],[-86.0444,45.1596],[-86.1381,45.043]]],[[[-86.2485,44.699],[-86.2539,44.6481],[-86.2207,44.5667],[-86.237,44.5183],[-85.7572,44.513],[-85.7589,44.4242],[-85.3384,44.4254],[-85.3348,44.1651],[-84.1661,44.1618],[-84.1664,43.9969],[-84.0454,43.997],[-84.0448,43.9111],[-83.9013,43.9084],[-83.8694,43.9607],[-83.7879,43.9853],[-83.6932,43.9888],[-83.6797,44.0364],[-83.5841,44.0567],[-83.5677,44.1559],[-83.5248,44.2616],[-83.4427,44.2654],[-83.4018,44.3018],[-83.337,44.3329],[-83.3176,44.4861],[-83.3145,44.6087],[-83.2768,44.6894],[-83.3205,44.8806],[-83.3528,44.8862],[-83.4389,44.9408],[-83.4421,45.0511],[-83.3993,45.0704],[-83.3403,45.0415],[-83.2659,45.0268],[-83.3159,45.14],[-83.4059,45.2272],[-83.3851,45.2742],[-83.4888,45.3559],[-83.5993,45.3526],[-83.6973,45.3962],[-83.8415,45.4353],[-83.9095,45.4858],[-84.0959,45.4973],[-84.1265,45.5566],[-84.196,45.6215],[-84.3295,45.6644],[-84.4136,45.6694],[-84.4617,45.6524],[-84.7189,45.7776],[-84.7728,45.7893],[-84.867,45.7521],[-85.0145,45.7603],[-84.9709,45.6863],[-85.0615,45.6395],[-85.1197,45.569],[-85.1093,45.5216],[-85.0409,45.4367],[-84.981,45.4294],[-84.913,45.4098],[-84.9591,45.376],[-85.0548,45.3641],[-85.1967,45.3606],[-85.2948,45.3164],[-85.3716,45.2708],[-85.3805,45.1809],[-85.3667,45.1016],[-85.3807,45.0463],[-85.4752,44.9911],[-85.52,44.974],[-85.5661,45.0436],[-85.5315,45.1772],[-85.5511,45.2107],[-85.6331,45.1709],[-85.6811,45.0927],[-85.7464,45.0512],[-85.7804,44.9779],[-85.8543,44.9381],[-85.9316,44.9688],[-85.9802,44.9061],[-86.0589,44.911],[-86.066,44.8215],[-86.0892,44.7415],[-86.1603,44.7282],[-86.2485,44.699]]],[[[-89.2213,47.9081],[-89.2552,47.8761],[-89.1577,47.824],[-88.899,47.9007],[-88.8529,47.9653],[-88.7186,47.9951],[-88.5792,48.0408],[-88.5504,48.1021],[-88.4274,48.1668],[-88.4252,48.2106],[-88.6319,48.1483],[-88.8161,48.057],[-89.1792,47.935],[-89.2213,47.9081]]]]},"properties":{"GEOID":"2601","BASENAME":"1","NAME":"Congressional District 1","STATE":"26","CD119":"01"}},{"type":"Feature","geometry":{"type":"Polygon","coordinates":[[[-117.132,32.5856],[-117.1249,32.5342],[-116.8532,32.5578],[-116.9239,32.5821],[-116.9278,32.6843],[-117.0164,32.6749],[-117.023,32.7185],[-117.125,32.7553],[-117.1115,32.7316],[-117.132,32.5856]]]},"properties":{"GEOID":"0652","BASENAME":"52","NAME":"Congressional District 52","STATE":"06","CD119":"52"}},{"type":"Feature","geometry":{"type":"Polygon","coordinates":[[[-96.9059,41.4534],[-96.9085,41.0461],[-96.4639,41.0451],[-96.4639,41.0161],[-96.3495,41.0152],[-96.3192,41.045],[-96.2189,40.9943],[-96.0563,41.0654],[-96.0052,41.0606],[-96.0045,41.129],[-96.1773,41.1501],[-96.1743,41.1906],[-95.9099,41.1914],[-95.9114,41.238],[-95.8902,41.2783],[-95.9257,41.3222],[-95.9273,41.39],[-95.945,41.3931],[-96.4707,41.3932],[-96.5687,41.433],[-96.9059,41.4534]]]},"properties":{"GEOID":"3102","BASENAME":"2","NAME":"Congressional District 2","STATE":"31","CD119":"02"}},{"type":"Feature","geometry":{"type":"Polygon","coordinates":[[[-80.3638,26.6846],[-80.2333,26.5425],[-80.2369,26.3837],[-80.1464,26.4168],[-80.0616,26.4264],[-80.0389,26.5693],[-80.0358,26.676],[-80.3638,26.6846]]]},"properties":{"GEOID":"1222","BASENAME":"22","NAME":"Congressional District 22","STATE":"12","CD119":"22"}},{"type":"Feature","geometry":{"type":"Polygon","coordinates":[[[-78.8284,35.8709],[-78.83,35.7679],[-78.752,35.7191],[-78.5657,35.6448],[-78.4293,35.7525],[-78.3245,35.7838],[-78.2878,35.8234],[-78.3547,35.8305],[-78.475,35.8797],[-78.4593,35.9756],[-78.5586,35.9705],[-78.5958,35.913],[-78.6522,35.9009],[-78.6653,36.0102],[-78.6861,36.0208],[-78.6998,36.0114],[-78.717,35.9613],[-78.8048,35.9276],[-78.8284,35.8709]]]},"properties":{"GEOID":"3702","BASENAME":"2","NAME":"Congressional District 2","STATE":"37","CD119":"02"}},{"type":"Feature","geometry":{"type":"Polygon","coordinates":[[[-83.6994,43.6016],[-83.6958,43.2656],[-83.6223,43.2662],[-83.6111,43.2224],[-83.4607,43.2231],[-83.4534,42.8804],[-83.6894,42.8713],[-83.6771,42.6063],[-83.5895,42.5792],[-83.5603,42.5815],[-83.5656,42.6914],[-82.9769,42.7159],[-82.9745,42.6565],[-82.801,42.6295],[-82.7079,42.6755],[-82.6397,42.6612],[-82.7064,42.6211],[-82.6791,42.5222],[-82.584,42.554],[-82.5099,42.6373],[-82.4675,42.7619],[-82.4699,42.8875],[-82.4286,42.952],[-82.4159,43.0056],[-82.486,43.1025],[-82.5231,43.2254],[-82.5399,43.4224],[-82.5938,43.5815],[-82.6122,43.7398],[-82.6336,43.8312],[-82.7098,43.9482],[-82.7932,44.0232],[-82.9289,44.0694],[-83.0246,44.0452],[-83.0466,44.0157],[-83.1349,43.9931],[-83.2615,43.9735],[-83.2823,43.938],[-83.4071,43.9198],[-83.4326,43.8853],[-83.5123,43.7337],[-83.6834,43.5906],[-83.6994,43.6016]]]},"properties":{"GEOID":"2609","BASENAME":"9","NAME":"Congressional District 9","STATE":"26","CD119":"09"}},{"type":"Feature","geometry":{"type":"Polygon","coordinates":[[[-84.5845,35.6444],[-84.5669,35.6298],[-84.5259,35.6242],[-84.5043,35.6659],[-84.2908,35.6549],[-84.1883,35.6105],[-84.0816,35.5412],[-83.9938,35.55],[-83.9385,35.4878],[-83.9589,35.4579],[-83.9168,35.4736],[-83.7717,35.5621],[-83.6629,35.5678],[-83.6628,35.6906],[-83.7052,35.7116],[-83.7943,35.8871],[-83.651,35.9864],[-83.6733,36.0385],[-83.6556,36.0431],[-83.6278,36.0797],[-83.6722,36.1105],[-83.564,36.1919],[-83.4671,36.1747],[-83.4495,36.218],[-83.3283,36.2967],[-83.2553,36.2891],[-83.2889,36.3788],[-83.2806,36.3947],[-83.3042,36.3882],[-83.3868,36.4132],[-83.3694,36.4592],[-83.3983,36.5349],[-83.4721,36.5995],[-83.6754,36.6008],[-83.6907,36.5826],[-84.2613,36.5927],[-84.2511,36.5342],[-84.3304,36.5095],[-84.3455,36.4296],[-84.3222,36.3929],[-84.2238,36.3605],[-84.1278,36.3957],[-84.1178,36.2928],[-84.0727,36.252],[-84.0337,36.3018],[-83.9417,36.1864],[-84.2729,35.9405],[-84.2716,35.9102],[-84.2634,35.8969],[-84.33,35.8929],[-84.3797,35.8174],[-84.5845,35.6444]]]},"properties":{"GEOID":"4702","BASENAME":"2","NAME":"Congressional District 2","STATE":"47","CD119":"02"}},{"type":"Feature","geometry":{"type":"Polygon","coordinates":[[[-76.1185,40.9599],[-76.108,40.9232],[-76.028,40.9023],[-75.7322,41.0081],[-75.7667,41.0937],[-75.6931,41.131],[-75.6204,41.1093],[-75.4963,40.9889],[-75.4271,40.8971],[-75.2948,40.8622],[-75.2178,40.9281],[-75.1233,40.9653],[-75.1331,40.9802],[-75.0153,41.0612],[-74.9799,41.1104],[-74.9053,41.1557],[-74.8674,41.2278],[-74.8157,41.2962],[-74.7603,41.3403],[-74.6949,41.3574],[-74.7349,41.4258],[-74.7995,41.4313],[-74.8904,41.4553],[-74.9825,41.4965],[-75.0439,41.5751],[-75.0534,41.7525],[-75.0744,41.8022],[-75.1134,41.8407],[-75.263,41.8851],[-75.2918,41.9471],[-75.3411,41.9928],[-75.4831,41.9994],[-75.4624,41.6416],[-75.7199,41.6423],[-75.8032,41.5242],[-75.7716,41.5058],[-75.8345,41.427],[-76.0051,41.3846],[-76.0633,41.3824],[-76.059,41.3424],[-75.9496,41.3316],[-76.0769,41.2502],[-76.0393,41.153],[-75.9938,41.1666],[-75.9278,41.0885],[-76.0155,41.0592],[-76.0161,40.9818],[-76.1185,40.9599]]]},"properties":{"GEOID":"4208","BASENAME":"8","NAME":"Congressional District 8","STATE":"42","CD119":"08"}},{"type":"Feature","geometry":{"type":"Polygon","coordinates":[[[-96.6409,32.9847],[-96.6741,32.7992],[-96.5753,32.7033],[-96.6222,32.6177],[-96.5294,32.5453],[-96.4345,32.3887],[-96.4524,32.3587],[-96.452,32.3454],[-96.3829,32.3289],[-96.197,32.2069],[-96.1465,32.2117],[-96.1054,32.0753],[-96.0528,32.0059],[-95.4285,32.0845],[-95.4599,32.1356],[-95.4786,32.1472],[-95.4887,32.2325],[-95.4492,32.3552],[-95.5943,32.4799],[-95.5945,32.687],[-95.4688,32.6057],[-95.3322,32.6043],[-95.1663,32.5439],[-95.1534,32.5701],[-95.1527,32.6609],[-95.0252,32.7419],[-95.0166,32.8671],[-94.9059,32.8634],[-94.9084,32.7744],[-94.7664,32.651],[-94.7463,32.6673],[-94.7018,32.6522],[-94.7021,32.7931],[-94.6724,32.8348],[-94.7199,32.9045],[-95.1521,32.9026],[-95.1522,33.0134],[-95.173,32.9619],[-95.6654,32.9604],[-95.635,32.7204],[-95.6598,32.7114],[-95.796,32.7753],[-95.8639,32.7771],[-95.9344,32.8372],[-96.2973,32.8417],[-96.2974,32.8142],[-96.519,32.8136],[-96.517,32.9829],[-96.6409,32.9847]]]},"properties":{"GEOID":"4805","BASENAME":"5","NAME":"Congressional District 5","STATE":"48","CD119":"05"}},{"type":"Feature","geometry":{"type":"Polygon","coordinates":[[[-87.5301,40.2507],[-87.531,40.148],[-87.4904,40.1274],[-87.4067,40.1275],[-87.3574,40.193],[-87.2051,40.1857],[-87.2054,40.0538],[-87.0921,40.039],[-87.0915,39.8673],[-87.0095,39.8667],[-87.0145,39.4736],[-86.6322,39.4702],[-86.6308,39.3469],[-86.6099,39.3402],[-86.2517,39.3417],[-86.2499,39.6336],[-86.3263,39.6322],[-86.3263,39.924],[-86.2407,39.9261],[-86.243,40.3737],[-86.2364,40.403],[-86.2713,40.4318],[-86.3758,40.4319],[-86.3744,40.5614],[-86.3467,40.5613],[-86.3354,40.6491],[-86.2785,40.6639],[-86.2789,40.7548],[-86.3541,40.7611],[-86.3646,40.8229],[-86.468,40.8226],[-86.4682,40.9099],[-86.9308,40.9124],[-86.9301,41.2368],[-86.9681,41.2197],[-87.1313,41.2862],[-87.3938,41.1628],[-87.5266,41.1661],[-87.5301,40.2507]]]},"properties":{"GEOID":"1804","BASENAME":"4","NAME":"Congressional District 4","STATE":"18","CD119":"04"}},{"type":"Feature","geometry":{"type":"Polygon","coordinates":[[[-123.6602,41.7141],[-123.7192,41.5956],[-123.648,41.535],[-123.6118,41.4621],[-123.6614,41.3821],[-123.4878,41.3769],[-123.4083,41.1799],[-123.2734,41.1229],[-123.2395,41.0758],[-123.1091,41.0754],[-123.0368,41.0041],[-122.9175,40.994],[-122.8974,41.0285],[-122.9734,41.1121],[-122.8859,41.2051],[-122.8113,41.2025],[-122.6537,41.2892],[-122.5852,41.359],[-122.5039,41.343],[-122.5226,41.2135],[-122.4984,41.1827],[-122.4455,41.1579],[-122.4571,41.0966],[-122.5134,41.0882],[-122.5278,41.0144],[-122.6074,40.9577],[-122.6005,40.8997],[-122.6661,40.8259],[-122.6698,40.7736],[-122.752,40.6899],[-122.6988,40.5693],[-122.846,40.5052],[-122.9037,40.4451],[-122.9987,40.4181],[-123.0688,40.3322],[-123.0654,40.287],[-122.9775,40.2413],[-122.9896,40.1455],[-122.934,39.9781],[-122.9098,39.9364],[-122.9501,39.9077],[-122.9377,39.7982],[-122.8927,39.7089],[-122.8854,39.5801],[-122.7356,39.5807],[-122.7391,39.3833],[-122.7851,39.383],[-122.7435,39.3681],[-122.775,39.3118],[-122.6809,39.2387],[-122.4773,39.1739],[-122.4913,39.053],[-122.4134,39.0202],[-122.4091,38.9628],[-122.3402,38.9242],[-121.8355,38.9245],[-121.8148,38.8766],[-121.7231,38.8513],[-121.6735,38.743],[-121.4844,38.7346],[-121.4694,38.926],[-121.4144,38.9262],[-121.4148,38.9965],[-121.306,39.0529],[-121.2795,39.0346],[-121.2797,39.1433],[-121.4331,39.1445],[-121.4847,39.0999],[-121.484,39.1895],[-121.5942,39.1644],[-121.5693,39.3084],[-121.4075,39.3398],[-121.3344,39.4252],[-121.3051,39.5196],[-121.1499,39.5264],[-121.0767,39.5973],[-121.1367,39.6282],[-121.2109,39.7257],[-121.3508,39.8257],[-121.43,39.9003],[-121.4195,40.0158],[-121.3668,40.0861],[-121.4369,40.1519],[-121.3684,40.2122],[-121.3423,40.3098],[-121.4704,40.3502],[-121.4976,40.4456],[-121.0614,40.4465],[-121.0615,40.2564],[-120.9286,40.1919],[-120.7644,40.316],[-120.6522,40.3077],[-120.5108,40.2489],[-120.4459,40.1769],[-120.3414,40.1152],[-120.2096,40.086],[-120.2013,40.0135],[-120.1088,39.9395],[-120.1106,39.7658],[-120.1471,39.7077],[-120.0157,39.7087],[-119.9999,39.7224],[-119.9992,41.9945],[-121.0352,41.9933],[-122.5011,42.0085],[-123.0453,42.003],[-123.146,42.0092],[-123.5191,41.9992],[-123.5654,41.9031],[-123.6428,41.8894],[-123.7038,41.8291],[-123.6602,41.7141]]]},"properties":{"GEOID":"0601","BASENAME":"1","NAME":"Congressional District 1","STATE":"06","CD119":"01"}},{"type":"Feature","geometry":{"type":"Polygon","coordinates":[[[-73.9681,40.8207],[-73.9405,40.7675],[-73.8625,40.7465],[-73.8262,40.7799],[-73.8276,40.8039],[-73.779,40.8117],[-73.7481,40.8717],[-73.824,40.8899],[-73.8304,40.8645],[-73.9026,40.8174],[-73.9318,40.8079],[-73.965,40.8263],[-73.9681,40.8207]]]},"properties":{"GEOID":"3614","BASENAME":"14","NAME":"Congressional District 14","STATE":"36","CD119":"14"}},{"type":"Feature","geometry":{"type":"Polygon","coordinates":[[[-77.4581,40.1751],[-77.4551,40.0989],[-77.3537,40.0033],[-77.1856,40.0295],[-77.1374,40.0699],[-77.0186,40.0139],[-76.9662,39.9352],[-76.9033,39.9543],[-76.9191,39.8657],[-76.6161,39.9734],[-76.6445,40.0581],[-76.6638,40.0632],[-76.7216,40.1201],[-76.6977,40.1563],[-76.5663,40.1966],[-76.678,40.4747],[-76.5354,40.5552],[-76.7016,40.6581],[-76.9193,40.6035],[-76.9491,40.6282],[-76.9924,40.5679],[-76.9494,40.469],[-77.0208,40.3662],[-76.915,40.3285],[-76.9742,40.3103],[-77.3228,40.2707],[-77.332,40.2138],[-77.4581,40.1751]]]},"properties":{"GEOID":"4210","BASENAME":"10","NAME":"Congressional District 10","STATE":"42","CD119":"10"}},{"type":"Feature","geometry":{"type":"Polygon","coordinates":[[[-97.853,30.2496],[-97.9288,30.1817],[-97.8135,30.0988],[-97.7239,30.2877],[-97.6708,30.3085],[-97.6205,30.4193],[-97.6692,30.4348],[-97.6946,30.4615],[-97.7211,30.4558],[-97.7197,30.4708],[-97.7611,30.4775],[-97.7569,30.5018],[-97.8041,30.4864],[-97.8106,30.4639],[-97.9058,30.4213],[-97.8917,30.3691],[-97.8477,30.396],[-97.7901,30.3659],[-97.7856,30.2943],[-97.8508,30.3516],[-97.9084,30.3062],[-97.8664,30.3062],[-97.8107,30.2428],[-97.853,30.2496]]]},"properties":{"GEOID":"4837","BASENAME":"37","NAME":"Congressional District 37","STATE":"48","CD119":"37"}},{"type":"Feature","geometry":{"type":"Polygon","coordinates":[[[-94.6179,36.4994],[-94.4497,35.4967],[-94.4315,35.3696],[-94.4364,35.2467],[-94.3549,35.2241],[-94.3567,35.1625],[-94.1397,35.129],[-94.0312,35.1409],[-94.0289,35.2142],[-94.0648,35.1999],[-94.0744,35.445],[-94.0229,35.5743],[-94.0762,35.5756],[-94.074,35.6625],[-93.9842,35.6607],[-93.9012,35.7741],[-93.5192,35.7635],[-93.5236,35.8815],[-93.4508,35.9675],[-93.4457,36.0808],[-93.4795,36.1251],[-93.3008,36.1215],[-93.3023,36.4824],[-93.2931,36.4983],[-94.6179,36.4994]]]},"properties":{"GEOID":"0503","BASENAME":"3","NAME":"Congressional District 3","STATE":"05","CD119":"03"}},{"type":"Feature","geometry":{"type":"Polygon","coordinates":[[[-82.051,30.3684],[-82.0492,29.7187],[-81.9394,29.7475],[-81.9093,29.7936],[-81.8124,29.8365],[-81.5812,29.8402],[-81.601,29.956],[-81.6889,30.0286],[-81.6802,30.1212],[-81.6921,30.1447],[-81.6796,30.1905],[-81.6841,30.2832],[-81.6068,30.3639],[-81.4025,30.4001],[-81.4108,30.482],[-81.426,30.4967],[-81.4341,30.5226],[-81.4431,30.6009],[-81.4274,30.698],[-81.4441,30.7097],[-81.5072,30.7229],[-81.5617,30.7156],[-81.6333,30.7296],[-81.6683,30.7446],[-81.7322,30.7496],[-81.7634,30.7738],[-81.8085,30.79],[-81.8686,30.7928],[-81.9024,30.8208],[-81.9432,30.8274],[-82.0327,30.7507],[-82.0495,30.6555],[-82.0157,30.6017],[-82.0184,30.5312],[-82.0282,30.4474],[-82.042,30.4033],[-82.0408,30.3701],[-82.051,30.3684]]]},"properties":{"GEOID":"1204","BASENAME":"4","NAME":"Congressional District 4","STATE":"12","CD119":"04"}},{"type":"Feature","geometry":{"type":"Polygon","coordinates":[[[-104.0577,44.9974],[-104.0531,43.0006],[-98.4986,42.9986],[-98.4789,42.9635],[-98.4345,42.9292],[-98.3864,42.9184],[-98.28,42.875],[-98.1481,42.84],[-98.035,42.7642],[-97.9501,42.7696],[-97.905,42.7989],[-97.8769,42.8527],[-97.858,42.8651],[-97.701,42.8438],[-97.5993,42.8562],[-97.4522,42.846],[-97.4171,42.8659],[-97.3412,42.8559],[-97.3021,42.8657],[-97.2379,42.8531],[-97.214,42.8201],[-97.1313,42.7719],[-97.0249,42.7624],[-96.9657,42.7245],[-96.9068,42.7338],[-96.8017,42.6988],[-96.7782,42.663],[-96.6976,42.6591],[-96.7093,42.6038],[-96.6588,42.5664],[-96.6115,42.5061],[-96.5251,42.5102],[-96.5013,42.4827],[-96.4455,42.4906],[-96.493,42.5173],[-96.477,42.5561],[-96.5268,42.6412],[-96.5916,42.6881],[-96.6247,42.7255],[-96.6219,42.7793],[-96.5379,42.8785],[-96.5417,42.9226],[-96.5003,42.9594],[-96.5202,42.9776],[-96.4927,43.0051],[-96.5116,43.0399],[-96.4582,43.0676],[-96.4393,43.1139],[-96.4589,43.1434],[-96.4756,43.2211],[-96.5221,43.221],[-96.553,43.2473],[-96.5788,43.2911],[-96.5304,43.3],[-96.5216,43.3856],[-96.5943,43.4342],[-96.5846,43.4696],[-96.5989,43.5005],[-96.4533,43.5004],[-96.4578,45.3076],[-96.4826,45.3463],[-96.5218,45.3756],[-96.6177,45.4081],[-96.6754,45.4102],[-96.7108,45.4369],[-96.781,45.536],[-96.844,45.594],[-96.8516,45.6194],[-96.8262,45.6542],[-96.7451,45.7016],[-96.6727,45.7323],[-96.6305,45.7812],[-96.5871,45.8164],[-96.5637,45.9352],[-104.0454,45.9453],[-104.0391,44.9985],[-104.0577,44.9974]]]},"properties":{"GEOID":"4600","BASENAME":"Congressional District (at Large)","NAME":"Congressional District (at Large)","STATE":"46","CD119":"00"}},{"type":"Feature","geometry":{"type":"Polygon","coordinates":[[[-115.8458,36.122],[-115.8461,35.9636],[-114.6335,35.0019],[-114.6199,35.1216],[-114.5991,35.1211],[-114.5727,35.1387],[-114.5871,35.2624],[-114.6271,35.4095],[-114.6645,35.4495],[-114.656,35.588],[-115.2073,35.5903],[-115.207,35.8973],[-115.1816,35.9619],[-115.1189,36.0034],[-115.0776,36.0856],[-115.1723,36.0711],[-115.1775,36.1371],[-115.243,36.1442],[-115.247,36.2256],[-115.331,36.2626],[-115.3469,36.3237],[-115.424,36.2931],[-115.4235,36.1885],[-115.3878,36.145],[-115.4264,36.1292],[-115.5028,36.163],[-115.5735,36.1089],[-115.5791,36.1673],[-115.6684,36.1612],[-115.8458,36.122]]]},"properties":{"GEOID":"3203","BASENAME":"3","NAME":"Congressional District 3","STATE":"32","CD119":"03"}},{"type":"Feature","geometry":{"type":"Polygon","coordinates":[[[-112.3128,33.4931],[-112.2724,33.4938],[-112.2212,33.4518],[-112.2724,33.4356],[-112.2725,33.3813],[-112.2349,33.389],[-112.1479,33.3046],[-111.957,33.3564],[-111.9814,33.4511],[-111.9785,33.4657],[-112.0996,33.5314],[-112.2031,33.5383],[-112.2032,33.5093],[-112.3128,33.4931]]]},"properties":{"GEOID":"0403","BASENAME":"3","NAME":"Congressional District 3","STATE":"04","CD119":"03"}},{"type":"Feature","geometry":{"type":"Polygon","coordinates":[[[-121.6779,37.9328],[-121.6781,37.8837],[-121.625,37.8452],[-121.5795,37.8611],[-121.5342,37.8499],[-121.557,37.8165],[-121.557,37.7036],[-121.4343,37.6585],[-121.4164,37.7104],[-121.3182,37.7643],[-121.4141,37.8032],[-121.3326,37.8083],[-121.2815,37.8585],[-121.263,37.7989],[-121.2929,37.7659],[-121.151,37.7195],[-120.9958,37.7602],[-120.9206,37.7385],[-120.9233,37.7936],[-120.8348,37.822],[-120.6534,37.832],[-120.9421,38.0963],[-121.0271,38.3003],[-121.1731,38.2552],[-121.344,38.2283],[-121.4757,38.2581],[-121.58,38.0944],[-121.5576,38.017],[-121.5799,37.9761],[-121.6201,37.9767],[-121.6126,37.94],[-121.6779,37.9328]]]},"properties":{"GEOID":"0609","BASENAME":"9","NAME":"Congressional District 9","STATE":"06","CD119":"09"}},{"type":"Feature","geometry":{"type":"Polygon","coordinates":[[[-95.6232,29.6745],[-95.5714,29.6487],[-95.5827,29.5805],[-95.4752,29.4599],[-95.5506,29.4383],[-95.4626,29.4392],[-95.4463,29.4996],[-95.3138,29.516],[-95.386,29.5856],[-95.3311,29.5991],[-95.2974,29.5965],[-95.3047,29.6209],[-95.2435,29.6408],[-95.3267,29.6955],[-95.3887,29.6939],[-95.3903,29.725],[-95.4121,29.6973],[-95.4931,29.7102],[-95.6232,29.6745]]]},"properties":{"GEOID":"4809","BASENAME":"9","NAME":"Congressional District 9","STATE":"48","CD119":"09"}},{"type":"Feature","geometry":{"type":"Polygon","coordinates":[[[-73.7278,41.1007],[-73.6595,41.0179],[-73.6573,40.9852],[-73.5957,41.016],[-73.562,41.0168],[-73.5169,41.0387],[-73.4682,41.0513],[-73.4222,41.0476],[-73.3872,41.0582],[-73.3542,41.0856],[-73.3723,41.104],[-73.2624,41.1175],[-73.2027,41.1581],[-73.1728,41.1534],[-73.1407,41.238],[-73.1556,41.2691],[-73.1476,41.3677],[-73.0774,41.4652],[-73.1042,41.4894],[-73.1579,41.4892],[-73.2077,41.4205],[-73.1833,41.3917],[-73.2025,41.3719],[-73.3253,41.3225],[-73.4701,41.3264],[-73.5431,41.3768],[-73.551,41.2954],[-73.4827,41.2128],[-73.7278,41.1007]]]},"properties":{"GEOID":"0904","BASENAME":"4","NAME":"Congressional District 4","STATE":"09","CD119":"04"}},{"type":"Feature","geometry":{"type":"Polygon","coordinates":[[[-91.0716,41.3397],[-91.0741,41.3343],[-90.6777,41.3286],[-90.6679,41.3156],[-90.6648,41.2404],[-90.6715,40.8925],[-90.4418,40.8891],[-90.4469,40.5398],[-90.674,40.5432],[-90.6747,40.4828],[-90.7276,40.4746],[-90.7049,40.4482],[-90.6148,40.455],[-89.9056,40.4515],[-89.9247,40.4359],[-89.7171,40.4357],[-89.7149,40.3192],[-89.2637,40.3253],[-89.2627,40.2809],[-89.0347,40.2828],[-89.0394,40.4549],[-88.9637,40.4515],[-88.9439,40.5348],[-89.0583,40.5288],[-89.0588,40.4877],[-89.2654,40.4275],[-89.4515,40.419],[-89.4714,40.4817],[-89.6443,40.4801],[-89.6643,40.5624],[-89.6138,40.6651],[-89.5465,40.7222],[-89.5566,40.7602],[-89.6139,40.7798],[-89.6421,40.6866],[-89.7947,40.711],[-89.8242,40.7935],[-89.9853,40.8001],[-89.9846,41.1494],[-89.8682,41.1495],[-89.8566,41.321],[-89.9728,41.3219],[-89.9733,41.2345],[-90.0951,41.2353],[-90.0963,41.1499],[-90.4377,41.1515],[-90.4322,41.4347],[-90.4165,41.4369],[-90.4013,41.456],[-90.3483,41.455],[-90.3482,41.4412],[-90.3241,41.4474],[-90.3195,41.5097],[-90.1946,41.5412],[-90.1855,41.5846],[-89.6315,41.5849],[-89.6293,41.9016],[-89.6854,41.9303],[-89.6885,42.1991],[-89.173,42.2042],[-89.1137,42.2376],[-88.9989,42.2078],[-88.9799,42.2825],[-89.0246,42.2965],[-88.9644,42.3436],[-89.1162,42.3154],[-89.1497,42.278],[-89.3974,42.2887],[-89.3977,42.332],[-89.5143,42.331],[-89.515,42.3743],[-89.9236,42.3714],[-89.9198,42.1969],[-90.3151,42.1937],[-90.2074,42.1491],[-90.1612,42.1064],[-90.1634,42.0404],[-90.1406,41.996],[-90.1651,41.8838],[-90.1814,41.8446],[-90.1806,41.812],[-90.3107,41.7422],[-90.3147,41.6948],[-90.3367,41.6645],[-90.3395,41.5986],[-90.3641,41.5796],[-90.4158,41.5629],[-90.4614,41.5235],[-90.5711,41.5163],[-90.6185,41.485],[-90.7012,41.4547],[-90.8673,41.4482],[-90.9243,41.4229],[-90.9667,41.4301],[-91.0278,41.4236],[-91.0651,41.3691],[-91.0716,41.3397]]]},"properties":{"GEOID":"1717","BASENAME":"17","NAME":"Congressional District 17","STATE":"17","CD119":"17"}},{"type":"Feature","geometry":{"type":"Polygon","coordinates":[[[-79.4844,39.3443],[-79.4869,39.206],[-79.4244,39.2282],[-79.3537,39.278],[-79.2837,39.3096],[-79.1665,39.4009],[-79.0913,39.4724],[-79.0356,39.4733],[-78.9568,39.4403],[-78.9426,39.4796],[-78.851,39.554],[-78.7711,39.6384],[-78.739,39.6097],[-78.7071,39.5559],[-78.5907,39.5302],[-78.461,39.526],[-78.4382,39.5635],[-78.383,39.6222],[-78.313,39.631],[-78.2251,39.6589],[-78.0823,39.6712],[-78.0067,39.6013],[-77.926,39.6076],[-77.8298,39.5873],[-77.8238,39.5259],[-77.7982,39.4757],[-77.74,39.4017],[-77.7459,39.3532],[-77.7195,39.3213],[-77.5882,39.302],[-77.4966,39.251],[-77.4599,39.2187],[-77.486,39.1857],[-77.5212,39.1611],[-77.5199,39.1209],[-77.4813,39.1057],[-77.4626,39.0762],[-77.343,39.0586],[-77.307,39.1457],[-77.172,39.1251],[-77.211,39.1843],[-77.1447,39.2947],[-77.1869,39.3393],[-77.1681,39.354],[-77.1478,39.4181],[-77.1342,39.4317],[-77.1068,39.4917],[-77.2001,39.5786],[-77.3116,39.6387],[-77.217,39.7202],[-79.4767,39.7211],[-79.4844,39.3443]]]},"properties":{"GEOID":"2406","BASENAME":"6","NAME":"Congressional District 6","STATE":"24","CD119":"06"}},{"type":"Feature","geometry":{"type":"Polygon","coordinates":[[[-87.4219,33.0034],[-87.4212,32.8745],[-87.3195,32.8751],[-87.3192,32.8315],[-87.0192,32.837],[-87.0177,32.6633],[-86.9176,32.6642],[-86.9064,32.5367],[-86.8149,32.3408],[-86.8161,32.31],[-86.7814,32.3925],[-86.6534,32.3972],[-86.4968,32.3444],[-86.4596,32.4054],[-86.4112,32.4099],[-86.262,32.5017],[-86.1981,32.4514],[-86.023,32.42],[-85.8526,32.4757],[-85.8861,32.4931],[-85.8799,32.7545],[-86.0072,32.755],[-86.0139,32.8262],[-86.0109,33.1046],[-86.2791,33.1039],[-86.3111,33.1595],[-86.4843,33.1612],[-86.458,33.2414],[-86.3573,33.2969],[-86.3409,33.3531],[-86.3787,33.391],[-86.3782,33.5024],[-86.4819,33.5025],[-86.5168,33.546],[-86.5428,33.7652],[-86.6453,33.773],[-86.7592,33.8406],[-86.8839,33.8432],[-86.9537,33.8153],[-87.0233,33.7727],[-87.0398,33.6875],[-86.9649,33.7112],[-86.9503,33.669],[-86.8746,33.6299],[-86.7814,33.6304],[-86.7184,33.6601],[-86.6514,33.6006],[-86.6797,33.5492],[-86.7932,33.4888],[-86.8423,33.4159],[-86.8307,33.332],[-86.8825,33.333],[-87.0268,33.2465],[-87.0657,33.2469],[-87.1992,33.1966],[-87.1993,33.1307],[-87.2819,33.1331],[-87.3185,33.0062],[-87.4219,33.0034]]]},"properties":{"GEOID":"0106","BASENAME":"6","NAME":"Congressional District 6","STATE":"01","CD119":"06"}},{"type":"Feature","geometry":{"type":"Polygon","coordinates":[[[-84.8174,33.5192],[-84.8512,33.5111],[-84.6246,33.5113],[-84.6094,33.5026],[-84.5569,33.5285],[-84.4958,33.4485],[-84.3975,33.4857],[-84.4377,33.5471],[-84.4587,33.5509],[-84.458,33.6292],[-84.5216,33.6558],[-84.5084,33.7396],[-84.4076,33.8203],[-84.3485,33.8251],[-84.3478,33.9298],[-84.4034,33.9281],[-84.4426,33.9016],[-84.4668,33.918],[-84.5968,33.9111],[-84.6458,33.8967],[-84.7241,33.9036],[-84.7241,33.8064],[-84.7675,33.7869],[-84.7662,33.6371],[-84.753,33.6303],[-84.8048,33.5875],[-84.8174,33.5192]]]},"properties":{"GEOID":"1306","BASENAME":"6","NAME":"Congressional District 6","STATE":"13","CD119":"06"}},{"type":"Feature","geometry":{"type":"Polygon","coordinates":[[[-96.0676,47.4991],[-96.066,46.9773],[-94.9167,46.9778],[-94.9175,47.0653],[-94.7913,47.0641],[-94.7909,46.9864],[-94.6639,47.0355],[-94.6599,46.8037],[-94.7871,46.8039],[-94.7791,46.3942],[-94.7314,46.3686],[-94.7171,46.3514],[-94.6535,46.3487],[-94.5347,46.3028],[-94.4265,46.3323],[-94.3417,46.2777],[-94.3889,46.2382],[-94.3746,46.1571],[-93.8104,46.1566],[-93.8103,45.9831],[-93.7639,45.8221],[-93.7595,45.5596],[-93.5107,45.5588],[-93.5101,45.4148],[-93.0196,45.4118],[-93.0205,45.1239],[-92.8637,45.1236],[-92.8286,45.0756],[-92.8128,45.1002],[-92.7897,45.0756],[-92.7405,45.1134],[-92.7669,45.1951],[-92.7619,45.2849],[-92.699,45.3364],[-92.6585,45.3961],[-92.6468,45.4379],[-92.6868,45.4723],[-92.7569,45.5575],[-92.8811,45.5734],[-92.8879,45.639],[-92.8697,45.7151],[-92.826,45.7367],[-92.7765,45.79],[-92.7595,45.8353],[-92.7211,45.8838],[-92.6561,45.9244],[-92.5806,45.9463],[-92.5457,45.9701],[-92.4728,45.973],[-92.4496,46.0023],[-92.3927,46.0195],[-92.3518,46.0157],[-92.3382,46.0521],[-92.294,46.0744],[-92.2922,46.6632],[-92.2055,46.6647],[-92.1433,46.7316],[-92.1003,46.7344],[-92.0508,46.7105],[-92.0153,46.7065],[-92.0621,46.804],[-91.9065,46.8912],[-91.8069,46.9337],[-91.7371,46.9829],[-91.6446,47.0265],[-91.5738,47.0899],[-91.457,47.1392],[-91.2625,47.2793],[-91.147,47.3815],[-91.0231,47.465],[-90.8683,47.5569],[-90.7359,47.6243],[-90.5371,47.7031],[-90.4214,47.7351],[-90.1876,47.7781],[-89.9743,47.8305],[-89.9236,47.8621],[-89.7935,47.8914],[-89.6606,47.9512],[-89.555,47.9748],[-89.4892,48.0145],[-89.6251,48.0115],[-89.7493,48.0233],[-89.8682,47.9899],[-89.9734,48.0204],[-90.0296,48.0876],[-90.1362,48.1121],[-90.3172,48.1038],[-90.471,48.1061],[-90.5661,48.1226],[-90.7037,48.096],[-90.776,48.1222],[-90.8436,48.2436],[-90.9068,48.2373],[-91.0356,48.1895],[-91.1561,48.1405],[-91.2501,48.0841],[-91.3366,48.0696],[-91.4655,48.0668],[-91.5425,48.0533],[-91.5593,48.1083],[-91.6924,48.1193],[-91.7149,48.1991],[-91.7812,48.2004],[-91.8935,48.2377],[-91.9808,48.2478],[-92.0001,48.3214],[-92.0552,48.3592],[-92.1622,48.3633],[-92.2623,48.3549],[-92.2954,48.324],[-92.2957,48.2781],[-92.3147,48.2405],[-92.3692,48.2203],[-92.4163,48.2955],[-92.4699,48.3518],[-92.4563,48.4142],[-92.5149,48.4483],[-92.5756,48.4408],[-92.6571,48.4669],[-92.6311,48.5083],[-92.6349,48.5429],[-92.728,48.5393],[-92.8947,48.5949],[-92.9549,48.6315],[-93.1424,48.6249],[-93.2074,48.6425],[-93.3475,48.6266],[-93.3712,48.6051],[-93.4643,48.5918],[-93.4675,48.5457],[-93.6746,48.5163],[-93.8152,48.5265],[-93.8053,48.5703],[-93.844,48.6294],[-94.2502,48.6563],[-94.2512,48.6835],[-94.2818,48.7053],[-94.3888,48.7119],[-94.4466,48.6929],[-94.5089,48.7004],[-94.619,48.7374],[-94.6943,48.7894],[-94.6831,48.8839],[-94.7502,49.0998],[-94.7742,49.125],[-94.8162,49.321],[-94.8785,49.3332],[-94.9521,49.3687],[-94.9889,49.3689],[-95.0584,49.3532],[-95.1533,49.3844],[-95.1537,48.9989],[-95.3199,48.9988],[-95.301,48.9042],[-95.2356,48.8815],[-95.0915,48.9206],[-95.0899,48.7131],[-95.3427,48.713],[-95.3425,48.5402],[-95.6023,48.5389],[-95.5924,48.0387],[-95.5829,48.0207],[-95.5788,47.6737],[-95.5534,47.6736],[-95.5542,47.4999],[-96.0676,47.4991]]]},"properties":{"GEOID":"2708","BASENAME":"8","NAME":"Congressional District 8","STATE":"27","CD119":"08"}},{"type":"Feature","geometry":{"type":"Polygon","coordinates":[[[-82.0166,33.5291],[-81.9909,33.4942],[-81.9263,33.4629],[-81.9201,33.4108],[-81.9327,33.3435],[-81.8461,33.3038],[-81.8465,33.2417],[-81.7635,33.2036],[-81.7551,33.1515],[-81.6584,33.1032],[-81.616,33.0893],[-81.5419,33.1583],[-81.3649,33.1081],[-81.1931,33.1187],[-81.2278,33.1607],[-81.2227,33.44],[-80.9401,33.3036],[-80.8871,33.2642],[-80.8582,33.4154],[-80.9756,33.4786],[-80.8683,33.5824],[-80.8854,33.6182],[-80.9398,33.6088],[-81.0429,33.7071],[-80.925,33.7568],[-81.014,33.7812],[-81.0585,33.7471],[-81.0123,33.8801],[-81.0521,33.9976],[-81.1393,34.0683],[-81.0715,34.0816],[-81.0424,34.1533],[-80.9596,34.1814],[-80.914,34.1399],[-80.9273,34.0899],[-80.9951,34.0245],[-80.9834,33.9646],[-80.707,34.0083],[-80.7041,34.05],[-80.6139,34.0573],[-80.6365,34.083],[-80.6162,34.0996],[-80.7193,34.069],[-80.8695,34.1823],[-80.8259,34.2688],[-81.0959,34.2139],[-81.1812,34.2203],[-81.1783,34.1746],[-81.3169,34.2395],[-81.339,34.1976],[-81.4372,34.13],[-81.3941,34.0715],[-81.472,34.0766],[-81.5713,33.8775],[-82.0166,33.5291]]]},"properties":{"GEOID":"4502","BASENAME":"2","NAME":"Congressional District 2","STATE":"45","CD119":"02"}},{"type":"Feature","geometry":{"type":"Polygon","coordinates":[[[-106.514,32.0008],[-106.4959,31.9124],[-106.4079,31.943],[-106.3706,31.9272],[-106.4214,31.8276],[-106.3217,31.8359],[-106.2001,31.8156],[-106.1988,31.7118],[-106.1645,31.6974],[-106.1981,31.6093],[-106.1627,31.5966],[-106.2643,31.624],[-106.3399,31.6698],[-106.3035,31.6204],[-106.2808,31.5621],[-106.1757,31.4563],[-106.0803,31.3987],[-106.0049,31.3925],[-105.9539,31.3647],[-105.9385,31.3187],[-105.8694,31.2886],[-105.7944,31.2022],[-105.7733,31.1669],[-105.6273,31.0985],[-105.5795,31.0354],[-105.5574,30.9902],[-105.3996,30.8889],[-105.3942,30.853],[-105.3149,30.817],[-105.2187,30.8016],[-105.0623,30.6863],[-105.0012,30.6726],[-104.9721,30.6103],[-104.9248,30.6048],[-104.8894,30.5351],[-104.8595,30.3904],[-104.8243,30.3705],[-104.7616,30.3011],[-104.7404,30.2595],[-104.7028,30.2117],[-104.6921,30.1073],[-104.704,30.0242],[-104.6855,29.9899],[-104.6723,29.9111],[-104.5657,29.7705],[-104.5398,29.6761],[-104.3712,29.5431],[-104.3088,29.5243],[-104.2291,29.481],[-104.1437,29.3833],[-104.0556,29.3309],[-103.9752,29.296],[-103.8569,29.2819],[-103.789,29.2575],[-103.7247,29.1915],[-103.5924,29.1503],[-103.5246,29.121],[-103.4632,29.0668],[-103.2812,28.9821],[-103.2278,28.9915],[-103.1267,28.9821],[-103.0764,29.0857],[-103.0357,29.103],[-102.9957,29.1612],[-102.9178,29.1907],[-102.8713,29.2416],[-102.891,29.2871],[-102.8719,29.3521],[-102.8246,29.3996],[-102.831,29.4443],[-102.8087,29.5223],[-102.6935,29.6765],[-102.6772,29.7383],[-102.5511,29.7524],[-102.5127,29.7803],[-102.3929,29.7656],[-102.3499,29.8623],[-102.3014,29.8777],[-102.1617,29.8195],[-102.1157,29.7924],[-102.0736,29.7869],[-102.0219,29.8025],[-101.9662,29.8073],[-101.8094,29.7902],[-101.7142,29.7677],[-101.6546,29.7652],[-101.5616,29.7947],[-101.5032,29.7646],[-101.4535,29.7597],[-101.4006,29.7381],[-101.3672,29.664],[-101.3073,29.6407],[-101.3055,29.5779],[-101.2549,29.5203],[-101.1927,29.5203],[-101.1375,29.4735],[-101.0602,29.4587],[-100.9956,29.3634],[-100.8868,29.3078],[-100.7957,29.2277],[-100.7726,29.1685],[-100.7275,29.1291],[-100.6747,29.0998],[-100.647,28.9571],[-100.6272,28.9037],[-100.5768,28.8362],[-100.5358,28.8059],[-100.533,28.7633],[-100.5067,28.7167],[-100.5004,28.662],[-100.3973,28.5756],[-100.3889,28.5157],[-100.3371,28.4272],[-100.3204,28.3621],[-100.2676,28.2503],[-100.1975,28.197],[-99.3942,28.2046],[-99.3889,28.0304],[-98.8033,28.0575],[-98.8048,29.2507],[-98.484,29.1407],[-98.4725,29.254],[-98.5013,29.3196],[-98.6463,29.3225],[-98.6135,29.377],[-98.6494,29.3974],[-98.7317,29.379],[-98.7583,29.4613],[-98.7208,29.4866],[-98.7882,29.5006],[-98.7477,29.5365],[-98.6295,29.5196],[-98.6674,29.5536],[-98.6084,29.6205],[-98.5549,29.5483],[-98.4501,29.6575],[-98.4435,29.7345],[-98.5505,29.7607],[-98.6461,29.7452],[-98.6526,29.7499],[-98.7788,29.7202],[-98.9272,29.5623],[-98.9714,29.5518],[-98.9838,29.6234],[-100.0142,29.6235],[-100.0133,29.7943],[-99.9676,30.0824],[-99.7576,30.0741],[-99.7541,30.2907],[-100.1165,30.2903],[-100.1152,31.088],[-101.2748,31.0794],[-101.2671,31.6509],[-102.7989,31.6518],[-102.7991,32.0858],[-103.0644,32.0871],[-103.0644,32.0005],[-106.514,32.0008]]]},"properties":{"GEOID":"4823","BASENAME":"23","NAME":"Congressional District 23","STATE":"48","CD119":"23"}},{"type":"Feature","geometry":{"type":"Polygon","coordinates":[[[-158.0866,21.2991],[-157.9815,21.3159],[-157.89,21.3065],[-157.8096,21.2577],[-157.7572,21.278],[-157.7001,21.264],[-157.655,21.3094],[-157.7872,21.3411],[-157.8725,21.4398],[-157.8962,21.5016],[-158.0278,21.4918],[-158.0192,21.3903],[-158.0866,21.2991]]]},"properties":{"GEOID":"1501","BASENAME":"1","NAME":"Congressional District 1","STATE":"15","CD119":"01"}},{"type":"Feature","geometry":{"type":"MultiPolygon","coordinates":[[[[-71.8605,41.3202],[-71.8628,41.3098],[-71.7016,41.337],[-71.5554,41.3733],[-71.4833,41.3717],[-71.4287,41.4542],[-71.4172,41.456],[-71.4084,41.4725],[-71.3805,41.6503],[-71.331,41.687],[-71.3783,41.7553],[-71.4299,41.8613],[-71.5746,41.8587],[-71.6067,42.0131],[-71.7992,42.0081],[-71.7897,41.7247],[-71.7977,41.4167],[-71.8396,41.4121],[-71.836,41.3539],[-71.8605,41.3202]]],[[[-71.6315,41.1667],[-71.5937,41.1463],[-71.5192,41.1496],[-71.5341,41.1819],[-71.5454,41.2427],[-71.5933,41.2374],[-71.6315,41.1667]]]]},"properties":{"GEOID":"4402","BASENAME":"2","NAME":"Congressional District 2","STATE":"44","CD119":"02"}},{"type":"Feature","geometry":{"type":"Polygon","coordinates":[[[-84.2492,33.3525],[-84.2439,33.3358],[-84.1506,33.3356],[-84.089,33.2856],[-84.1238,33.2028],[-83.8426,33.1968],[-83.8223,33.1802],[-83.816,33.1318],[-83.4444,33.1849],[-83.3639,33.1691],[-83.2741,33.1872],[-83.0976,33.1515],[-83.1013,33.0502],[-83.0522,33.0807],[-83.0087,33.0808],[-82.8889,33.1386],[-82.855,33.1964],[-82.7483,33.2383],[-82.8241,33.4276],[-82.852,33.4435],[-82.8666,33.4666],[-82.8153,33.5211],[-82.7513,33.5101],[-82.68,33.5998],[-82.813,33.6558],[-82.8797,33.6207],[-82.9382,33.7147],[-82.8655,33.726],[-82.727,33.863],[-82.7709,33.9726],[-82.7244,33.9845],[-82.6455,33.9842],[-82.6367,33.9741],[-82.563,33.9566],[-82.6428,34.0813],[-82.7154,34.1482],[-82.745,34.2449],[-82.8234,34.3589],[-82.8738,34.4715],[-82.9258,34.4818],[-82.9951,34.4725],[-83.0483,34.4933],[-83.1029,34.5374],[-83.1778,34.477],[-83.398,34.461],[-83.3939,34.3248],[-83.3379,34.2606],[-83.3553,34.2237],[-83.4024,34.1975],[-83.3571,34.1162],[-83.3868,34.0502],[-83.3595,34.0403],[-83.5031,33.9996],[-83.5369,33.9662],[-83.5633,34.0319],[-83.7675,34.0664],[-83.8177,34.1275],[-83.8649,34.0135],[-83.9392,33.9786],[-83.8804,33.9069],[-83.8432,33.8948],[-83.982,33.7861],[-83.9148,33.7442],[-83.9135,33.7122],[-83.9313,33.6513],[-83.8352,33.6448],[-83.8041,33.6106],[-83.8231,33.5567],[-83.8911,33.5178],[-83.9521,33.5473],[-84.0321,33.5394],[-84.0445,33.5258],[-84.0497,33.5411],[-84.0975,33.56],[-84.1442,33.4912],[-84.2171,33.4823],[-84.2034,33.4519],[-84.1814,33.4275],[-84.2492,33.3525]]]},"properties":{"GEOID":"1310","BASENAME":"10","NAME":"Congressional District 10","STATE":"13","CD119":"10"}},{"type":"Feature","geometry":{"type":"Polygon","coordinates":[[[-91.7013,30.4977],[-91.6401,30.4427],[-91.6211,30.3099],[-91.5628,30.2419],[-91.4753,30.2295],[-91.464,30.1029],[-91.3888,30.1024],[-91.3688,30.0588],[-91.2318,30.0404],[-91.2242,30.0256],[-91.2552,29.9715],[-91.1828,29.8462],[-91.0927,29.801],[-91.1054,29.6433],[-91.0826,29.6268],[-90.9818,29.7449],[-90.9246,29.8303],[-90.8487,29.8028],[-90.8442,29.7559],[-90.8104,29.7762],[-90.8503,29.8748],[-90.8855,29.8776],[-90.8857,29.9053],[-90.7787,29.922],[-90.6563,29.8892],[-90.6291,29.8952],[-90.5296,29.885],[-90.4799,29.8474],[-90.468,29.8035],[-90.372,29.7592],[-90.3521,29.6955],[-90.2282,29.692],[-90.1693,29.8074],[-90.1732,29.8275],[-90.1091,29.8522],[-90.0757,29.7719],[-90.0686,29.8288],[-90.0081,29.8955],[-89.959,29.9026],[-89.9107,29.8679],[-89.9168,29.9104],[-89.9563,29.94],[-89.9298,29.9877],[-89.9454,29.9824],[-89.8803,30.0522],[-89.9189,30.0812],[-90.073,30.0325],[-90.1249,29.9758],[-90.1401,29.9479],[-90.2148,29.9265],[-90.2653,30.0226],[-90.2795,30.0068],[-90.2795,29.968],[-90.3507,29.9355],[-90.4742,30.0314],[-90.3266,30.1502],[-90.1563,30.1896],[-90.1606,30.2343],[-90.3205,30.299],[-90.4858,30.277],[-90.5541,30.1956],[-90.6319,30.2212],[-90.6421,30.1664],[-90.7596,30.1436],[-90.8853,30.1495],[-90.9214,30.2842],[-90.9678,30.2709],[-91.0122,30.3357],[-91.021,30.3215],[-91.1266,30.3133],[-91.1421,30.3233],[-91.3115,30.3225],[-91.4852,30.4973],[-91.5835,30.4826],[-91.5921,30.497],[-91.7013,30.4977]]]},"properties":{"GEOID":"2202","BASENAME":"2","NAME":"Congressional District 2","STATE":"22","CD119":"02"}},{"type":"Feature","geometry":{"type":"Polygon","coordinates":[[[-123.0778,39.1738],[-123.093,39.072],[-123.028,38.9966],[-122.9866,38.9973],[-122.9489,38.9002],[-122.796,38.839],[-122.6268,38.6708],[-122.6466,38.5991],[-122.5296,38.4696],[-122.5596,38.4275],[-122.6344,38.487],[-122.7352,38.503],[-122.7261,38.4541],[-122.7761,38.4453],[-122.7661,38.3381],[-122.6808,38.2808],[-122.5783,38.2516],[-122.5454,38.1587],[-122.4885,38.1091],[-122.3976,38.142],[-122.4068,38.1556],[-122.1954,38.155],[-122.2061,38.3158],[-121.9404,38.3156],[-121.8656,38.3588],[-121.8425,38.2569],[-121.8889,38.2203],[-121.8775,38.0822],[-121.8616,38.0699],[-121.7121,38.0855],[-121.6567,38.1831],[-121.6397,38.2694],[-121.5605,38.343],[-121.5228,38.3614],[-121.5829,38.4468],[-121.5831,38.602],[-121.5536,38.6033],[-121.6338,38.6862],[-121.6029,38.7358],[-121.6735,38.743],[-121.7231,38.8513],[-121.8148,38.8766],[-121.8355,38.9245],[-122.3402,38.9242],[-122.4091,38.9628],[-122.4134,39.0202],[-122.4913,39.053],[-122.4773,39.1739],[-122.6809,39.2387],[-122.775,39.3118],[-122.7435,39.3681],[-122.7851,39.383],[-122.7391,39.3833],[-122.7356,39.5807],[-122.8854,39.5801],[-122.8903,39.529],[-123.0632,39.5035],[-123.0751,39.4077],[-123.0197,39.3218],[-122.9948,39.2359],[-123.0778,39.1738]]]},"properties":{"GEOID":"0604","BASENAME":"4","NAME":"Congressional District 4","STATE":"06","CD119":"04"}},{"type":"Feature","geometry":{"type":"Polygon","coordinates":[[[-80.1206,40.3596],[-80.1163,40.3127],[-79.9145,40.2524],[-79.9579,40.2143],[-79.8714,40.1974],[-79.7826,40.2276],[-79.7627,40.2499],[-79.7348,40.2091],[-79.6531,40.2076],[-79.6114,40.3254],[-79.5776,40.3464],[-79.5708,40.4204],[-79.6361,40.488],[-79.7016,40.5254],[-79.7651,40.5492],[-79.8353,40.5326],[-79.7768,40.4658],[-79.8431,40.4092],[-79.8924,40.4283],[-79.8846,40.4909],[-79.9839,40.4663],[-80.017,40.4998],[-80.095,40.4594],[-80.0008,40.371],[-80.1206,40.3596]]]},"properties":{"GEOID":"4212","BASENAME":"12","NAME":"Congressional District 12","STATE":"42","CD119":"12"}},{"type":"Feature","geometry":{"type":"MultiPolygon","coordinates":[[[[-77.0459,36.7743],[-77.0932,36.6992],[-77.0457,36.6165],[-77.0716,36.5461],[-75.867,36.5508],[-75.8909,36.6308],[-75.9616,36.8],[-75.9963,36.922],[-76.0431,36.9275],[-76.088,36.9086],[-76.1769,36.9285],[-76.1973,36.8281],[-76.2261,36.8399],[-76.2064,36.777],[-76.226,36.7452],[-76.4618,36.7826],[-76.4575,36.8148],[-76.4204,36.8663],[-76.3996,36.9309],[-76.4453,36.9419],[-76.6458,37.1252],[-76.6416,37.1538],[-76.6983,37.0591],[-76.8497,36.9962],[-77.0021,36.9207],[-77.0118,36.8556],[-76.9456,36.8313],[-77.0459,36.7743]]],[[[-76.0235,37.2891],[-75.9796,37.1004],[-75.9424,37.0896],[-75.8973,37.118],[-75.8174,37.1934],[-75.7788,37.2972],[-75.7358,37.3354],[-75.7207,37.3731],[-75.6584,37.4518],[-75.6729,37.4837],[-75.6078,37.5607],[-75.6145,37.6093],[-75.592,37.6632],[-75.5519,37.7481],[-75.4893,37.8325],[-75.439,37.8693],[-75.3806,37.8517],[-75.3386,37.895],[-75.2423,38.0272],[-75.6243,37.9942],[-75.6697,37.9508],[-75.7249,37.915],[-75.7309,37.8983],[-75.7089,37.843],[-75.7359,37.8166],[-75.8181,37.7917],[-75.8122,37.7495],[-75.8593,37.7031],[-75.9412,37.5638],[-75.9765,37.4449],[-75.9871,37.3685],[-76.0235,37.2891]]]]},"properties":{"GEOID":"5102","BASENAME":"2","NAME":"Congressional District 2","STATE":"51","CD119":"02"}},{"type":"Feature","geometry":{"type":"Polygon","coordinates":[[[-117.2822,32.8395],[-117.281,32.8222],[-117.255,32.7869],[-117.2552,32.7001],[-117.2461,32.6694],[-117.1968,32.6889],[-117.1689,32.672],[-117.1367,32.6188],[-117.132,32.5856],[-117.1115,32.7316],[-117.125,32.7553],[-117.2096,32.7635],[-117.2352,32.8386],[-117.2237,32.9043],[-117.0664,32.9873],[-117.0341,33.054],[-116.9057,33.0836],[-117.0029,33.1126],[-117.0332,33.1493],[-117.1343,33.1239],[-117.0859,33.2072],[-117.1259,33.1972],[-117.1562,33.2529],[-117.2023,33.253],[-117.1974,33.2082],[-117.2299,33.1312],[-117.1949,33.084],[-117.2637,32.9395],[-117.2545,32.9001],[-117.2562,32.8594],[-117.2822,32.8395]]]},"properties":{"GEOID":"0650","BASENAME":"50","NAME":"Congressional District 50","STATE":"06","CD119":"50"}},{"type":"Feature","geometry":{"type":"Polygon","coordinates":[[[-74.4633,40.5992],[-74.5239,40.5697],[-74.4599,40.491],[-74.4895,40.4745],[-74.3851,40.4872],[-74.2621,40.3954],[-74.2088,40.3818],[-74.1332,40.4269],[-74.0117,40.3823],[-74.0791,40.3601],[-74.0138,40.2302],[-74.0946,40.2063],[-74.0076,40.1956],[-73.9817,40.2794],[-73.9714,40.348],[-73.977,40.4085],[-73.9979,40.4767],[-74.0193,40.4712],[-74.0479,40.4189],[-74.1083,40.4438],[-74.1571,40.4476],[-74.2062,40.4407],[-74.2619,40.4647],[-74.2492,40.5451],[-74.2168,40.5586],[-74.2037,40.5932],[-74.3029,40.6087],[-74.4633,40.5992]]]},"properties":{"GEOID":"3406","BASENAME":"6","NAME":"Congressional District 6","STATE":"34","CD119":"06"}},{"type":"Feature","geometry":{"type":"Polygon","coordinates":[[[-90.2501,34.9073],[-90.3114,34.8728],[-90.2021,34.8604],[-90.2002,34.7244],[-90.2314,34.702],[-90.24,34.6262],[-90.1986,34.5544],[-89.7213,34.5543],[-89.721,34.1925],[-89.5094,34.191],[-89.5065,33.4598],[-89.3811,33.4603],[-89.4541,33.4332],[-89.4538,33.2859],[-89.3164,33.2856],[-89.3179,33.1089],[-89.2139,33.1094],[-89.2134,33.1975],[-89.1089,33.1981],[-89.0883,33.286],[-88.966,33.2861],[-88.9596,33.4982],[-89.0361,33.5127],[-89.0357,33.5622],[-88.6715,33.5651],[-88.6706,33.2869],[-88.3044,33.2883],[-88.0979,34.8922],[-88.1546,34.9224],[-88.2001,34.9956],[-90.3093,34.9957],[-90.2445,34.9376],[-90.2501,34.9073]]]},"properties":{"GEOID":"2801","BASENAME":"1","NAME":"Congressional District 1","STATE":"28","CD119":"01"}},{"type":"Feature","geometry":{"type":"Polygon","coordinates":[[[-122.537,47.4034],[-122.5236,47.3242],[-122.4373,47.3337],[-122.348,47.3823],[-122.3116,47.4886],[-122.3208,47.6112],[-122.2637,47.6131],[-122.2297,47.6678],[-122.271,47.7771],[-122.4381,47.7778],[-122.445,47.5427],[-122.537,47.4034]]]},"properties":{"GEOID":"5307","BASENAME":"7","NAME":"Congressional District 7","STATE":"53","CD119":"07"}},{"type":"Feature","geometry":{"type":"Polygon","coordinates":[[[-89.3937,41.4949],[-89.3935,41.2647],[-89.3482,41.2593],[-89.3503,41.2526],[-89.3088,41.1914],[-89.1626,41.1923],[-89.1628,41.2214],[-89.0567,41.2217],[-89.0485,41.28],[-88.817,41.2812],[-88.8055,41.3407],[-88.59,41.3035],[-88.596,41.4571],[-88.1384,41.4647],[-88.1349,41.3782],[-88.019,41.3804],[-88.0286,41.6699],[-88.1248,41.6523],[-88.1448,41.6311],[-88.1482,41.7261],[-88.262,41.7247],[-88.2621,41.7604],[-88.3757,41.7444],[-88.3761,41.8099],[-88.6026,41.8068],[-88.6016,42.0179],[-88.6402,42.003],[-88.7156,42.0664],[-88.7147,41.98],[-88.9419,41.9789],[-88.9387,41.6283],[-89.1672,41.6287],[-89.1665,41.4958],[-89.3937,41.4949]]]},"properties":{"GEOID":"1714","BASENAME":"14","NAME":"Congressional District 14","STATE":"17","CD119":"14"}},{"type":"Feature","geometry":{"type":"Polygon","coordinates":[[[-91.5063,40.2002],[-91.512,40.1704],[-91.4841,40.0193],[-91.4371,39.9464],[-91.429,39.9077],[-91.4361,39.8455],[-91.3616,39.7875],[-91.3678,39.729],[-91.1742,39.592],[-91.1483,39.5458],[-91.1003,39.5387],[-91.0383,39.4484],[-90.9374,39.4008],[-90.8401,39.3404],[-90.73,39.2559],[-90.7079,39.1509],[-90.6811,39.1006],[-90.7136,39.054],[-90.6764,38.9841],[-90.6573,38.9203],[-90.5954,38.875],[-90.5557,38.8708],[-90.5001,38.9104],[-90.4678,38.9618],[-90.3958,38.96],[-90.2987,38.9234],[-90.2303,38.9109],[-90.1912,38.8903],[-90.1923,38.9367],[-90.1263,38.9303],[-90.118,38.999],[-90.146,38.9993],[-90.1538,39.5203],[-89.8131,39.5228],[-89.8153,39.6979],[-89.7051,39.6983],[-89.7085,39.8731],[-89.6638,39.8267],[-89.5932,39.8315],[-89.5989,39.7874],[-89.4825,39.7882],[-89.483,39.875],[-89.3676,39.8741],[-89.3671,39.9176],[-89.1435,39.9176],[-89.1439,39.9614],[-88.7454,39.9676],[-88.7452,40.0552],[-88.463,40.055],[-88.4632,40.1422],[-88.2961,40.1713],[-88.1249,40.1422],[-88.1239,40.055],[-88.2383,40.0544],[-88.2379,40.0104],[-88.3496,40.0111],[-88.4068,39.9674],[-88.4061,39.8792],[-88.6129,39.8791],[-88.746,39.8509],[-88.746,39.8581],[-88.8787,39.8629],[-88.9767,39.8314],[-88.9834,39.9083],[-89.142,39.8013],[-89.2175,39.8137],[-89.3929,39.7439],[-89.4252,39.762],[-89.4251,39.6837],[-89.535,39.6411],[-89.5335,39.5246],[-89.7017,39.5233],[-89.6986,38.999],[-89.927,38.9988],[-89.9287,38.7415],[-89.9832,38.6582],[-89.5951,38.6559],[-89.5973,38.7432],[-89.1384,38.7363],[-89.1381,38.8242],[-88.6952,38.8263],[-88.6935,38.9146],[-88.8068,38.9116],[-88.8053,39.2163],[-88.4709,39.215],[-88.4704,39.4326],[-88.3598,39.4323],[-88.3595,39.4736],[-88.2479,39.484],[-88.2482,39.4338],[-88.1746,39.4337],[-88.14,39.5053],[-88.1396,39.6521],[-88.063,39.6813],[-87.9663,39.686],[-87.9602,39.4813],[-87.6876,39.4874],[-87.5317,39.4771],[-87.5319,40.0588],[-87.6238,40.0207],[-87.7866,40.0273],[-87.8065,40.0859],[-87.9396,40.0836],[-87.9421,40.2255],[-87.9288,40.2335],[-87.93,40.3134],[-88.0789,40.3125],[-88.1745,40.2754],[-88.2329,40.3116],[-88.4603,40.311],[-88.4604,40.2819],[-89.2627,40.2809],[-89.2637,40.3253],[-89.7149,40.3192],[-89.7171,40.4357],[-89.9247,40.4359],[-89.9056,40.4515],[-90.6148,40.455],[-90.7049,40.4482],[-90.7276,40.4746],[-90.6747,40.4828],[-90.674,40.5432],[-90.4469,40.5398],[-90.4418,40.8891],[-90.6715,40.8925],[-90.6648,41.2404],[-90.6679,41.3156],[-90.6777,41.3286],[-91.0741,41.3343],[-91.1142,41.25],[-91.0415,41.1661],[-90.9979,41.1626],[-90.9572,41.1111],[-90.9453,41.0193],[-90.9522,40.954],[-90.9855,40.9121],[-91.093,40.8211],[-91.0917,40.7797],[-91.1157,40.7252],[-91.1208,40.6728],[-91.187,40.6373],[-91.2479,40.6384],[-91.3397,40.6135],[-91.3743,40.5826],[-91.3945,40.5345],[-91.3679,40.5105],[-91.3799,40.4521],[-91.3729,40.3991],[-91.4194,40.3783],[-91.4697,40.3224],[-91.4929,40.2699],[-91.5063,40.2002]]]},"properties":{"GEOID":"1715","BASENAME":"15","NAME":"Congressional District 15","STATE":"17","CD119":"15"}},{"type":"Feature","geometry":{"type":"Polygon","coordinates":[[[-95.3843,41.16],[-95.385,40.9016],[-95.3706,40.7282],[-95.3739,40.5803],[-94.0911,40.5729],[-92.1798,40.6005],[-92.18,41.1627],[-93.7892,41.162],[-93.7906,41.5119],[-93.4138,41.5074],[-93.3442,41.4819],[-93.3284,41.4908],[-93.3487,41.601],[-93.3479,41.8631],[-94.1644,41.8632],[-94.1647,42.2099],[-94.6288,42.2094],[-94.6287,41.8628],[-94.7449,41.8624],[-94.7442,41.6022],[-94.7007,41.6022],[-94.7006,41.5041],[-95.1547,41.5052],[-95.1559,41.1592],[-95.3843,41.16]]]},"properties":{"GEOID":"1903","BASENAME":"3","NAME":"Congressional District 3","STATE":"19","CD119":"03"}},{"type":"Feature","geometry":{"type":"Polygon","coordinates":[[[-85.0692,34.5872],[-85.1048,34.4046],[-85.0058,34.3924],[-85.0231,34.3471],[-85.047,34.0829],[-84.9227,34.0825],[-84.91,34.0753],[-84.6365,34.0779],[-84.6491,33.9532],[-84.5968,33.9111],[-84.4668,33.918],[-84.4427,33.9017],[-84.3747,33.9861],[-84.4189,34.0735],[-84.3883,34.1182],[-84.4268,34.1249],[-84.4446,34.1951],[-84.3965,34.2121],[-84.4307,34.2795],[-84.412,34.3806],[-84.3939,34.3733],[-84.2576,34.381],[-84.2569,34.4673],[-84.3197,34.4679],[-84.3456,34.5627],[-84.3714,34.5485],[-84.6541,34.549],[-84.6545,34.5832],[-84.7157,34.6229],[-84.8638,34.6086],[-84.9135,34.6341],[-84.9261,34.6162],[-85.0504,34.6225],[-85.0692,34.5872]]]},"properties":{"GEOID":"1311","BASENAME":"11","NAME":"Congressional District 11","STATE":"13","CD119":"11"}},{"type":"Feature","geometry":{"type":"MultiPolygon","coordinates":[[[[-74.9281,40.3398],[-74.8239,40.2415],[-74.7485,40.1849],[-74.7622,40.2843],[-74.7132,40.3585],[-74.6499,40.2418],[-74.5734,40.3009],[-74.482,40.2739],[-74.485,40.2533],[-74.3934,40.2796],[-74.2604,40.3967],[-74.3851,40.4872],[-74.4895,40.4745],[-74.4599,40.491],[-74.5239,40.5697],[-74.6879,40.5551],[-74.6837,40.4881],[-74.752,40.4314],[-74.7481,40.4242],[-74.8563,40.3467],[-74.9281,40.3398]]],[[[-74.4085,40.6443],[-74.4633,40.5992],[-74.3947,40.601],[-74.4085,40.6443]]]]},"properties":{"GEOID":"3412","BASENAME":"12","NAME":"Congressional District 12","STATE":"34","CD119":"12"}},{"type":"Feature","geometry":{"type":"Polygon","coordinates":[[[-123.9981,46.2353],[-124.0411,46.1977],[-123.9592,46.1417],[-123.9293,46.042],[-123.9375,45.9773],[-123.9937,45.9464],[-123.9676,45.9078],[-123.9615,45.8371],[-123.9686,45.757],[-123.9394,45.7088],[-123.939,45.6619],[-123.9476,45.5649],[-123.9765,45.4897],[-123.9606,45.4308],[-123.9797,45.3477],[-123.9629,45.2802],[-123.9754,45.1455],[-124.0101,45.045],[-123.7247,45.0444],[-123.7244,45.0762],[-123.7842,45.0767],[-123.7845,45.2163],[-123.4635,45.2163],[-123.4649,45.4333],[-123.1354,45.4335],[-122.9289,45.3463],[-122.8634,45.3677],[-122.8363,45.4656],[-122.7437,45.4871],[-122.7437,45.4429],[-122.6665,45.4643],[-122.621,45.5272],[-122.791,45.62],[-122.7564,45.6624],[-122.7745,45.6804],[-122.7615,45.7592],[-122.7956,45.81],[-122.785,45.8677],[-122.8115,45.9127],[-122.814,45.961],[-122.9041,46.0837],[-122.9627,46.1048],[-123.0042,46.1338],[-123.1159,46.1853],[-123.1664,46.189],[-123.2802,46.1448],[-123.3714,46.1464],[-123.4308,46.1818],[-123.4276,46.2293],[-123.4796,46.2691],[-123.5477,46.2591],[-123.5862,46.2287],[-123.6609,46.2163],[-123.7181,46.189],[-123.7576,46.213],[-123.9124,46.1794],[-123.9981,46.2353]]]},"properties":{"GEOID":"4101","BASENAME":"1","NAME":"Congressional District 1","STATE":"41","CD119":"01"}},{"type":"Feature","geometry":{"type":"Polygon","coordinates":[[[-123.7845,45.2163],[-123.7842,45.0767],[-123.7244,45.0762],[-123.725,44.739],[-123.7045,44.7212],[-123.149,44.7202],[-123.1438,44.7489],[-123.113,44.7595],[-123.0151,44.7199],[-123.0192,44.698],[-123.0068,44.6869],[-122.9334,44.7161],[-122.865,44.7583],[-122.8544,44.846],[-122.9505,44.906],[-122.9757,45.0228],[-122.7472,45.2233],[-122.7393,45.2595],[-122.7165,45.2845],[-122.7437,45.3321],[-122.7437,45.4871],[-122.8363,45.4656],[-122.8634,45.3677],[-122.9289,45.3463],[-123.1354,45.4335],[-123.4649,45.4333],[-123.4635,45.2163],[-123.7845,45.2163]]]},"properties":{"GEOID":"4106","BASENAME":"6","NAME":"Congressional District 6","STATE":"41","CD119":"06"}},{"type":"Feature","geometry":{"type":"Polygon","coordinates":[[[-76.9935,41.3486],[-77.0951,41.2432],[-76.8938,41.2305],[-76.9669,41.2011],[-76.8897,41.1508],[-76.8961,41.1391],[-76.8564,41.0474],[-76.874,40.9468],[-76.8002,40.882],[-76.8498,40.8091],[-76.864,40.7067],[-76.9491,40.6282],[-76.9193,40.6035],[-76.7016,40.6581],[-76.5354,40.5552],[-76.678,40.4747],[-76.5663,40.1966],[-76.3076,40.2551],[-76.1512,40.316],[-76.0918,40.2777],[-76.0347,40.3264],[-76.0856,40.3643],[-75.9718,40.4475],[-75.9372,40.5915],[-75.7667,40.597],[-75.8915,40.6773],[-75.8078,40.7075],[-75.7578,40.7354],[-75.886,40.8163],[-75.9976,40.9133],[-76.028,40.9023],[-76.108,40.9232],[-76.1185,40.9599],[-76.0161,40.9818],[-76.0155,41.0592],[-75.9278,41.0885],[-75.9938,41.1666],[-76.0393,41.153],[-76.0769,41.2502],[-75.9496,41.3316],[-76.059,41.3424],[-76.0633,41.3824],[-76.0051,41.3846],[-75.8345,41.427],[-75.7716,41.5058],[-75.8032,41.5242],[-75.7199,41.6423],[-75.4624,41.6416],[-75.4831,41.9994],[-76.9269,42.0007],[-76.8747,41.5969],[-76.8137,41.59],[-76.7724,41.4717],[-76.8267,41.47],[-76.8273,41.3946],[-76.9235,41.3434],[-76.9935,41.3486]]]},"properties":{"GEOID":"4209","BASENAME":"9","NAME":"Congressional District 9","STATE":"42","CD119":"09"}},{"type":"Feature","geometry":{"type":"Polygon","coordinates":[[[-80.5197,40.8513],[-80.519,40.4774],[-80.3608,40.4776],[-80.1846,40.3331],[-80.1163,40.3127],[-80.1206,40.3596],[-80.0008,40.371],[-80.095,40.4594],[-80.017,40.4998],[-79.9839,40.4663],[-79.8846,40.4909],[-79.8924,40.4283],[-79.8431,40.4092],[-79.7768,40.4658],[-79.8353,40.5326],[-79.7651,40.5492],[-79.7734,40.5821],[-79.6929,40.6696],[-80.1485,40.6738],[-80.1585,40.8551],[-80.5197,40.8513]]]},"properties":{"GEOID":"4217","BASENAME":"17","NAME":"Congressional District 17","STATE":"42","CD119":"17"}},{"type":"Feature","geometry":{"type":"Polygon","coordinates":[[[-76.6416,37.1538],[-76.6458,37.1252],[-76.4453,36.9419],[-76.3996,36.9309],[-76.4204,36.8663],[-76.4575,36.8148],[-76.4618,36.7826],[-76.226,36.7452],[-76.2064,36.777],[-76.2261,36.8399],[-76.1973,36.8281],[-76.1769,36.9285],[-76.268,36.9645],[-76.3043,37.0014],[-76.2713,37.0845],[-76.2931,37.1142],[-76.3837,37.1116],[-76.4377,37.094],[-76.5652,37.2205],[-76.5913,37.2132],[-76.5812,37.1825],[-76.6416,37.1538]]]},"properties":{"GEOID":"5103","BASENAME":"3","NAME":"Congressional District 3","STATE":"51","CD119":"03"}},{"type":"Feature","geometry":{"type":"Polygon","coordinates":[[[-77.2395,38.6665],[-77.226,38.6033],[-77.1302,38.635],[-77.1325,38.6738],[-77.0795,38.7095],[-77.0532,38.7099],[-77.041,38.7379],[-77.0391,38.8681],[-77.0902,38.9042],[-77.1466,38.9642],[-77.18,38.9664],[-77.2102,38.9315],[-77.2172,38.9101],[-77.2118,38.8035],[-77.1362,38.7844],[-77.2395,38.6665]]]},"properties":{"GEOID":"5108","BASENAME":"8","NAME":"Congressional District 8","STATE":"51","CD119":"08"}},{"type":"Feature","geometry":{"type":"Polygon","coordinates":[[[-80.29,37.6861],[-80.2243,37.624],[-80.1456,37.5964],[-80.0206,37.6474],[-79.9691,37.5444],[-80.0741,37.4225],[-80.2465,37.3539],[-80.2622,37.3415],[-80.2586,37.3087],[-80.1925,37.2344],[-80.1812,37.252],[-80.105,37.2781],[-80.0512,37.2522],[-80.0335,37.2629],[-80.0338,37.2478],[-79.9578,37.2127],[-80.0053,37.1678],[-79.9628,37.1373],[-79.8472,37.2254],[-79.8584,37.2672],[-79.8475,37.3094],[-79.7887,37.3493],[-79.814,37.4039],[-79.6588,37.485],[-79.5937,37.4489],[-79.4987,37.5328],[-79.4341,37.5723],[-79.4369,37.6171],[-79.3452,37.6606],[-79.2328,37.8128],[-79.1721,37.8031],[-79.1444,37.8561],[-79.1574,37.891],[-79.0625,37.9176],[-79.0051,37.8817],[-78.9023,37.9514],[-78.8389,38.0474],[-78.7811,38.0808],[-78.7494,38.2066],[-78.7043,38.247],[-78.6622,38.2535],[-78.6553,38.2603],[-78.6631,38.2779],[-78.5531,38.3348],[-78.4857,38.4216],[-78.4528,38.4755],[-78.4428,38.5278],[-78.3382,38.6273],[-78.3188,38.7379],[-78.2848,38.7593],[-78.201,38.7766],[-78.1306,38.8649],[-78.062,38.8919],[-78.0043,38.9794],[-77.8628,39.081],[-77.8283,39.1324],[-78.3471,39.466],[-78.3371,39.4092],[-78.3405,39.3535],[-78.4018,39.2768],[-78.405,39.238],[-78.4287,39.1872],[-78.4139,39.1584],[-78.5081,39.0886],[-78.5617,39.009],[-78.6205,38.9826],[-78.6816,38.9258],[-78.7728,38.8937],[-78.8693,38.763],[-78.999,38.8401],[-79.0231,38.7986],[-79.0573,38.7614],[-79.0881,38.6901],[-79.093,38.6595],[-79.1544,38.6065],[-79.2316,38.474],[-79.2978,38.4164],[-79.3703,38.4272],[-79.4766,38.4572],[-79.5426,38.5532],[-79.6491,38.5915],[-79.6691,38.5109],[-79.6911,38.4637],[-79.6897,38.4314],[-79.7346,38.3567],[-79.8041,38.3139],[-79.7875,38.2733],[-79.9162,38.1844],[-79.939,38.1116],[-79.9712,38.0443],[-80.0362,37.9679],[-80.1996,37.8275],[-80.2581,37.7206],[-80.29,37.6861]]]},"properties":{"GEOID":"5106","BASENAME":"6","NAME":"Congressional District 6","STATE":"51","CD119":"06"}},{"type":"Feature","geometry":{"type":"Polygon","coordinates":[[[-95.5083,38.3903],[-95.519,38.0382],[-95.0779,38.0377],[-95.0658,38.3899],[-94.6128,38.3887],[-94.6075,39.0898],[-94.6247,39.0753],[-94.6797,39.0998],[-94.9085,39.116],[-94.9088,38.9914],[-94.9233,39.0026],[-95.0563,38.9821],[-95.0564,38.7386],[-95.5007,38.7388],[-95.508,38.6953],[-95.5083,38.3903]]]},"properties":{"GEOID":"2003","BASENAME":"3","NAME":"Congressional District 3","STATE":"20","CD119":"03"}},{"type":"Feature","geometry":{"type":"Polygon","coordinates":[[[-84.4446,34.1951],[-84.4268,34.1249],[-84.3883,34.1182],[-84.4189,34.0735],[-84.3747,33.9861],[-84.4426,33.9016],[-84.4034,33.9281],[-84.3478,33.9298],[-84.3474,33.9681],[-84.2771,33.9576],[-84.2623,33.9874],[-84.1212,34.0343],[-84.0977,34.0507],[-84.118,34.0659],[-84.0622,34.1685],[-83.9021,34.1107],[-83.8549,34.1841],[-83.918,34.1989],[-83.8603,34.2736],[-83.9056,34.3351],[-83.8711,34.3725],[-83.9351,34.449],[-83.9319,34.4693],[-83.8434,34.5055],[-83.8762,34.6205],[-83.8565,34.7222],[-83.9826,34.7159],[-84.0363,34.6421],[-84.158,34.6482],[-84.1886,34.6027],[-84.1968,34.6179],[-84.2551,34.5683],[-84.3366,34.5789],[-84.3456,34.5627],[-84.3197,34.4679],[-84.2569,34.4673],[-84.2576,34.381],[-84.3939,34.3733],[-84.412,34.3806],[-84.4307,34.2795],[-84.3965,34.2121],[-84.4446,34.1951]]]},"properties":{"GEOID":"1307","BASENAME":"7","NAME":"Congressional District 7","STATE":"13","CD119":"07"}},{"type":"Feature","geometry":{"type":"Polygon","coordinates":[[[-79.0602,43.1248],[-79.0745,43.0779],[-79.0055,43.0572],[-79.02,42.9948],[-78.9618,42.9578],[-78.928,42.9529],[-78.9092,42.9333],[-78.9125,42.8866],[-78.8826,42.8673],[-78.8569,42.8053],[-78.6969,42.8112],[-78.6969,43.0863],[-78.8021,43.0658],[-78.8224,43.0516],[-78.8358,43.0773],[-78.825,43.1331],[-79.0553,43.1338],[-79.0602,43.1248]]]},"properties":{"GEOID":"3626","BASENAME":"26","NAME":"Congressional District 26","STATE":"36","CD119":"26"}},{"type":"Feature","geometry":{"type":"Polygon","coordinates":[[[-73.9792,40.7058],[-73.9774,40.6869],[-73.9382,40.6986],[-73.9002,40.6738],[-73.8573,40.6703],[-73.8567,40.7077],[-73.9054,40.7129],[-73.9065,40.7571],[-73.9405,40.7675],[-73.9625,40.7368],[-73.9626,40.7227],[-73.9792,40.7058]]]},"properties":{"GEOID":"3607","BASENAME":"7","NAME":"Congressional District 7","STATE":"36","CD119":"07"}},{"type":"Feature","geometry":{"type":"Polygon","coordinates":[[[-74.2492,40.5451],[-74.2606,40.5024],[-74.1999,40.5117],[-74.1126,40.5476],[-74.0573,40.5975],[-74.0366,40.589],[-73.9765,40.5966],[-73.9972,40.6253],[-74.0368,40.6384],[-74.0677,40.6704],[-74.0868,40.6516],[-74.1706,40.6453],[-74.2022,40.6309],[-74.2037,40.5927],[-74.2168,40.5586],[-74.2492,40.5451]]]},"properties":{"GEOID":"3611","BASENAME":"11","NAME":"Congressional District 11","STATE":"36","CD119":"11"}},{"type":"Feature","geometry":{"type":"Polygon","coordinates":[[[-71.2292,42.2641],[-71.2803,42.0885],[-71.1758,42.1556],[-71.1386,42.0728],[-71.1687,42.0612],[-71.1565,42.001],[-71.0542,41.9827],[-70.8992,41.9964],[-70.9408,42.1514],[-70.827,42.2008],[-70.8534,42.2396],[-70.8359,42.2648],[-70.8511,42.2683],[-70.8812,42.3007],[-70.9175,42.3057],[-70.9674,42.2682],[-70.9978,42.3212],[-70.9831,42.3435],[-71.0641,42.369],[-71.0875,42.3556],[-71.0497,42.3543],[-71.0681,42.271],[-71.0935,42.2569],[-71.0934,42.239],[-71.0766,42.2211],[-71.083,42.2046],[-71.0495,42.2067],[-71.0473,42.1946],[-71.0191,42.1869],[-71.0351,42.1356],[-71.1308,42.2279],[-71.1466,42.2558],[-71.1882,42.2804],[-71.2292,42.2641]]]},"properties":{"GEOID":"2508","BASENAME":"8","NAME":"Congressional District 8","STATE":"25","CD119":"08"}},{"type":"Feature","geometry":{"type":"Polygon","coordinates":[[[-79.5136,36.5407],[-79.5319,36.2497],[-78.8023,36.2358],[-78.8076,36.0877],[-78.7513,36.0708],[-78.7536,36.0314],[-78.6998,36.0114],[-78.6861,36.0208],[-78.6653,36.0102],[-78.6522,35.9009],[-78.5958,35.913],[-78.5586,35.9705],[-78.4593,35.9756],[-78.475,35.8797],[-78.3547,35.8305],[-78.2878,35.8234],[-78.3245,35.7838],[-78.4293,35.7525],[-78.5657,35.6448],[-78.752,35.7191],[-78.824,35.6548],[-78.7765,35.5405],[-78.9161,35.5841],[-78.9696,35.5217],[-79.1171,35.6282],[-79.3501,35.518],[-79.3598,35.4697],[-79.2736,35.3534],[-79.1836,35.3072],[-79.223,35.2681],[-79.0958,35.1921],[-78.998,35.2141],[-78.9355,35.2187],[-78.7946,35.266],[-78.6171,35.2457],[-78.5835,35.2968],[-78.5383,35.3164],[-78.4919,35.2633],[-78.4117,35.2547],[-78.3066,35.2876],[-78.1532,35.3507],[-78.1549,35.4178],[-78.0648,35.5853],[-78.1255,35.6031],[-78.1921,35.7305],[-78.2329,35.7514],[-78.256,35.8181],[-78.0066,36.2026],[-78.1083,36.2099],[-78.1334,36.2464],[-78.307,36.2662],[-78.3781,36.2351],[-78.4219,36.1643],[-78.4966,36.1752],[-78.5084,36.189],[-78.5092,36.2657],[-78.5719,36.2734],[-78.5813,36.2975],[-78.6053,36.2926],[-78.6142,36.3123],[-78.59,36.3446],[-78.5908,36.3617],[-78.5561,36.3524],[-78.541,36.3762],[-78.5104,36.376],[-78.4978,36.5145],[-78.4573,36.5414],[-79.5136,36.5407]]]},"properties":{"GEOID":"3713","BASENAME":"13","NAME":"Congressional District 13","STATE":"37","CD119":"13"}},{"type":"Feature","geometry":{"type":"Polygon","coordinates":[[[-80.8539,35.0898],[-80.8167,35.0778],[-80.7927,35.0895],[-80.8045,35.0277],[-80.8405,35.0015],[-80.782,34.9358],[-80.797,34.8239],[-79.6753,34.8047],[-79.1084,34.3311],[-79.0744,34.3588],[-79.1126,34.4058],[-79.0626,34.5017],[-79.0082,34.5239],[-78.936,34.6825],[-79.0204,34.6534],[-79.1019,34.7677],[-79.1547,34.7682],[-79.1138,34.8046],[-79.1667,34.853],[-79.1914,34.8337],[-79.3479,34.8386],[-79.3531,34.9442],[-79.4588,35.0436],[-79.5759,35.0699],[-79.6143,35.1637],[-79.7027,35.2559],[-79.768,35.5115],[-80.5706,35.5033],[-80.5819,35.3822],[-80.6728,35.4191],[-80.7197,35.3628],[-80.6665,35.2679],[-80.5997,35.2341],[-80.7052,35.1926],[-80.7054,35.1259],[-80.8539,35.0898]]]},"properties":{"GEOID":"3708","BASENAME":"8","NAME":"Congressional District 8","STATE":"37","CD119":"08"}},{"type":"Feature","geometry":{"type":"Polygon","coordinates":[[[-81.5354,35.5681],[-81.5152,35.558],[-81.4556,35.4198],[-80.9549,35.4001],[-80.9424,35.4551],[-80.9473,35.4885],[-80.9067,35.5148],[-80.7372,35.5058],[-80.7716,35.6722],[-80.7078,35.853],[-80.6932,36.0513],[-80.2196,36.0307],[-80.1495,36.1138],[-80.1453,36.2585],[-80.4519,36.2615],[-80.4527,36.2417],[-80.5479,36.2854],[-80.6242,36.2868],[-80.8732,36.2363],[-80.8816,36.0557],[-80.9757,36.0588],[-81.0288,36.0457],[-81.0055,35.9583],[-81.0413,35.8579],[-81.1095,35.7766],[-81.1431,35.8279],[-81.3343,35.7963],[-81.5354,35.5681]]]},"properties":{"GEOID":"3710","BASENAME":"10","NAME":"Congressional District 10","STATE":"37","CD119":"10"}},{"type":"Feature","geometry":{"type":"Polygon","coordinates":[[[-76.6977,39.7214],[-76.6111,39.5847],[-76.6132,39.5059],[-76.5386,39.4805],[-76.5583,39.4396],[-76.4557,39.4074],[-76.4281,39.3438],[-76.3156,39.3328],[-76.3381,39.2928],[-76.3264,39.2734],[-76.3002,39.3006],[-76.2444,39.3375],[-76.1973,39.3326],[-76.1846,39.2963],[-76.2432,39.2134],[-76.2785,39.1458],[-76.2465,39.1196],[-76.2335,39.0914],[-76.234,39.0569],[-76.3223,39.0064],[-76.3617,38.9392],[-76.3674,38.8677],[-76.3155,38.8461],[-76.3023,38.8236],[-76.3097,38.8001],[-76.3794,38.7806],[-76.3899,38.7557],[-76.348,38.6862],[-76.3224,38.6793],[-76.275,38.7127],[-76.2387,38.7128],[-76.2003,38.6708],[-76.1774,38.6604],[-76.1786,38.6291],[-76.1976,38.6168],[-76.2796,38.6095],[-76.29,38.5692],[-76.2775,38.5419],[-76.3364,38.4922],[-76.25,38.3623],[-76.2584,38.3329],[-76.2176,38.3057],[-76.1669,38.2459],[-76.1312,38.234],[-76.0886,38.1926],[-76.0905,38.1199],[-76.0592,38.0928],[-76.0172,38.0783],[-76.0081,38.0548],[-76.0478,38.0163],[-76.0465,37.9536],[-75.9437,37.9461],[-75.9274,37.9085],[-75.8012,37.9122],[-75.7616,37.9414],[-75.697,37.9566],[-75.6697,37.9508],[-75.6243,37.9942],[-75.2423,38.0272],[-75.1938,38.096],[-75.1029,38.3115],[-75.0855,38.3243],[-75.0489,38.4513],[-75.6937,38.4601],[-75.7886,39.7222],[-76.6977,39.7214]]]},"properties":{"GEOID":"2401","BASENAME":"1","NAME":"Congressional District 1","STATE":"24","CD119":"01"}},{"type":"Feature","geometry":{"type":"Polygon","coordinates":[[[-77.343,39.0586],[-77.2484,39.0269],[-77.2498,38.9859],[-77.2025,38.9679],[-77.1466,38.9642],[-77.1198,38.9343],[-77.041,38.9955],[-77.0025,38.9655],[-76.9465,39.0525],[-76.996,39.1396],[-76.963,39.1458],[-77.0094,39.2067],[-77.1447,39.2947],[-77.211,39.1843],[-77.172,39.1251],[-77.307,39.1457],[-77.343,39.0586]]]},"properties":{"GEOID":"2408","BASENAME":"8","NAME":"Congressional District 8","STATE":"24","CD119":"08"}},{"type":"Feature","geometry":{"type":"Polygon","coordinates":[[[-77.0392,38.7853],[-77.0407,38.7467],[-76.9951,38.6853],[-76.8815,38.7312],[-76.9058,38.805],[-76.7702,38.9454],[-76.7513,39.0347],[-76.8365,39.0684],[-76.8404,39.1031],[-76.8885,39.131],[-76.9585,39.134],[-76.963,39.1458],[-76.996,39.1396],[-76.9465,39.0525],[-77.0025,38.9655],[-76.9094,38.8929],[-77.0392,38.7853]]]},"properties":{"GEOID":"2404","BASENAME":"4","NAME":"Congressional District 4","STATE":"24","CD119":"04"}},{"type":"Feature","geometry":{"type":"Polygon","coordinates":[[[-89.8363,30.7272],[-89.8219,30.644],[-89.7917,30.5515],[-89.7125,30.4775],[-89.6342,30.3083],[-89.6077,30.2171],[-89.5245,30.1808],[-89.4475,30.2051],[-89.4246,30.2454],[-89.3447,30.2932],[-89.1868,30.3312],[-89.0832,30.3681],[-88.9712,30.3908],[-88.8939,30.3934],[-88.8188,30.3606],[-88.7469,30.3476],[-88.7006,30.3437],[-88.6638,30.3621],[-88.613,30.354],[-88.5819,30.3311],[-88.5225,30.3401],[-88.4719,30.32],[-88.4465,30.3478],[-88.4099,30.3421],[-88.395,30.3694],[-88.4687,31.8939],[-88.6407,31.8539],[-88.9434,31.8246],[-88.9432,31.7842],[-89.0841,31.7699],[-89.1646,31.7118],[-89.2647,31.8052],[-89.4012,31.7969],[-89.3992,31.434],[-89.6542,31.4338],[-89.654,31.0025],[-89.7282,31.0023],[-89.7501,30.9129],[-89.8363,30.7272]]]},"properties":{"GEOID":"2804","BASENAME":"4","NAME":"Congressional District 4","STATE":"28","CD119":"04"}},{"type":"Feature","geometry":{"type":"Polygon","coordinates":[[[-91.6214,31.2678],[-91.6444,31.2344],[-91.5901,31.1937],[-91.6217,31.1369],[-91.5604,31.0495],[-91.6369,30.9994],[-90.5476,31.0],[-90.5482,31.3496],[-90.6333,31.3493],[-90.6332,31.6114],[-90.7373,31.6111],[-90.7368,31.6985],[-90.4142,31.7005],[-90.3794,31.6852],[-90.1954,31.7279],[-90.1226,31.7527],[-90.1075,31.7777],[-90.2303,32.0497],[-90.2548,32.1512],[-90.1949,32.1879],[-90.161,32.3082],[-90.1868,32.3268],[-90.1235,32.3995],[-90.2438,32.4001],[-90.2436,32.4875],[-90.4499,32.4884],[-90.45,32.5738],[-90.4049,32.5747],[-90.3638,32.6033],[-90.3103,32.5459],[-90.1365,32.5831],[-89.9952,32.5604],[-89.9398,32.5137],[-89.84,32.5933],[-89.7841,32.5869],[-89.7709,32.6061],[-89.7303,32.6342],[-89.7302,32.5772],[-89.3176,32.5765],[-89.3164,33.2856],[-89.4538,33.2859],[-89.4541,33.4332],[-89.3811,33.4603],[-89.5065,33.4598],[-89.5094,34.191],[-89.721,34.1925],[-89.7213,34.5543],[-90.1986,34.5544],[-90.24,34.6262],[-90.2314,34.702],[-90.2002,34.7244],[-90.2021,34.8604],[-90.3114,34.8728],[-90.4016,34.8353],[-90.4638,34.8349],[-90.4735,34.7888],[-90.5055,34.7646],[-90.5461,34.7021],[-90.5502,34.6634],[-90.5872,34.6157],[-90.5492,34.5681],[-90.5693,34.5249],[-90.5837,34.4588],[-90.5753,34.4152],[-90.6414,34.3839],[-90.6604,34.3358],[-90.7291,34.3642],[-90.7652,34.3428],[-90.7527,34.2893],[-90.8128,34.2794],[-90.84,34.2361],[-90.8946,34.2244],[-90.8827,34.1844],[-90.8944,34.161],[-90.9381,34.1488],[-90.9463,34.1094],[-90.9011,34.0947],[-90.8745,34.072],[-90.8924,34.0269],[-90.9427,34.018],[-90.9799,34.0001],[-91.005,33.977],[-91.0484,33.9851],[-91.0887,33.9613],[-91.036,33.9438],[-91.0264,33.908],[-91.0612,33.8775],[-91.0528,33.8242],[-91.0252,33.806],[-91.0268,33.7636],[-91.0855,33.7764],[-91.1115,33.7746],[-91.1433,33.7471],[-91.0754,33.7144],[-91.101,33.6606],[-91.1783,33.6511],[-91.1309,33.6109],[-91.1889,33.5762],[-91.2157,33.5294],[-91.1477,33.4272],[-91.1138,33.3931],[-91.1422,33.349],[-91.1255,33.2803],[-91.0861,33.2737],[-91.0687,33.2329],[-91.1043,33.1316],[-91.153,33.1351],[-91.1808,33.0984],[-91.1204,33.0545],[-91.1661,33.0041],[-91.0721,32.9378],[-91.0706,32.8887],[-91.1379,32.849],[-91.1617,32.8125],[-91.1576,32.776],[-91.1137,32.74],[-91.057,32.7256],[-91.0988,32.6853],[-91.0795,32.6007],[-91.0493,32.5736],[-91.0113,32.5166],[-91.0605,32.5124],[-91.0529,32.4384],[-90.966,32.4248],[-90.9867,32.3518],[-90.9212,32.3421],[-90.9912,32.2147],[-91.1085,32.2081],[-91.0347,32.1011],[-91.0791,32.0503],[-91.0808,32.0235],[-91.1174,31.9871],[-91.1774,31.9733],[-91.1811,31.9201],[-91.2901,31.8337],[-91.3457,31.8429],[-91.3595,31.7994],[-91.3186,31.7453],[-91.3809,31.7325],[-91.3957,31.6442],[-91.4638,31.6204],[-91.4376,31.5462],[-91.4896,31.5343],[-91.5171,31.4984],[-91.5104,31.4389],[-91.5323,31.3903],[-91.5361,31.3384],[-91.5089,31.2916],[-91.5642,31.2616],[-91.6214,31.2678]]]},"properties":{"GEOID":"2802","BASENAME":"2","NAME":"Congressional District 2","STATE":"28","CD119":"02"}},{"type":"Feature","geometry":{"type":"Polygon","coordinates":[[[-84.8202,39.2272],[-84.8202,39.1055],[-84.7507,39.1474],[-84.7119,39.1307],[-84.6075,39.1187],[-84.5797,39.2049],[-84.4469,39.2202],[-84.3708,39.2944],[-84.3532,39.2923],[-84.3317,39.5492],[-84.3652,39.5895],[-84.4792,39.591],[-84.4854,39.9185],[-84.2748,39.9218],[-84.2735,39.9947],[-84.1844,40.0234],[-84.2963,40.0234],[-84.2983,40.0958],[-84.4299,40.0944],[-84.4346,40.3543],[-84.8041,40.3528],[-84.8202,39.2272]]]},"properties":{"GEOID":"3908","BASENAME":"8","NAME":"Congressional District 8","STATE":"39","CD119":"08"}},{"type":"Feature","geometry":{"type":"Polygon","coordinates":[[[-116.0492,49.0009],[-116.0492,47.9999],[-115.9599,47.8981],[-115.9009,47.8431],[-115.8455,47.815],[-115.8354,47.761],[-115.7238,47.6967],[-115.7363,47.6548],[-115.6943,47.6235],[-115.7212,47.5763],[-115.717,47.5327],[-115.6347,47.4818],[-115.6929,47.4572],[-115.7103,47.4178],[-115.5786,47.367],[-115.532,47.3141],[-115.471,47.2849],[-115.3269,47.2559],[-115.2558,47.1747],[-115.1895,47.131],[-115.0713,47.0221],[-115.0317,46.9715],[-114.9274,46.9142],[-114.9433,46.868],[-114.8806,46.8118],[-114.79,46.7787],[-114.7672,46.7388],[-114.699,46.7402],[-114.6267,46.7129],[-114.6215,46.6581],[-114.5473,46.6445],[-114.4532,46.6493],[-114.3607,46.6691],[-114.3207,46.647],[-114.3517,46.5081],[-114.403,46.4987],[-114.3848,46.4118],[-114.4225,46.3871],[-114.4498,46.2371],[-114.4459,46.1739],[-114.5147,46.1677],[-114.5213,46.1253],[-114.46,46.0971],[-114.4802,46.0303],[-114.4412,45.9885],[-114.4023,45.9615],[-114.4132,45.9115],[-114.3882,45.8823],[-114.423,45.8554],[-114.5171,45.836],[-114.5625,45.7799],[-114.5049,45.7222],[-114.4996,45.669],[-114.5358,45.6506],[-114.5381,45.6068],[-114.5063,45.5592],[-114.4568,45.544],[-114.3685,45.4927],[-114.2792,45.4806],[-114.2518,45.5378],[-114.1865,45.5455],[-114.0831,45.604],[-114.015,45.654],[-114.0156,45.6961],[-113.9716,45.7006],[-113.8989,45.6442],[-113.8067,45.6021],[-113.8028,45.5232],[-113.76,45.4807],[-113.7634,45.4277],[-113.7324,45.3851],[-113.7356,45.3253],[-113.6501,45.2347],[-113.5747,45.1284],[-113.5108,45.0999],[-113.452,45.0592],[-113.4377,45.007],[-113.449,44.9535],[-113.4746,44.9108],[-113.4224,44.8426],[-113.3772,44.8349],[-113.3015,44.799],[-113.2472,44.823],[-113.1314,44.7647],[-113.0493,44.6294],[-113.0611,44.5773],[-113.0068,44.5184],[-113.0068,44.4717],[-112.9511,44.4167],[-112.8818,44.3803],[-112.8219,44.4074],[-112.8282,44.4425],[-112.7351,44.4992],[-112.7078,44.503],[-112.4732,44.48],[-112.3874,44.4481],[-112.3589,44.5288],[-112.2862,44.5685],[-112.2217,44.5435],[-112.1251,44.5285],[-111.8705,44.564],[-111.8079,44.5117],[-111.7042,44.5602],[-111.5628,44.5552],[-111.5191,44.5829],[-111.4688,44.6793],[-111.4388,44.7205],[-111.385,44.7551],[-111.3237,44.7245],[-111.2242,44.6234],[-111.2015,44.5757],[-111.1436,44.5357],[-111.1227,44.4937],[-111.049,44.4741],[-111.0569,44.8667],[-111.0443,45.0009],[-111.0382,45.3514],[-110.9179,45.3513],[-110.9192,45.5249],[-110.8583,45.5249],[-110.8574,45.5907],[-110.7948,45.5907],[-110.7908,46.1418],[-110.7838,46.1927],[-111.3467,46.1878],[-111.3494,46.1226],[-111.4238,46.062],[-111.4196,45.9963],[-111.5877,45.9067],[-111.7055,45.7957],[-111.8053,45.7983],[-111.927,45.8557],[-112.0858,45.8511],[-112.1903,45.7485],[-112.4142,45.8367],[-112.4043,45.888],[-112.52,46.1364],[-112.5052,46.1842],[-112.5771,46.179],[-112.5981,46.2365],[-112.5586,46.2658],[-112.57,46.305],[-112.4495,46.3341],[-112.3106,46.4212],[-112.3168,46.5744],[-112.2985,46.626],[-112.3209,46.6559],[-112.4106,46.656],[-112.4108,46.6995],[-112.5356,46.6995],[-112.5357,46.8342],[-112.7956,46.8317],[-112.7958,47.177],[-113.0591,47.1796],[-113.0592,47.4886],[-113.1231,47.5157],[-113.1658,47.7198],[-113.081,47.7499],[-113.0866,47.9182],[-112.9847,47.9539],[-112.8789,47.9757],[-113.0148,48.131],[-112.2643,48.1313],[-112.2649,48.203],[-112.0057,48.2208],[-112.0557,48.2511],[-112.0556,48.3023],[-112.1428,48.3515],[-112.3426,48.3575],[-112.2288,48.4819],[-112.1848,48.4776],[-112.1934,48.9989],[-116.0492,49.0009]]]},"properties":{"GEOID":"3001","BASENAME":"1","NAME":"Congressional District 1","STATE":"30","CD119":"01"}},{"type":"Feature","geometry":{"type":"Polygon","coordinates":[[[-104.0531,41.1145],[-104.0532,41.0014],[-102.0516,41.0024],[-102.0517,40.0031],[-95.3083,40.0],[-95.3488,40.0293],[-95.383,40.0271],[-95.4147,40.0698],[-95.3942,40.1083],[-95.481,40.1885],[-95.4725,40.2361],[-95.5472,40.2591],[-95.5533,40.2912],[-95.6537,40.3226],[-95.641,40.3664],[-95.6947,40.4936],[-95.7143,40.5272],[-95.7571,40.526],[-95.7656,40.5852],[-95.7486,40.6034],[-95.7819,40.6533],[-95.846,40.6826],[-95.8887,40.7363],[-95.8342,40.7838],[-96.4638,40.784],[-96.4636,40.523],[-96.9126,40.5236],[-96.9135,40.6979],[-97.3684,40.6986],[-97.3681,41.163],[-97.5605,41.1629],[-97.5982,41.328],[-97.5985,41.3951],[-97.7038,41.3949],[-97.7036,41.5268],[-97.8298,41.5262],[-97.8345,42.0898],[-96.5555,42.09],[-96.5552,41.742],[-96.4442,41.7418],[-96.4348,41.4949],[-96.329,41.3931],[-95.9273,41.39],[-95.9225,41.4558],[-95.983,41.4698],[-96.0051,41.544],[-96.0805,41.5282],[-96.1181,41.6135],[-96.1115,41.6685],[-96.0645,41.793],[-96.1591,41.9101],[-96.1325,41.9746],[-96.2729,42.0472],[-96.2689,42.1136],[-96.3478,42.1668],[-96.3363,42.2189],[-96.336,42.2648],[-96.408,42.3374],[-96.4118,42.4109],[-96.3813,42.4617],[-96.4455,42.4906],[-96.5013,42.4827],[-96.5251,42.5102],[-96.6115,42.5061],[-96.6588,42.5664],[-96.7093,42.6038],[-96.6976,42.6591],[-96.7782,42.663],[-96.8017,42.6988],[-96.9068,42.7338],[-96.9657,42.7245],[-97.0249,42.7624],[-97.1313,42.7719],[-97.214,42.8201],[-97.2379,42.8531],[-97.3021,42.8657],[-97.3412,42.8559],[-97.4171,42.8659],[-97.4522,42.846],[-97.5993,42.8562],[-97.701,42.8438],[-97.858,42.8651],[-97.8769,42.8527],[-97.905,42.7989],[-97.9501,42.7696],[-98.035,42.7642],[-98.1481,42.84],[-98.28,42.875],[-98.3864,42.9184],[-98.4345,42.9292],[-98.4789,42.9635],[-98.4986,42.9986],[-104.0531,43.0006],[-104.0531,41.1145]]]},"properties":{"GEOID":"3103","BASENAME":"3","NAME":"Congressional District 3","STATE":"31","CD119":"03"}},{"type":"Feature","geometry":{"type":"Polygon","coordinates":[[[-98.4637,31.684],[-98.2711,31.4164],[-98.18,31.4637],[-97.9071,31.0694],[-97.8044,31.1221],[-97.6539,31.1242],[-97.6335,31.052],[-97.7299,30.8876],[-97.8281,30.9044],[-97.9117,31.035],[-98.4397,31.0296],[-98.4187,30.9263],[-98.4458,30.9214],[-98.4574,30.8789],[-98.3769,30.8349],[-98.4321,30.7863],[-98.3719,30.7405],[-98.439,30.6733],[-98.3988,30.5637],[-98.352,30.5584],[-98.351,30.4861],[-98.1256,30.4262],[-98.1234,30.4865],[-98.0499,30.6242],[-97.9567,30.6282],[-97.8679,30.5465],[-97.8465,30.4734],[-97.7352,30.5218],[-97.6871,30.5131],[-97.6927,30.5582],[-97.6383,30.5085],[-97.6139,30.5318],[-97.532,30.5165],[-97.4832,30.554],[-97.4242,30.5308],[-97.3753,30.5746],[-97.2189,30.6119],[-97.2699,30.7354],[-97.3155,30.7524],[-97.259,30.8896],[-97.0701,30.986],[-97.2781,31.2798],[-97.3434,31.2442],[-97.4186,31.3202],[-97.6052,31.5878],[-97.2773,31.7455],[-97.3265,31.7884],[-97.2821,31.8432],[-97.3828,31.8708],[-97.4388,31.9335],[-97.38,31.9727],[-97.486,32.0176],[-97.4761,32.1735],[-97.5143,32.1338],[-97.6151,32.2035],[-97.6422,32.2013],[-98.2084,31.9175],[-98.1566,31.8417],[-98.4637,31.684]]]},"properties":{"GEOID":"4831","BASENAME":"31","NAME":"Congressional District 31","STATE":"48","CD119":"31"}},{"type":"Feature","geometry":{"type":"Polygon","coordinates":[[[-98.0053,28.6902],[-98.0898,28.663],[-97.8088,28.1834],[-97.9041,28.1142],[-97.8831,28.0569],[-97.8014,28.0384],[-97.7985,27.9957],[-97.9343,27.8852],[-97.9421,27.6359],[-97.8407,27.5584],[-97.3252,27.5609],[-97.223,27.5766],[-97.1409,27.7167],[-97.0448,27.8345],[-97.0033,27.9083],[-96.8865,28.0307],[-96.7922,28.1105],[-96.632,28.2228],[-96.4428,28.3177],[-96.3785,28.3899],[-96.3227,28.6429],[-96.3092,28.9633],[-96.6585,29.2639],[-96.5606,29.3354],[-96.7931,29.5774],[-96.8742,29.6327],[-97.1426,29.6281],[-97.1312,29.6438],[-97.3179,29.7847],[-97.1942,29.8968],[-97.1654,30.0338],[-97.3224,30.0982],[-97.4913,30.2121],[-97.6494,30.0679],[-97.8992,29.8575],[-97.8753,29.8582],[-97.7219,29.6821],[-97.6478,29.6621],[-97.6332,29.6499],[-97.8588,29.3529],[-97.6131,29.1098],[-97.7551,29.0071],[-97.5746,28.8133],[-97.7785,28.668],[-97.9151,28.7196],[-98.0053,28.6902]]]},"properties":{"GEOID":"4827","BASENAME":"27","NAME":"Congressional District 27","STATE":"48","CD119":"27"}},{"type":"Feature","geometry":{"type":"Polygon","coordinates":[[[-98.0561,33.0033],[-98.0644,32.6372],[-97.9963,32.6888],[-97.8499,32.7282],[-97.7811,32.7154],[-97.5784,32.6104],[-97.5923,32.7006],[-97.6754,32.7055],[-97.6807,32.7857],[-97.5482,32.7761],[-97.5506,32.5554],[-97.3646,32.5534],[-97.37,32.6244],[-97.3526,32.6673],[-97.3031,32.7438],[-97.3673,32.7655],[-97.4013,32.819],[-97.3473,32.8424],[-97.2836,32.7654],[-97.1775,32.794],[-97.2768,32.8395],[-97.3082,32.9752],[-97.3278,32.9914],[-98.0561,33.0033]]]},"properties":{"GEOID":"4812","BASENAME":"12","NAME":"Congressional District 12","STATE":"48","CD119":"12"}},{"type":"Feature","geometry":{"type":"Polygon","coordinates":[[[-124.0968,46.7941],[-124.081,46.735],[-123.9752,46.714],[-123.9233,46.6727],[-123.9606,46.6364],[-124.0696,46.6307],[-124.057,46.4933],[-124.0646,46.3269],[-124.0807,46.2672],[-123.9694,46.2914],[-123.9093,46.2455],[-123.8755,46.2398],[-123.8061,46.2836],[-123.7596,46.2751],[-123.7008,46.3053],[-123.6695,46.2668],[-123.5477,46.2591],[-123.4796,46.2691],[-123.4276,46.2293],[-123.4308,46.1818],[-123.3714,46.1464],[-123.2802,46.1448],[-123.1664,46.189],[-123.1159,46.1853],[-123.0042,46.1338],[-122.9627,46.1048],[-122.9041,46.0837],[-122.814,45.961],[-122.8115,45.9127],[-122.785,45.8677],[-122.7956,45.81],[-122.7615,45.7592],[-122.7745,45.6804],[-122.7381,45.6441],[-122.6439,45.6097],[-122.4923,45.5833],[-122.4387,45.5636],[-122.3803,45.5759],[-122.3315,45.5482],[-122.2626,45.5443],[-122.1837,45.5777],[-122.1017,45.5835],[-122.0037,45.6159],[-121.9518,45.645],[-121.9009,45.662],[-121.8672,45.6933],[-121.8113,45.7068],[-121.7351,45.694],[-121.524,45.7238],[-121.6092,45.7825],[-121.6122,46.0441],[-121.5223,46.044],[-121.5223,46.3882],[-121.3937,46.3902],[-121.4513,46.5339],[-121.3536,46.7115],[-121.4552,46.7838],[-121.7586,46.7838],[-121.8419,46.7285],[-122.2659,46.7655],[-122.3036,46.8281],[-122.4909,46.8675],[-122.5604,46.9335],[-122.6977,46.8834],[-122.8526,46.8639],[-122.9894,46.8096],[-123.0833,46.8547],[-123.1605,46.8375],[-123.1606,46.7934],[-124.0968,46.7941]]]},"properties":{"GEOID":"5303","BASENAME":"3","NAME":"Congressional District 3","STATE":"53","CD119":"03"}},{"type":"Feature","geometry":{"type":"Polygon","coordinates":[[[-119.4532,46.6792],[-119.403,46.613],[-119.269,46.5192],[-119.2694,46.3703],[-119.1145,46.3726],[-119.1165,46.2854],[-118.7773,46.2902],[-119.0234,46.2167],[-119.0415,46.1927],[-118.9747,46.1395],[-118.9413,46.0275],[-118.9872,45.9998],[-116.916,45.9954],[-116.9427,46.061],[-116.982,46.0849],[-116.9355,46.1424],[-116.924,46.1709],[-116.963,46.1997],[-116.9644,46.2533],[-116.9973,46.3032],[-117.0627,46.3536],[-117.0355,46.41],[-117.0416,47.7353],[-117.0324,48.9992],[-118.8366,49.0003],[-118.837,48.6539],[-118.8696,48.6538],[-118.8439,48.4817],[-118.852,47.9579],[-118.9735,47.9434],[-118.9827,46.9113],[-119.1361,46.9122],[-119.1426,46.895],[-119.0808,46.7378],[-119.3694,46.7377],[-119.3692,46.6782],[-119.4532,46.6792]]]},"properties":{"GEOID":"5305","BASENAME":"5","NAME":"Congressional District 5","STATE":"53","CD119":"05"}},{"type":"Feature","geometry":{"type":"Polygon","coordinates":[[[-88.2544,33.6988],[-88.2745,33.534],[-87.8407,33.5248],[-87.839,33.094],[-87.8321,33.0176],[-87.6279,33.0126],[-87.638,33.0401],[-87.5436,33.1167],[-87.6261,33.1812],[-87.5216,33.2265],[-87.463,33.2141],[-87.4609,33.2531],[-87.3927,33.2892],[-87.4165,33.3325],[-87.3864,33.4268],[-87.3417,33.4705],[-87.2672,33.4972],[-87.2711,33.5299],[-87.1858,33.5559],[-87.1794,33.6138],[-87.0927,33.6279],[-87.0398,33.6875],[-87.0233,33.7727],[-86.9537,33.8153],[-86.8839,33.8432],[-86.7592,33.8406],[-86.6453,33.773],[-86.5778,33.7653],[-86.5775,33.802],[-86.406,33.8359],[-86.3481,33.881],[-86.3256,33.9401],[-86.3702,33.9398],[-86.3035,34.0991],[-86.2061,34.1726],[-86.1089,34.1863],[-86.1061,34.2008],[-85.8436,34.2],[-85.8438,34.2446],[-85.7742,34.2591],[-85.6366,34.3666],[-85.577,34.4835],[-85.513,34.5239],[-85.5828,34.8604],[-85.7855,34.6246],[-85.9842,34.4865],[-86.0577,34.476],[-86.1398,34.5333],[-86.1485,34.5991],[-86.3269,34.5994],[-86.3302,34.5127],[-86.4239,34.4796],[-86.5334,34.5028],[-86.5502,34.546],[-86.5813,34.3711],[-86.5819,34.3047],[-87.1101,34.3138],[-87.1099,34.2993],[-87.5297,34.3046],[-87.5297,34.5671],[-87.445,34.6527],[-87.4265,34.8],[-87.4953,34.819],[-87.4965,34.8717],[-87.4249,35.0015],[-88.203,35.008],[-88.1546,34.9224],[-88.0979,34.8922],[-88.2544,33.6988]]]},"properties":{"GEOID":"0104","BASENAME":"4","NAME":"Congressional District 4","STATE":"01","CD119":"04"}},{"type":"Feature","geometry":{"type":"Polygon","coordinates":[[[-87.5297,34.5671],[-87.5297,34.3046],[-87.1099,34.2993],[-87.1101,34.3138],[-86.5819,34.3047],[-86.5813,34.3711],[-86.5502,34.546],[-86.5334,34.5028],[-86.4239,34.4796],[-86.3302,34.5127],[-86.3269,34.5994],[-86.1485,34.5991],[-86.1398,34.5333],[-86.0577,34.476],[-85.9842,34.4865],[-85.7855,34.6246],[-85.5828,34.8604],[-85.6052,34.9847],[-87.4249,35.0015],[-87.4965,34.8717],[-87.4953,34.819],[-87.4265,34.8],[-87.445,34.6527],[-87.5297,34.5671]]]},"properties":{"GEOID":"0105","BASENAME":"5","NAME":"Congressional District 5","STATE":"01","CD119":"05"}},{"type":"Feature","geometry":{"type":"Polygon","coordinates":[[[-95.5945,32.687],[-95.5943,32.4799],[-95.4492,32.3552],[-95.4887,32.2325],[-95.4786,32.1472],[-95.4599,32.1356],[-94.9853,32.138],[-94.9848,31.8461],[-94.4525,31.8441],[-94.4339,31.8245],[-94.3953,31.6386],[-94.3109,31.589],[-94.3006,31.5265],[-94.3304,31.3599],[-94.3159,31.3045],[-94.3398,31.2408],[-94.3266,31.2248],[-94.219,31.1733],[-94.1296,31.0993],[-94.0432,31.1186],[-94.039,31.1343],[-93.9111,31.1581],[-93.6164,31.1752],[-93.6006,31.1826],[-93.6139,31.2594],[-93.6754,31.301],[-93.6681,31.3751],[-93.6976,31.4284],[-93.7495,31.4687],[-93.7259,31.5041],[-93.7877,31.5273],[-93.8349,31.5862],[-93.8168,31.6225],[-93.8034,31.7007],[-93.8534,31.8055],[-93.9096,31.8931],[-93.9775,31.9264],[-94.0418,31.9924],[-94.0434,33.5514],[-94.0727,33.5722],[-94.143,33.5777],[-94.1834,33.5922],[-94.2136,33.5706],[-94.2159,33.4973],[-94.1711,33.459],[-94.2633,33.3771],[-94.3456,33.4078],[-94.4162,33.4037],[-94.3819,33.4791],[-94.4678,33.4724],[-94.7463,33.5543],[-95.0553,33.6269],[-95.1182,33.6135],[-95.2685,33.6729],[-95.3107,33.6632],[-95.309,32.9626],[-95.173,32.9619],[-95.1522,33.0134],[-95.1521,32.9026],[-94.7199,32.9045],[-94.6724,32.8348],[-94.7021,32.7931],[-94.7018,32.6522],[-94.7463,32.6673],[-94.7664,32.651],[-94.9084,32.7744],[-94.9059,32.8634],[-95.0166,32.8671],[-95.0252,32.7419],[-95.1527,32.6609],[-95.1534,32.5701],[-95.1663,32.5439],[-95.3322,32.6043],[-95.4688,32.6057],[-95.5945,32.687]]]},"properties":{"GEOID":"4801","BASENAME":"1","NAME":"Congressional District 1","STATE":"48","CD119":"01"}},{"type":"Feature","geometry":{"type":"Polygon","coordinates":[[[-88.0634,43.1921],[-88.067,43.0309],[-88.0377,42.9736],[-87.9533,42.9807],[-87.9494,42.9304],[-87.8891,42.9227],[-87.8734,42.9856],[-87.8958,43.0158],[-87.8702,43.0644],[-87.9005,43.1259],[-87.8966,43.1921],[-88.0634,43.1921]]]},"properties":{"GEOID":"5504","BASENAME":"4","NAME":"Congressional District 4","STATE":"55","CD119":"04"}},{"type":"Feature","geometry":{"type":"Polygon","coordinates":[[[-72.1111,42.7173],[-72.1166,42.6266],[-72.0757,42.6252],[-71.9498,42.5119],[-71.9024,42.5357],[-71.7497,42.5452],[-71.7451,42.5739],[-71.7168,42.5189],[-71.726,42.3903],[-71.6247,42.3505],[-71.5852,42.311],[-71.4868,42.3302],[-71.4643,42.4503],[-71.3663,42.4127],[-71.2897,42.4662],[-71.3213,42.4805],[-71.2257,42.58],[-71.2562,42.6571],[-71.2382,42.6694],[-71.1345,42.6768],[-70.9986,42.8081],[-71.0487,42.8311],[-71.0642,42.8063],[-71.1497,42.8155],[-71.1861,42.7907],[-71.1818,42.7376],[-71.2556,42.7364],[-71.2942,42.697],[-72.1111,42.7173]]]},"properties":{"GEOID":"2503","BASENAME":"3","NAME":"Congressional District 3","STATE":"25","CD119":"03"}},{"type":"Feature","geometry":{"type":"Polygon","coordinates":[[[-72.9046,42.4304],[-72.8856,42.34],[-72.8211,42.3386],[-72.8144,42.2568],[-72.6447,42.2892],[-72.6099,42.2852],[-72.4642,42.3081],[-72.3554,42.3407],[-72.3564,42.3033],[-72.3143,42.3437],[-72.2842,42.352],[-72.214,42.2943],[-72.1237,42.3639],[-71.9673,42.3107],[-71.9394,42.1892],[-71.826,42.1658],[-71.7972,42.0992],[-71.8815,42.0759],[-71.846,42.0244],[-71.8006,42.0236],[-71.7992,42.0081],[-71.5911,42.0135],[-71.562,42.1786],[-71.5557,42.1825],[-71.5026,42.1914],[-71.4781,42.1568],[-71.4785,42.1314],[-71.3756,42.1355],[-71.4023,42.1788],[-71.3848,42.192],[-71.41,42.219],[-71.4193,42.2573],[-71.497,42.2898],[-71.4868,42.3302],[-71.5852,42.311],[-71.6247,42.3505],[-71.726,42.3903],[-71.7168,42.5189],[-71.7451,42.5739],[-71.7497,42.5452],[-71.9024,42.5357],[-71.9498,42.5119],[-72.0757,42.6252],[-72.1166,42.6266],[-72.1111,42.7173],[-72.8643,42.7377],[-72.8512,42.6471],[-72.7351,42.6331],[-72.8317,42.6166],[-72.8768,42.5412],[-72.8556,42.4809],[-72.9046,42.4304]]]},"properties":{"GEOID":"2502","BASENAME":"2","NAME":"Congressional District 2","STATE":"25","CD119":"02"}},{"type":"Feature","geometry":{"type":"Polygon","coordinates":[[[-84.4346,40.3253],[-84.4299,40.0944],[-84.2983,40.0958],[-84.2963,40.0234],[-84.1844,40.0234],[-84.2735,39.9947],[-84.2748,39.9218],[-84.1577,39.923],[-84.1572,39.886],[-84.051,39.8798],[-84.0537,39.8507],[-83.9398,39.8434],[-83.893,39.9443],[-83.821,39.9833],[-83.7007,39.9477],[-83.7201,39.7799],[-83.6472,39.773],[-83.6702,39.5503],[-83.5763,39.5445],[-83.5878,39.4147],[-83.4363,39.4709],[-83.3727,39.3774],[-83.2667,39.5162],[-83.2437,39.8125],[-82.8243,39.795],[-82.7944,39.9108],[-82.8115,39.9321],[-82.9669,39.9045],[-83.09,40.0134],[-83.0638,40.1383],[-83.1699,40.1431],[-83.2063,40.1077],[-83.5037,40.1115],[-83.5161,40.0108],[-84.0361,40.0402],[-84.0101,40.3176],[-84.0453,40.3385],[-84.1316,40.3072],[-84.4346,40.3253]]]},"properties":{"GEOID":"3915","BASENAME":"15","NAME":"Congressional District 15","STATE":"39","CD119":"15"}},{"type":"Feature","geometry":{"type":"MultiPolygon","coordinates":[[[[-73.4516,40.8197],[-73.4386,40.7513],[-73.2297,40.8237],[-73.12,40.8069],[-72.8657,40.851],[-72.8078,40.7488],[-71.937,41.0061],[-71.8562,41.0706],[-71.9194,41.0805],[-71.9596,41.0712],[-72.0519,41.0205],[-72.0957,41.054],[-72.0842,41.1015],[-72.1267,41.1151],[-72.1629,41.0532],[-72.2175,41.0406],[-72.2831,41.0679],[-72.2547,41.1109],[-72.182,41.1783],[-72.1892,41.1935],[-72.3541,41.14],[-72.3898,41.1083],[-72.4452,41.0861],[-72.5853,40.9976],[-72.7081,40.9779],[-72.8598,40.9661],[-73.0404,40.9645],[-73.1104,40.9719],[-73.1447,40.9558],[-73.149,40.9289],[-73.2293,40.9051],[-73.3314,40.9296],[-73.3929,40.9553],[-73.4296,40.9382],[-73.3827,40.8519],[-73.4516,40.8197]]],[[[-72.0189,41.2741],[-72.0348,41.2348],[-71.9173,41.2513],[-71.9268,41.2901],[-72.0189,41.2741]]]]},"properties":{"GEOID":"3601","BASENAME":"1","NAME":"Congressional District 1","STATE":"36","CD119":"01"}},{"type":"Feature","geometry":{"type":"Polygon","coordinates":[[[-85.4743,34.9837],[-84.3219,34.9884],[-84.2832,35.2266],[-84.2237,35.2691],[-84.1785,35.2407],[-84.0975,35.2474],[-84.0235,35.2958],[-84.0381,35.3484],[-84.0076,35.3717],[-84.0218,35.4074],[-83.9589,35.4579],[-83.9385,35.4878],[-83.9938,35.55],[-84.0816,35.5412],[-84.1883,35.6105],[-84.2908,35.6549],[-84.5043,35.6659],[-84.5259,35.6242],[-84.5669,35.6298],[-84.5845,35.6444],[-84.3797,35.8174],[-84.33,35.8929],[-84.2634,35.8969],[-84.2716,35.9102],[-84.2729,35.9405],[-83.9417,36.1864],[-83.9987,36.2524],[-84.0043,36.2704],[-84.0337,36.3018],[-84.0727,36.252],[-84.1178,36.2928],[-84.1278,36.3957],[-84.2238,36.3605],[-84.3222,36.3929],[-84.3455,36.4296],[-84.4431,36.4335],[-84.4513,36.3744],[-84.4919,36.4034],[-84.7008,36.3708],[-84.7979,36.2969],[-84.8758,36.2851],[-84.9078,36.1563],[-84.8055,36.0905],[-84.7207,35.9949],[-84.6806,35.9085],[-84.7296,35.8584],[-84.7819,35.825],[-84.7545,35.7544],[-84.7239,35.7529],[-84.619,35.7079],[-84.6199,35.6447],[-84.8011,35.4552],[-84.8602,35.3501],[-84.8795,35.3532],[-84.9463,35.2877],[-85.0302,35.3793],[-85.0167,35.4091],[-85.1022,35.4284],[-85.1311,35.458],[-85.1515,35.4452],[-85.1683,35.4556],[-85.246,35.3191],[-85.3871,35.1472],[-85.365,35.0726],[-85.4743,34.9837]]]},"properties":{"GEOID":"4703","BASENAME":"3","NAME":"Congressional District 3","STATE":"47","CD119":"03"}},{"type":"Feature","geometry":{"type":"Polygon","coordinates":[[[-89.9155,35.7549],[-89.9566,35.6955],[-89.8765,35.6267],[-89.9325,35.6079],[-89.9448,35.5603],[-89.9097,35.538],[-89.7952,35.6353],[-89.6229,35.6523],[-89.6096,35.6371],[-89.6599,35.547],[-89.8554,35.391],[-89.8276,35.3362],[-89.8544,35.2764],[-89.7608,35.2813],[-89.8807,35.2051],[-89.6812,35.2106],[-89.6799,35.1152],[-89.7623,35.103],[-89.8785,35.1504],[-89.9313,35.1176],[-89.8592,35.1003],[-89.7066,34.9942],[-88.2001,34.9956],[-88.203,35.008],[-87.9849,35.0059],[-87.9816,35.2957],[-88.0247,35.3923],[-88.1965,35.3796],[-88.2417,35.4233],[-88.2472,35.4393],[-88.2431,35.5289],[-88.1905,35.6091],[-88.1779,35.8458],[-88.2174,35.8466],[-88.2144,35.9828],[-88.1593,36.0456],[-88.0812,36.0566],[-88.0573,36.1436],[-88.1369,36.2095],[-88.1358,36.2187],[-88.1022,36.2319],[-88.1005,36.2544],[-88.0832,36.2567],[-88.0959,36.3593],[-87.9909,36.3601],[-88.0614,36.444],[-88.0534,36.5],[-89.2114,36.5056],[-89.5392,36.4979],[-89.521,36.4619],[-89.5423,36.4201],[-89.5104,36.3784],[-89.5227,36.3448],[-89.6005,36.343],[-89.6118,36.3091],[-89.5543,36.2778],[-89.6024,36.2381],[-89.678,36.2483],[-89.6926,36.225],[-89.6238,36.1831],[-89.5921,36.1356],[-89.68,36.0825],[-89.6924,36.0205],[-89.7331,36.0006],[-89.6869,35.9477],[-89.6523,35.9215],[-89.6473,35.8949],[-89.7226,35.8737],[-89.7295,35.8476],[-89.7234,35.8094],[-89.7971,35.7826],[-89.8639,35.7476],[-89.9155,35.7549]]]},"properties":{"GEOID":"4708","BASENAME":"8","NAME":"Congressional District 8","STATE":"47","CD119":"08"}},{"type":"Feature","geometry":{"type":"Polygon","coordinates":[[[-88.2431,35.5289],[-88.2472,35.4393],[-88.2417,35.4233],[-88.1965,35.3796],[-88.0247,35.3923],[-87.9816,35.2957],[-87.9849,35.0059],[-87.6061,35.0035],[-87.5728,35.0491],[-87.5754,35.3985],[-87.6459,35.4727],[-87.7176,35.4833],[-87.651,35.5688],[-87.6582,35.6093],[-87.5869,35.6533],[-87.4596,35.6151],[-87.3392,35.6591],[-87.2556,35.7005],[-87.2151,35.8507],[-87.004,35.779],[-86.9293,35.7782],[-86.8316,35.8595],[-86.8076,35.9661],[-86.9708,35.9371],[-87.0161,35.9979],[-87.0394,35.9892],[-87.0537,36.0456],[-87.0388,36.0789],[-86.8384,36.1418],[-86.7515,36.1112],[-86.7218,36.1415],[-86.783,36.1919],[-86.73,36.2837],[-86.7726,36.3925],[-86.7548,36.4055],[-86.6933,36.4072],[-86.5621,36.6407],[-86.6064,36.6521],[-87.8532,36.6332],[-87.8496,36.6637],[-88.0705,36.6781],[-88.0338,36.5517],[-88.0534,36.5],[-88.0614,36.444],[-87.9909,36.3601],[-88.0959,36.3593],[-88.0832,36.2567],[-88.1005,36.2544],[-88.1022,36.2319],[-88.1358,36.2187],[-88.1369,36.2095],[-88.0573,36.1436],[-88.0812,36.0566],[-88.1593,36.0456],[-88.2144,35.9828],[-88.2174,35.8466],[-88.1779,35.8458],[-88.1905,35.6091],[-88.2431,35.5289]]]},"properties":{"GEOID":"4707","BASENAME":"7","NAME":"Congressional District 7","STATE":"47","CD119":"07"}},{"type":"Feature","geometry":{"type":"Polygon","coordinates":[[[-82.1059,35.1909],[-82.1275,35.1626],[-82.046,35.0496],[-82.0183,35.0609],[-81.8919,34.9808],[-81.7754,34.9895],[-81.7551,34.9303],[-81.7141,34.9129],[-81.7828,34.8372],[-81.8519,34.5948],[-81.6773,34.558],[-81.541,34.445],[-81.4232,34.4944],[-81.3423,34.2669],[-81.3169,34.2395],[-81.1783,34.1746],[-81.1812,34.2203],[-81.0959,34.2139],[-80.8259,34.2688],[-80.8695,34.1823],[-80.7193,34.069],[-80.6162,34.0996],[-80.6365,34.083],[-80.6139,34.0573],[-80.6335,33.8527],[-80.5962,33.7864],[-80.6275,33.7312],[-80.5341,33.6439],[-80.4787,33.7143],[-80.392,33.7156],[-80.397,33.7469],[-80.3527,33.8737],[-80.3645,33.935],[-80.2925,33.9164],[-80.2283,33.9952],[-80.1804,33.952],[-80.0006,34.0479],[-80.0259,34.0732],[-80.0699,34.0862],[-80.1586,34.1616],[-80.1127,34.197],[-80.1772,34.3662],[-80.2432,34.3245],[-80.2887,34.3641],[-80.2855,34.3937],[-80.3276,34.4978],[-80.4084,34.6148],[-80.4885,34.7046],[-80.5617,34.8175],[-80.797,34.8239],[-80.782,34.9358],[-80.935,35.1074],[-81.0415,35.0447],[-81.058,35.0732],[-81.0368,35.1226],[-81.0429,35.1492],[-82.1059,35.1909]]]},"properties":{"GEOID":"4505","BASENAME":"5","NAME":"Congressional District 5","STATE":"45","CD119":"05"}},{"type":"Feature","geometry":{"type":"Polygon","coordinates":[[[-85.0738,42.5092],[-85.0716,42.4214],[-84.1311,42.4246],[-83.5519,42.4352],[-83.5603,42.5815],[-83.5895,42.5792],[-83.6771,42.6063],[-83.6865,42.7833],[-83.894,42.7814],[-83.9243,42.8167],[-83.9291,43.1328],[-84.3679,43.1285],[-84.3678,43.1179],[-84.8369,43.1189],[-84.8371,42.7705],[-84.9558,42.7705],[-84.9558,42.5972],[-85.0143,42.5818],[-85.0149,42.5094],[-85.0738,42.5092]]]},"properties":{"GEOID":"2607","BASENAME":"7","NAME":"Congressional District 7","STATE":"26","CD119":"07"}},{"type":"Feature","geometry":{"type":"Polygon","coordinates":[[[-81.0182,32.3838],[-80.9966,32.3255],[-81.0064,32.3065],[-80.9984,32.1944],[-80.9615,32.1262],[-80.8674,32.0785],[-80.8587,32.0996],[-80.8125,32.1097],[-80.7215,32.1604],[-80.6692,32.2168],[-80.766,32.2926],[-80.7146,32.3257],[-80.5964,32.2735],[-80.5394,32.287],[-80.4552,32.3265],[-80.4343,32.3752],[-80.4846,32.461],[-80.4657,32.4953],[-80.4135,32.4712],[-80.3384,32.4787],[-80.2464,32.5311],[-80.1901,32.5468],[-80.1484,32.5785],[-80.077,32.6033],[-80.0008,32.6059],[-79.9685,32.6397],[-79.885,32.6844],[-79.8684,32.7348],[-79.8182,32.7664],[-79.7264,32.806],[-79.6951,32.8504],[-79.6013,32.8982],[-79.5698,32.9267],[-79.6066,32.9722],[-79.5807,33.0064],[-79.5224,33.0354],[-79.4835,33.0013],[-79.4234,33.0151],[-79.36,33.0067],[-79.3299,33.09],[-79.2745,33.1201],[-79.2694,33.1369],[-79.3496,33.1533],[-79.4467,33.2135],[-79.4587,33.2352],[-79.677,33.3049],[-79.9711,33.5007],[-80.1017,33.4969],[-80.15,33.4485],[-80.2223,33.4437],[-80.2538,33.2993],[-80.3619,33.2574],[-80.2976,33.1818],[-80.3359,33.1455],[-80.2357,33.0794],[-80.3577,33.0671],[-80.4071,33.0002],[-80.1265,32.9012],[-80.0968,32.9426],[-80.1764,33.01],[-80.1492,33.0216],[-80.056,32.9994],[-80.0118,32.8999],[-79.9476,32.9077],[-79.9151,32.8155],[-79.9168,32.7633],[-80.1019,32.7871],[-80.2857,32.6224],[-80.3893,32.653],[-80.4273,32.6252],[-80.5946,32.7613],[-80.695,32.7518],[-80.6364,32.6824],[-80.6831,32.6524],[-80.6681,32.6675],[-80.8263,32.7042],[-80.8697,32.6609],[-80.8315,32.5934],[-80.8295,32.4118],[-80.9288,32.3313],[-80.9502,32.3434],[-80.9479,32.3631],[-80.9825,32.3793],[-81.0182,32.3838]]]},"properties":{"GEOID":"4501","BASENAME":"1","NAME":"Congressional District 1","STATE":"45","CD119":"01"}},{"type":"Feature","geometry":{"type":"Polygon","coordinates":[[[-80.5199,40.9067],[-80.5197,40.8513],[-80.1585,40.8551],[-80.1485,40.6738],[-79.6929,40.6696],[-79.6893,41.1695],[-79.9054,41.1721],[-79.9166,41.2754],[-79.873,41.3262],[-79.7686,41.333],[-79.8173,41.3929],[-79.7253,41.4237],[-79.8243,41.4698],[-79.8928,41.5622],[-79.8333,41.6012],[-79.6131,41.6239],[-79.6108,41.9985],[-79.7613,41.9988],[-79.762,42.2699],[-80.0203,42.1631],[-80.0885,42.1732],[-80.1362,42.1499],[-80.1541,42.1148],[-80.33,42.0362],[-80.5194,41.9775],[-80.5199,40.9067]]]},"properties":{"GEOID":"4216","BASENAME":"16","NAME":"Congressional District 16","STATE":"42","CD119":"16"}},{"type":"Feature","geometry":{"type":"Polygon","coordinates":[[[-84.7119,39.1307],[-84.6772,39.0983],[-84.6079,39.0732],[-84.5508,39.0994],[-84.4937,39.1025],[-84.4809,39.1168],[-84.462,39.1218],[-84.4452,39.1145],[-84.4329,39.084],[-84.4009,39.0464],[-84.3212,39.0206],[-84.2994,39.1739],[-84.32,39.2237],[-84.2594,39.2709],[-84.0075,39.2551],[-83.977,39.5694],[-84.3652,39.5895],[-84.3317,39.5492],[-84.3532,39.2923],[-84.3708,39.2944],[-84.4469,39.2202],[-84.5797,39.2049],[-84.6075,39.1187],[-84.7119,39.1307]]]},"properties":{"GEOID":"3901","BASENAME":"1","NAME":"Congressional District 1","STATE":"39","CD119":"01"}},{"type":"Feature","geometry":{"type":"Polygon","coordinates":[[[-122.512,37.7711],[-122.5007,37.7081],[-122.469,37.7082],[-122.4681,37.7217],[-122.4063,37.7353],[-122.3898,37.7083],[-122.3617,37.715],[-122.3568,37.7295],[-122.3765,37.7386],[-122.3853,37.7907],[-122.3981,37.8056],[-122.4654,37.8009],[-122.512,37.7711]]]},"properties":{"GEOID":"0611","BASENAME":"11","NAME":"Congressional District 11","STATE":"06","CD119":"11"}},{"type":"Feature","geometry":{"type":"Polygon","coordinates":[[[-86.8248,41.7602],[-84.8059,41.7602],[-84.8061,41.6961],[-83.4538,41.7326],[-83.4241,41.7407],[-83.4417,41.8086],[-83.3962,41.853],[-83.3416,41.88],[-83.326,41.925],[-83.2695,41.939],[-83.2169,41.9886],[-83.195,42.0331],[-83.2835,42.0897],[-83.6616,42.0845],[-83.662,42.07],[-83.6823,42.0666],[-83.6848,42.0734],[-83.711,42.0688],[-83.7119,42.0836],[-84.132,42.0716],[-84.1311,42.4246],[-85.0649,42.4215],[-85.0612,42.2467],[-85.297,42.2461],[-85.2954,42.1583],[-85.7646,42.1573],[-85.7629,42.0693],[-86.4365,42.0726],[-86.5142,42.0507],[-86.5281,42.0384],[-86.5979,41.9183],[-86.6933,41.8354],[-86.8248,41.7602]]]},"properties":{"GEOID":"2605","BASENAME":"5","NAME":"Congressional District 5","STATE":"26","CD119":"05"}},{"type":"Feature","geometry":{"type":"Polygon","coordinates":[[[-118.3333,33.7212],[-118.2587,33.7037],[-118.2319,33.7153],[-118.1846,33.8186],[-118.1093,33.8188],[-118.1563,33.951],[-118.2286,33.9483],[-118.1799,33.8927],[-118.3091,33.8656],[-118.301,33.7577],[-118.3333,33.7212]]]},"properties":{"GEOID":"0644","BASENAME":"44","NAME":"Congressional District 44","STATE":"06","CD119":"44"}},{"type":"Feature","geometry":{"type":"Polygon","coordinates":[[[-96.6219,42.7793],[-96.6247,42.7255],[-96.5916,42.6881],[-96.5268,42.6412],[-96.477,42.5561],[-96.493,42.5173],[-96.3813,42.4617],[-96.4118,42.4109],[-96.408,42.3374],[-96.336,42.2648],[-96.3363,42.2189],[-96.3478,42.1668],[-96.2689,42.1136],[-96.2729,42.0472],[-96.1325,41.9746],[-96.1591,41.9101],[-96.0645,41.793],[-96.1115,41.6685],[-96.1181,41.6135],[-96.0805,41.5282],[-96.0051,41.544],[-95.983,41.4698],[-95.9225,41.4558],[-95.9257,41.3222],[-95.8902,41.2783],[-95.9114,41.238],[-95.9097,41.1844],[-95.8568,41.1871],[-95.8687,41.1247],[-95.8659,41.0174],[-95.8283,40.9724],[-95.8378,40.9247],[-95.8107,40.8867],[-95.8413,40.8456],[-95.8342,40.783],[-95.8887,40.7363],[-95.846,40.6826],[-95.7819,40.6533],[-95.7486,40.6034],[-95.7656,40.5852],[-95.3739,40.5803],[-95.3706,40.7282],[-95.385,40.9016],[-95.3843,41.16],[-95.1559,41.1592],[-95.1547,41.5052],[-94.7006,41.5041],[-94.7007,41.6022],[-94.7442,41.6022],[-94.7449,41.8624],[-94.6287,41.8628],[-94.6288,42.2094],[-94.1647,42.2099],[-94.1644,41.8632],[-92.766,41.8624],[-92.7675,42.2101],[-93.463,42.2093],[-93.4626,42.4708],[-93.4995,42.5577],[-93.027,42.5568],[-93.0251,42.9075],[-93.4986,42.9085],[-93.4974,43.4995],[-96.5989,43.5005],[-96.5846,43.4696],[-96.5943,43.4342],[-96.5216,43.3856],[-96.5304,43.3],[-96.5788,43.2911],[-96.553,43.2473],[-96.5221,43.221],[-96.4756,43.2211],[-96.4589,43.1434],[-96.4393,43.1139],[-96.4582,43.0676],[-96.5116,43.0399],[-96.4927,43.0051],[-96.5202,42.9776],[-96.5003,42.9594],[-96.5417,42.9226],[-96.5379,42.8785],[-96.6219,42.7793]]]},"properties":{"GEOID":"1904","BASENAME":"4","NAME":"Congressional District 4","STATE":"19","CD119":"04"}},{"type":"Feature","geometry":{"type":"Polygon","coordinates":[[[-80.0469,35.9207],[-80.0668,35.5057],[-79.768,35.5115],[-79.7027,35.2559],[-79.6143,35.1637],[-79.5759,35.0699],[-79.4588,35.0436],[-79.3531,34.9442],[-79.3479,34.8386],[-79.1914,34.8337],[-79.0387,34.9527],[-79.0568,34.9998],[-78.9304,35.0308],[-78.8997,35.0876],[-78.9355,35.2187],[-78.998,35.2141],[-79.0958,35.1921],[-79.223,35.2681],[-79.1836,35.3072],[-79.2736,35.3534],[-79.3598,35.4697],[-79.3501,35.518],[-79.1171,35.6282],[-78.9696,35.5217],[-78.9161,35.5841],[-78.995,35.6102],[-78.9088,35.8475],[-79.0284,35.7376],[-79.1071,35.7315],[-79.0785,35.6837],[-79.2517,35.6542],[-79.2377,35.7221],[-79.2872,35.77],[-79.3702,35.7809],[-79.3501,35.8439],[-79.2373,35.8443],[-79.2682,35.9092],[-79.258,36.2434],[-79.5319,36.2497],[-79.5324,36.2415],[-79.8674,36.2518],[-79.8681,36.1727],[-79.6996,36.1775],[-79.7215,36.0595],[-79.6911,36.0392],[-79.7797,35.9909],[-79.8686,36.0298],[-79.9378,36.0273],[-79.9723,35.9177],[-80.0469,35.9207]]]},"properties":{"GEOID":"3709","BASENAME":"9","NAME":"Congressional District 9","STATE":"37","CD119":"09"}},{"type":"Feature","geometry":{"type":"Polygon","coordinates":[[[-71.7063,43.5376],[-71.6128,43.4381],[-71.55,43.4527],[-71.236,43.285],[-71.2473,43.2752],[-71.1279,43.2001],[-71.213,43.077],[-71.4663,43.1223],[-71.5175,43.0689],[-71.6413,43.0542],[-71.582,42.9433],[-71.5562,42.7923],[-71.4695,42.7941],[-71.4423,42.8904],[-71.4271,42.8248],[-71.3607,42.799],[-71.3495,42.8392],[-71.1365,42.8605],[-71.1164,42.8119],[-71.0642,42.8063],[-71.0312,42.8591],[-70.9665,42.869],[-70.9308,42.8846],[-70.8648,42.8703],[-70.8173,42.8723],[-70.7986,42.9243],[-70.7038,43.0598],[-70.7564,43.08],[-70.8281,43.1291],[-70.8248,43.1797],[-70.8131,43.2173],[-70.9843,43.3761],[-70.9548,43.5098],[-70.9727,43.5703],[-71.0103,44.2849],[-71.0423,44.2375],[-71.0984,44.2355],[-71.0977,44.1241],[-71.1609,44.1271],[-71.2068,44.1396],[-71.2114,44.1303],[-71.2364,44.1398],[-71.3024,44.1374],[-71.3359,44.0858],[-71.3565,44.1658],[-71.4159,44.2122],[-71.3467,44.0688],[-71.3836,44.0226],[-71.1555,44.0246],[-71.1401,43.9629],[-71.2125,43.9244],[-71.3601,43.9084],[-71.3288,43.7827],[-71.5323,43.7648],[-71.4399,43.6956],[-71.4788,43.6986],[-71.7063,43.5376]]]},"properties":{"GEOID":"3301","BASENAME":"1","NAME":"Congressional District 1","STATE":"33","CD119":"01"}},{"type":"Feature","geometry":{"type":"Polygon","coordinates":[[[-75.1926,40.7159],[-75.1867,40.5694],[-75.1367,40.5757],[-75.0785,40.5483],[-75.0622,40.4814],[-75.0706,40.4552],[-75.0561,40.4161],[-75.0248,40.4035],[-74.9696,40.3998],[-74.9281,40.3398],[-74.8563,40.3467],[-74.7481,40.4242],[-74.752,40.4314],[-74.6837,40.4881],[-74.6879,40.5551],[-74.5239,40.5697],[-74.4633,40.5992],[-74.4085,40.6443],[-74.3947,40.601],[-74.3029,40.6087],[-74.2037,40.5932],[-74.2002,40.6318],[-74.2162,40.6437],[-74.334,40.6492],[-74.2972,40.7152],[-74.3717,40.7396],[-74.4438,40.688],[-74.4494,40.7174],[-74.5137,40.6978],[-74.5501,40.7473],[-74.5426,40.8017],[-74.6308,40.805],[-74.5843,40.872],[-74.6364,40.9426],[-74.641,40.9632],[-74.5359,41.0585],[-74.6385,41.1187],[-74.7401,40.9697],[-74.8793,41.205],[-74.9053,41.1557],[-74.9799,41.1104],[-75.0153,41.0612],[-75.1331,40.9802],[-75.0654,40.8857],[-75.091,40.8492],[-75.1085,40.7911],[-75.1775,40.7642],[-75.1926,40.7159]]]},"properties":{"GEOID":"3407","BASENAME":"7","NAME":"Congressional District 7","STATE":"34","CD119":"07"}},{"type":"Feature","geometry":{"type":"Polygon","coordinates":[[[-97.9204,33.0993],[-97.9216,33.0013],[-97.3278,32.9914],[-97.3082,32.9752],[-97.2993,32.9913],[-96.91,32.9883],[-96.8985,33.0042],[-96.8438,33.0113],[-96.8404,33.1525],[-96.8694,33.1331],[-96.9207,33.1295],[-96.9118,33.1546],[-96.8822,33.163],[-96.8875,33.2193],[-96.8388,33.2194],[-96.8341,33.4055],[-96.8537,33.4136],[-96.9439,33.4164],[-96.9446,33.945],[-96.9887,33.9185],[-96.9856,33.8865],[-97.0558,33.8557],[-97.0786,33.8128],[-97.0911,33.7351],[-97.1494,33.722],[-97.2057,33.8098],[-97.1666,33.8473],[-97.2061,33.9143],[-97.3182,33.8651],[-97.3729,33.8195],[-97.4442,33.8238],[-97.4515,33.8709],[-97.4841,33.9139],[-97.4871,33.4337],[-97.2201,33.4251],[-97.2139,33.3181],[-97.1417,33.3317],[-97.0367,33.2553],[-97.0198,33.1774],[-97.0964,33.1321],[-97.162,33.219],[-97.3916,33.2189],[-97.3908,33.2458],[-97.7812,33.2174],[-97.8612,33.1146],[-97.9204,33.0993]]]},"properties":{"GEOID":"4826","BASENAME":"26","NAME":"Congressional District 26","STATE":"48","CD119":"26"}},{"type":"Feature","geometry":{"type":"Polygon","coordinates":[[[-121.5693,39.3084],[-121.5942,39.1644],[-121.484,39.1895],[-121.4847,39.0999],[-121.4331,39.1445],[-121.2797,39.1433],[-121.2795,39.0346],[-121.306,39.0529],[-121.4148,38.9965],[-121.4144,38.9262],[-121.4694,38.926],[-121.4844,38.7346],[-121.2428,38.7182],[-121.2623,38.6931],[-121.1873,38.5693],[-121.1014,38.5188],[-121.0414,38.5407],[-121.119,38.7179],[-121.1416,38.7119],[-121.0873,38.8333],[-121.0609,38.8456],[-120.9296,38.8165],[-120.8212,38.7662],[-120.7408,38.7766],[-120.7228,38.7197],[-120.7628,38.7057],[-120.6038,38.6084],[-120.5675,38.5073],[-120.3171,38.5451],[-120.2128,38.6294],[-120.1401,38.6384],[-120.0776,38.7089],[-120.0724,38.7028],[-120.0726,38.4471],[-120.02,38.4335],[-119.8847,38.3562],[-119.7054,38.4161],[-119.6392,38.3269],[-119.6515,38.2865],[-119.6042,38.235],[-119.6327,38.1989],[-119.5765,38.1577],[-119.3459,38.0831],[-119.3046,38.0239],[-119.3084,37.9468],[-119.2003,37.8858],[-119.2013,37.8043],[-119.269,37.7392],[-119.1241,37.7338],[-119.0224,37.5857],[-118.9171,37.5503],[-118.8505,37.4758],[-118.775,37.4631],[-118.7867,37.3434],[-118.716,37.3282],[-118.6546,37.1418],[-118.5927,37.1381],[-118.4371,37.0598],[-118.3608,36.8877],[-118.3898,36.8345],[-118.3606,36.7448],[-118.3663,36.6916],[-118.2746,36.5973],[-118.2905,36.5585],[-118.239,36.5236],[-118.2148,36.435],[-118.1003,36.3461],[-118.1271,36.2797],[-118.0336,36.0089],[-118.0036,35.9837],[-117.9808,35.8675],[-118.0055,35.8627],[-118.0081,35.7889],[-117.9244,35.7984],[-115.7359,35.7936],[-115.648,35.8096],[-116.4882,36.4591],[-117.6806,37.3534],[-118.9497,38.2689],[-120.001,38.9996],[-119.9999,39.7224],[-120.0157,39.7087],[-120.1471,39.7077],[-120.1106,39.7658],[-120.1088,39.9395],[-120.2013,40.0135],[-120.2096,40.086],[-120.3414,40.1152],[-120.4459,40.1769],[-120.5108,40.2489],[-120.6522,40.3077],[-120.7644,40.316],[-120.9286,40.1919],[-121.0615,40.2564],[-121.0614,40.4465],[-121.4976,40.4456],[-121.4704,40.3502],[-121.3423,40.3098],[-121.3684,40.2122],[-121.4369,40.1519],[-121.3668,40.0861],[-121.4195,40.0158],[-121.43,39.9003],[-121.3508,39.8257],[-121.2109,39.7257],[-121.1367,39.6282],[-121.0767,39.5973],[-121.1499,39.5264],[-121.3051,39.5196],[-121.3344,39.4252],[-121.4075,39.3398],[-121.5693,39.3084]]]},"properties":{"GEOID":"0603","BASENAME":"3","NAME":"Congressional District 3","STATE":"06","CD119":"03"}},{"type":"Feature","geometry":{"type":"Polygon","coordinates":[[[-117.8754,33.856],[-117.8304,33.8457],[-117.8433,33.7056],[-117.7517,33.7736],[-117.678,33.685],[-117.7538,33.6125],[-117.7372,33.5484],[-117.721,33.5506],[-117.659,33.5338],[-117.618,33.6024],[-117.5591,33.535],[-117.4927,33.5577],[-117.413,33.659],[-117.534,33.7104],[-117.6621,33.8575],[-117.6135,33.8638],[-117.6154,33.9242],[-117.6552,33.9241],[-117.7145,33.9589],[-117.746,34.0201],[-117.7677,34.0235],[-117.8024,33.9683],[-117.7831,33.9463],[-117.8684,33.9459],[-117.8184,33.862],[-117.8754,33.856]]]},"properties":{"GEOID":"0640","BASENAME":"40","NAME":"Congressional District 40","STATE":"06","CD119":"40"}},{"type":"Feature","geometry":{"type":"Polygon","coordinates":[[[-117.2237,32.9043],[-117.2352,32.8386],[-117.2096,32.7635],[-117.125,32.7553],[-117.023,32.7185],[-117.0164,32.6749],[-116.9406,32.7334],[-117.0015,32.7768],[-116.8962,32.8017],[-117.0382,32.8314],[-116.9893,32.905],[-117.0012,32.9444],[-117.0666,32.9277],[-117.0664,32.9873],[-117.2237,32.9043]]]},"properties":{"GEOID":"0651","BASENAME":"51","NAME":"Congressional District 51","STATE":"06","CD119":"51"}},{"type":"Feature","geometry":{"type":"Polygon","coordinates":[[[-118.0703,34.0572],[-118.0557,34.0111],[-118.0035,34.031],[-117.912,33.9894],[-117.8889,34.0435],[-117.7561,34.09],[-117.7506,34.1096],[-117.7547,34.1654],[-117.8118,34.1254],[-117.8901,34.1467],[-117.8922,34.1706],[-117.7506,34.2229],[-117.7751,34.3385],[-117.8288,34.3384],[-117.8699,34.2426],[-117.9784,34.2384],[-117.9436,34.1652],[-118.0208,34.1548],[-118.0096,34.1009],[-118.0703,34.0572]]]},"properties":{"GEOID":"0631","BASENAME":"31","NAME":"Congressional District 31","STATE":"06","CD119":"31"}},{"type":"Feature","geometry":{"type":"Polygon","coordinates":[[[-85.0602,38.0023],[-85.0582,37.8952],[-85.0305,37.8915],[-85.0005,37.8547],[-85.025,37.6789],[-84.7936,37.7172],[-84.7449,37.7131],[-84.6523,37.6509],[-84.6583,37.6345],[-84.636,37.6218],[-84.6486,37.6099],[-84.4467,37.4859],[-84.3744,37.4727],[-84.3478,37.5391],[-84.2681,37.5153],[-84.1995,37.5229],[-84.1718,37.5575],[-83.9652,37.5814],[-83.9056,37.5429],[-83.8221,37.6656],[-83.7221,37.7164],[-83.708,37.7165],[-83.6311,37.8254],[-83.663,37.8347],[-83.7688,37.9184],[-83.7752,37.9887],[-83.7095,38.0093],[-83.7188,38.1093],[-83.9344,38.2005],[-83.9042,38.2344],[-83.8227,38.1969],[-83.716,38.2501],[-83.647,38.1713],[-83.6352,38.1875],[-83.5643,38.2166],[-83.5072,38.2694],[-83.4528,38.3818],[-83.5816,38.4313],[-83.6419,38.5254],[-83.8593,38.4563],[-83.9303,38.4923],[-83.9992,38.4223],[-84.1021,38.4594],[-84.194,38.3718],[-84.3449,38.285],[-84.4427,38.2832],[-84.4328,38.2996],[-84.4681,38.3932],[-84.5574,38.4929],[-84.706,38.3701],[-84.7406,38.3524],[-84.7252,38.1954],[-84.8648,38.1414],[-84.8649,38.1169],[-84.9188,38.0994],[-84.967,38.0094],[-85.0602,38.0023]]]},"properties":{"GEOID":"2106","BASENAME":"6","NAME":"Congressional District 6","STATE":"21","CD119":"06"}},{"type":"Feature","geometry":{"type":"Polygon","coordinates":[[[-80.7842,35.506],[-80.7522,35.4141],[-80.7643,35.4002],[-80.7197,35.3628],[-80.6728,35.4191],[-80.5819,35.3822],[-80.5706,35.5033],[-80.0668,35.5057],[-80.0469,35.9207],[-79.9723,35.9177],[-79.9378,36.0273],[-79.8686,36.0298],[-79.8147,36.075],[-80.04,36.1108],[-80.0351,36.2572],[-80.1453,36.2585],[-80.1495,36.1138],[-80.2196,36.0307],[-80.6932,36.0513],[-80.7078,35.853],[-80.7716,35.6722],[-80.7372,35.5058],[-80.7842,35.506]]]},"properties":{"GEOID":"3706","BASENAME":"6","NAME":"Congressional District 6","STATE":"37","CD119":"06"}},{"type":"Feature","geometry":{"type":"Polygon","coordinates":[[[-84.6571,34.7289],[-84.6541,34.549],[-84.3714,34.5485],[-84.3456,34.5627],[-84.3366,34.5789],[-84.2551,34.5683],[-84.1968,34.6179],[-84.1886,34.6027],[-84.158,34.6482],[-84.0363,34.6421],[-83.9826,34.7159],[-83.8565,34.7222],[-83.8762,34.6205],[-83.8434,34.5055],[-83.9319,34.4693],[-83.9351,34.449],[-83.8711,34.3725],[-83.9056,34.3351],[-83.8603,34.2736],[-83.918,34.1989],[-83.8549,34.1841],[-83.9021,34.1107],[-84.0622,34.1685],[-84.118,34.0659],[-84.0977,34.0507],[-84.1212,34.0343],[-84.0892,34.0326],[-84.0606,33.9605],[-83.9166,33.9233],[-83.9072,33.941],[-83.9392,33.9786],[-83.8649,34.0135],[-83.8177,34.1275],[-83.7675,34.0664],[-83.5633,34.0319],[-83.5369,33.9662],[-83.5031,33.9996],[-83.3595,34.0403],[-83.3868,34.0502],[-83.3571,34.1162],[-83.4024,34.1975],[-83.3553,34.2237],[-83.3379,34.2606],[-83.3939,34.3248],[-83.398,34.461],[-83.1778,34.477],[-83.1029,34.5374],[-83.1546,34.5882],[-83.2214,34.6099],[-83.3387,34.682],[-83.3532,34.7286],[-83.3201,34.7596],[-83.3239,34.7897],[-83.2526,34.8535],[-83.1406,34.9249],[-83.1086,35.0007],[-83.62,34.9866],[-84.6215,34.9883],[-84.6186,34.8554],[-84.6273,34.7847],[-84.6571,34.7289]]]},"properties":{"GEOID":"1309","BASENAME":"9","NAME":"Congressional District 9","STATE":"13","CD119":"09"}},{"type":"Feature","geometry":{"type":"Polygon","coordinates":[[[-94.6184,37.1602],[-94.6179,36.4994],[-92.7723,36.4981],[-92.7649,36.8061],[-92.9093,36.8092],[-92.9033,37.0707],[-92.6859,37.0671],[-92.6797,37.2424],[-92.9719,37.2335],[-92.9711,37.2682],[-93.0768,37.2706],[-93.0734,37.415],[-93.6212,37.4274],[-93.6258,37.282],[-94.0838,37.2909],[-94.0821,37.3493],[-94.6177,37.3642],[-94.6184,37.1602]]]},"properties":{"GEOID":"2907","BASENAME":"7","NAME":"Congressional District 7","STATE":"29","CD119":"07"}},{"type":"Feature","geometry":{"type":"Polygon","coordinates":[[[-76.9997,39.8313],[-76.9993,39.7201],[-76.1025,39.724],[-75.9916,39.8687],[-75.9946,39.9524],[-75.9359,40.0375],[-75.943,40.1093],[-75.8734,40.1371],[-76.1512,40.316],[-76.3076,40.2551],[-76.5663,40.1966],[-76.6977,40.1563],[-76.7216,40.1201],[-76.6638,40.0632],[-76.6445,40.0581],[-76.6161,39.9734],[-76.9191,39.8657],[-76.9033,39.9543],[-76.9662,39.9352],[-76.9549,39.8569],[-76.9997,39.8313]]]},"properties":{"GEOID":"4211","BASENAME":"11","NAME":"Congressional District 11","STATE":"42","CD119":"11"}},{"type":"Feature","geometry":{"type":"Polygon","coordinates":[[[-93.9328,44.344],[-94.0119,44.2395],[-93.768,44.2394],[-93.768,44.1958],[-93.4046,44.1964],[-93.4031,44.3705],[-93.1207,44.3704],[-93.0399,44.4287],[-93.0393,44.5154],[-92.7926,44.543],[-92.7926,44.6297],[-92.732,44.6295],[-92.7316,44.7149],[-92.8053,44.7684],[-92.7671,44.8615],[-92.8625,44.8911],[-93.02,44.8908],[-93.096,44.9233],[-93.1785,44.8883],[-93.2519,44.8115],[-93.3296,44.7911],[-93.4382,44.8131],[-93.58,44.7936],[-93.6291,44.6984],[-93.768,44.6404],[-93.8584,44.6208],[-93.9104,44.5432],[-93.8854,44.5189],[-93.9349,44.4567],[-93.9328,44.344]]]},"properties":{"GEOID":"2702","BASENAME":"2","NAME":"Congressional District 2","STATE":"27","CD119":"02"}},{"type":"Feature","geometry":{"type":"Polygon","coordinates":[[[-95.7552,30.0921],[-95.7696,29.9492],[-95.7011,29.9716],[-95.6198,29.9149],[-95.6538,29.9078],[-95.6448,29.7846],[-95.7357,29.7852],[-95.7301,29.7347],[-95.688,29.7111],[-95.5784,29.767],[-95.4097,29.7447],[-95.4539,29.7809],[-95.57,29.8318],[-95.5217,29.9367],[-95.5802,29.9671],[-95.4983,29.9879],[-95.4739,30.0485],[-95.5049,30.1402],[-95.574,30.1301],[-95.5746,30.1518],[-95.5968,30.1345],[-95.6232,30.1356],[-95.7552,30.0921]]]},"properties":{"GEOID":"4838","BASENAME":"38","NAME":"Congressional District 38","STATE":"48","CD119":"38"}},{"type":"Feature","geometry":{"type":"Polygon","coordinates":[[[-81.4887,41.6345],[-81.4878,41.5701],[-81.391,41.5697],[-81.3748,41.4311],[-81.3918,41.4243],[-81.3931,41.0607],[-81.3743,40.9955],[-81.3449,40.9887],[-81.002,40.9878],[-81.0025,41.1342],[-80.5192,41.1332],[-80.5194,41.9775],[-80.8008,41.9096],[-80.9003,41.8689],[-81.0519,41.8396],[-81.1844,41.7867],[-81.2869,41.7602],[-81.3886,41.7071],[-81.4887,41.6345]]]},"properties":{"GEOID":"3914","BASENAME":"14","NAME":"Congressional District 14","STATE":"39","CD119":"14"}},{"type":"Feature","geometry":{"type":"Polygon","coordinates":[[[-114.0421,40.9999],[-112.7994,40.9999],[-112.4516,41.0873],[-112.1268,41.0892],[-112.0503,40.9933],[-111.9727,40.986],[-111.8922,41.0165],[-111.8649,40.9148],[-111.8156,40.8711],[-111.8912,40.8218],[-111.9156,40.8218],[-111.8303,40.7455],[-111.8309,40.6871],[-111.7815,40.709],[-111.6062,40.7129],[-111.5588,40.6775],[-111.4369,40.6806],[-111.3793,40.7379],[-111.4077,40.8085],[-111.1817,40.8089],[-111.0635,40.8445],[-110.972,40.8369],[-110.8587,40.941],[-110.8721,40.9974],[-111.0467,40.998],[-111.0467,42.0016],[-112.648,42.0003],[-113.818,41.9886],[-114.0417,41.9937],[-114.0421,40.9999]]]},"properties":{"GEOID":"4901","BASENAME":"1","NAME":"Congressional District 1","STATE":"49","CD119":"01"}},{"type":"Feature","geometry":{"type":"Polygon","coordinates":[[[-74.2893,42.9844],[-74.2879,42.8916],[-74.2568,42.8122],[-74.2723,42.7143],[-74.1803,42.73],[-74.1697,42.6674],[-74.2416,42.5508],[-74.2632,42.4232],[-74.2543,42.4082],[-73.7837,42.4642],[-73.7522,42.5666],[-73.7596,42.6142],[-73.6287,42.6357],[-73.6085,42.7034],[-73.6545,42.7906],[-73.2785,42.8375],[-73.2738,42.9436],[-73.4306,42.9587],[-73.6355,42.9413],[-73.6311,42.9706],[-73.5936,43.0143],[-73.7437,43.0167],[-73.6677,43.1056],[-73.6814,43.1532],[-73.7707,43.0959],[-74.1106,43.0668],[-74.0975,42.9829],[-74.2893,42.9844]]]},"properties":{"GEOID":"3620","BASENAME":"20","NAME":"Congressional District 20","STATE":"36","CD119":"20"}},{"type":"Feature","geometry":{"type":"Polygon","coordinates":[[[-106.578,39.0579],[-106.5992,38.998],[-106.5542,38.9987],[-106.465,38.9104],[-106.3261,38.911],[-106.407,38.8293],[-106.4174,38.7257],[-106.4521,38.6988],[-106.3799,38.6385],[-106.3542,38.5334],[-106.2469,38.4228],[-106.0765,38.4237],[-106.0428,38.4583],[-106.0108,38.4466],[-105.9998,38.4236],[-105.7969,38.265],[-105.6763,38.1462],[-105.5839,37.9672],[-105.4732,37.896],[-105.3171,37.9389],[-105.2851,37.8994],[-105.1687,38.0189],[-105.0499,37.9155],[-105.0492,38.258],[-104.9404,38.2583],[-104.9399,38.7965],[-105.0722,38.7994],[-105.0273,38.9308],[-105.0092,38.9271],[-105.0134,38.9414],[-105.0272,38.9416],[-105.0335,39.1298],[-105.3294,39.1295],[-105.2178,39.2601],[-105.1713,39.4069],[-105.073,39.5453],[-105.1563,39.6003],[-105.0536,39.6097],[-105.1099,39.6271],[-105.0533,39.6678],[-105.0529,39.8009],[-105.0405,39.8029],[-105.05,39.803],[-105.044,39.8044],[-105.044,39.8174],[-105.0533,39.82],[-105.0529,39.9142],[-105.0158,39.9812],[-104.9614,40.0003],[-104.9611,40.0418],[-104.9785,40.0439],[-104.9896,40.0077],[-105.0528,40.0003],[-105.0585,39.9743],[-105.0826,39.9593],[-105.072,39.9577],[-105.1132,39.9328],[-105.1094,39.9259],[-105.1219,39.9542],[-105.1471,39.9139],[-105.2389,39.9144],[-105.2761,39.8434],[-105.3979,39.8409],[-105.3989,39.5661],[-105.8297,39.5649],[-105.8176,39.5383],[-105.9668,39.438],[-106.022,39.3617],[-106.1355,39.3795],[-106.2067,39.3796],[-106.2838,39.3495],[-106.4265,39.3619],[-106.5024,39.2986],[-106.5086,39.1667],[-106.5613,39.1557],[-106.578,39.0579]]]},"properties":{"GEOID":"0807","BASENAME":"7","NAME":"Congressional District 7","STATE":"08","CD119":"07"}},{"type":"Feature","geometry":{"type":"Polygon","coordinates":[[[-100.1975,28.197],[-100.0755,28.1249],[-100.0287,28.0731],[-99.9849,27.9907],[-99.9322,27.9677],[-99.9044,27.8753],[-99.8447,27.7788],[-99.8017,27.7418],[-99.7585,27.7171],[-99.7046,27.655],[-99.5568,27.6143],[-99.5301,27.5802],[-99.5283,27.4989],[-99.4975,27.5005],[-99.4875,27.4124],[-99.5297,27.3061],[-99.4879,27.2949],[-99.4633,27.2684],[-99.4452,27.2233],[-99.43,27.1591],[-99.4421,27.1068],[-99.447,27.026],[-99.3874,26.9824],[-99.3289,26.8798],[-99.2686,26.8432],[-99.2089,26.7248],[-99.2005,26.6564],[-99.1714,26.5498],[-99.105,26.5003],[-99.0916,26.477],[-99.1109,26.4263],[-99.082,26.3965],[-99.0323,26.4121],[-98.9583,26.3941],[-98.891,26.3576],[-98.8073,26.3694],[-98.7799,26.3265],[-98.6542,26.236],[-98.6135,26.252],[-98.5932,26.2429],[-98.3207,26.7831],[-98.4226,26.7835],[-98.4179,27.0553],[-98.4665,27.0547],[-98.4929,27.235],[-98.5233,27.2651],[-98.2325,27.2625],[-98.2355,28.058],[-98.3343,28.0578],[-98.335,28.6127],[-98.0983,28.7869],[-98.4073,29.1144],[-98.1342,29.4418],[-98.1225,29.446],[-98.0738,29.4376],[-98.0723,29.5406],[-98.0239,29.5666],[-98.0909,29.6832],[-98.3109,29.5945],[-98.3041,29.5847],[-98.3338,29.5109],[-98.2237,29.4881],[-98.4903,29.3953],[-98.504,29.3657],[-98.5013,29.3196],[-98.4725,29.254],[-98.484,29.1407],[-98.8048,29.2507],[-98.8033,28.0575],[-99.3889,28.0304],[-99.3942,28.2046],[-100.1975,28.197]]]},"properties":{"GEOID":"4828","BASENAME":"28","NAME":"Congressional District 28","STATE":"48","CD119":"28"}},{"type":"Feature","geometry":{"type":"Polygon","coordinates":[[[-88.8856,42.2701],[-88.8615,42.153],[-88.8224,42.1534],[-88.8219,42.0662],[-88.7156,42.0664],[-88.6402,42.003],[-88.6016,42.0179],[-88.6026,41.8068],[-88.3761,41.8099],[-88.3757,41.7444],[-88.2621,41.7604],[-88.262,41.7247],[-88.1482,41.7261],[-88.1448,41.6311],[-88.1248,41.6523],[-88.0286,41.6699],[-88.0277,41.6415],[-87.9119,41.6439],[-87.9146,41.7239],[-88.0118,41.7292],[-88.1138,41.8147],[-88.1659,41.8304],[-88.2628,41.8156],[-88.2626,41.8712],[-88.3763,41.9142],[-88.3761,42.0669],[-88.4718,42.067],[-88.4722,42.1326],[-88.4325,42.1538],[-88.3544,42.154],[-88.3551,42.2408],[-88.1985,42.2416],[-88.1985,42.2846],[-88.1793,42.2642],[-88.1016,42.2626],[-88.1207,42.3284],[-88.1985,42.358],[-88.1985,42.3432],[-88.3024,42.3714],[-88.3457,42.3277],[-88.4723,42.3705],[-88.5113,42.3275],[-88.8221,42.3279],[-88.8856,42.2701]]]},"properties":{"GEOID":"1711","BASENAME":"11","NAME":"Congressional District 11","STATE":"17","CD119":"11"}},{"type":"Feature","geometry":{"type":"Polygon","coordinates":[[[-111.0569,44.8667],[-111.0446,43.3157],[-111.0467,40.998],[-104.0532,41.0014],[-104.0577,44.9974],[-105.8481,45.0004],[-106.2636,44.9938],[-107.3514,45.0014],[-109.0623,44.9996],[-109.1034,45.0059],[-110.7053,44.9923],[-110.785,45.003],[-111.0443,45.0013],[-111.0569,44.8667]]]},"properties":{"GEOID":"5600","BASENAME":"Congressional District (at Large)","NAME":"Congressional District (at Large)","STATE":"56","CD119":"00"}},{"type":"Feature","geometry":{"type":"Polygon","coordinates":[[[-73.1407,41.238],[-73.1728,41.1534],[-73.1303,41.1468],[-73.1084,41.1537],[-73.0795,41.194],[-73.0204,41.2064],[-72.9862,41.2335],[-72.9356,41.2585],[-72.8814,41.2426],[-72.7861,41.2648],[-72.7603,41.2412],[-72.6904,41.2467],[-72.6544,41.2656],[-72.6317,41.3094],[-72.6787,41.4338],[-72.609,41.4431],[-72.6337,41.5002],[-72.5608,41.554],[-72.6095,41.5629],[-72.7489,41.5443],[-72.7448,41.4982],[-72.7733,41.497],[-72.8503,41.5157],[-72.8867,41.448],[-72.9524,41.4646],[-72.9351,41.5076],[-73.0406,41.5476],[-73.1042,41.4894],[-73.0774,41.4652],[-73.1476,41.3677],[-73.1556,41.2691],[-73.1407,41.238]]]},"properties":{"GEOID":"0903","BASENAME":"3","NAME":"Congressional District 3","STATE":"09","CD119":"03"}},{"type":"Feature","geometry":{"type":"Polygon","coordinates":[[[-86.1785,30.3791],[-86.1797,30.3307],[-85.9999,30.2708],[-85.8112,30.1783],[-85.6968,30.0969],[-85.6012,30.0563],[-85.4878,29.9612],[-85.426,29.9499],[-85.3847,29.9209],[-85.4165,29.8426],[-85.4028,29.7588],[-85.3526,29.6598],[-85.2597,29.6813],[-85.1573,29.6429],[-85.0451,29.587],[-84.777,29.6922],[-84.6926,29.763],[-84.604,29.786],[-84.565,29.8102],[-84.5774,29.8878],[-84.5359,29.9101],[-84.4703,29.9245],[-84.4238,29.903],[-84.3491,29.8968],[-84.3337,29.9237],[-84.3414,29.9622],[-84.3661,30.0087],[-84.2897,30.0572],[-84.208,30.0848],[-84.1791,30.0732],[-84.063,30.1014],[-84.0007,30.0962],[-83.9315,30.0391],[-83.7887,29.977],[-83.6792,29.9185],[-83.625,29.8569],[-83.5376,29.7231],[-83.4141,29.6662],[-83.3664,29.6657],[-83.3189,29.8226],[-83.3529,29.8222],[-83.3709,29.8879],[-83.3684,30.1287],[-83.2926,30.1292],[-83.2665,30.2603],[-83.2473,30.2607],[-83.1923,30.3748],[-83.171,30.3852],[-83.2219,30.4234],[-83.2726,30.6277],[-83.821,30.6626],[-84.8647,30.7115],[-84.9181,30.7721],[-84.9343,30.834],[-84.9357,30.8787],[-84.9838,30.937],[-85.0061,30.977],[-85.0025,31.0007],[-85.146,31.0007],[-86.1327,30.994],[-86.1156,30.8546],[-86.1351,30.7461],[-86.1673,30.7314],[-86.1143,30.6509],[-86.0883,30.5304],[-86.1785,30.3791]]]},"properties":{"GEOID":"1202","BASENAME":"2","NAME":"Congressional District 2","STATE":"12","CD119":"02"}},{"type":"Feature","geometry":{"type":"Polygon","coordinates":[[[-86.6856,39.336],[-86.6831,38.6866],[-86.3087,38.6881],[-86.3087,38.4229],[-86.255,38.4227],[-86.2534,38.2914],[-86.3213,38.1474],[-86.2064,38.0219],[-86.0958,38.0089],[-86.0334,37.9704],[-85.9224,38.0287],[-85.8948,38.1885],[-85.8397,38.2398],[-85.8162,38.283],[-85.751,38.2679],[-85.6836,38.2955],[-85.6462,38.3429],[-85.6216,38.4171],[-85.5878,38.4505],[-85.4989,38.4682],[-85.4744,38.5041],[-85.4331,38.5239],[-85.4156,38.5463],[-85.4362,38.5983],[-85.4489,38.7134],[-85.4005,38.736],[-85.2755,38.7412],[-85.1873,38.6876],[-85.1469,38.6954],[-85.0719,38.7416],[-84.9625,38.778],[-84.8569,38.7902],[-84.8129,38.7861],[-84.8032,38.8507],[-84.7864,38.8822],[-84.8778,38.9204],[-84.8326,38.9615],[-84.8494,39.0009],[-84.8972,39.0524],[-84.8202,39.1055],[-84.8162,39.522],[-85.2981,39.5255],[-85.2976,39.4533],[-85.6293,39.4528],[-85.6306,39.3502],[-85.6845,39.35],[-85.6868,39.1309],[-85.7997,39.1275],[-85.8831,39.1575],[-86.0803,39.1525],[-86.0856,39.3442],[-86.6099,39.3402],[-86.6308,39.3469],[-86.6856,39.336]]]},"properties":{"GEOID":"1809","BASENAME":"9","NAME":"Congressional District 9","STATE":"18","CD119":"09"}},{"type":"Feature","geometry":{"type":"Polygon","coordinates":[[[-85.0643,36.8587],[-85.0041,36.7562],[-84.9991,36.6242],[-84.9749,36.6146],[-84.7853,36.6034],[-83.6907,36.5826],[-83.6754,36.6008],[-83.6145,36.634],[-83.5271,36.666],[-83.4365,36.6662],[-83.2364,36.7269],[-83.1364,36.7431],[-83.1147,36.7961],[-83.0756,36.8506],[-83.0126,36.8473],[-82.8954,36.8821],[-82.8652,36.9209],[-82.8692,36.9742],[-82.8157,37.0072],[-82.7507,37.0241],[-82.7223,37.0579],[-82.7263,37.1119],[-82.5582,37.1996],[-82.4492,37.2439],[-82.3553,37.2652],[-81.9683,37.5378],[-82.0644,37.5445],[-82.2261,37.6531],[-82.2961,37.6862],[-82.3274,37.7622],[-82.37,37.8017],[-82.4187,37.8724],[-82.4876,37.917],[-82.465,37.9769],[-82.6262,38.1348],[-82.5818,38.2486],[-82.5719,38.3158],[-82.598,38.3449],[-82.5937,38.4218],[-82.6185,38.4771],[-82.6641,38.5077],[-82.8106,38.393],[-82.8175,38.3739],[-82.9706,38.3937],[-83.0009,38.4106],[-83.1772,38.3246],[-83.3412,38.3177],[-83.412,38.3964],[-83.4528,38.3818],[-83.5072,38.2694],[-83.5643,38.2166],[-83.6352,38.1875],[-83.647,38.1713],[-83.716,38.2501],[-83.8227,38.1969],[-83.9042,38.2344],[-83.9344,38.2005],[-83.7188,38.1093],[-83.7095,38.0093],[-83.7752,37.9887],[-83.7688,37.9184],[-83.663,37.8347],[-83.6311,37.8254],[-83.708,37.7165],[-83.7221,37.7164],[-83.8221,37.6656],[-83.9056,37.5429],[-83.9652,37.5814],[-84.1718,37.5575],[-84.1995,37.5229],[-84.2681,37.5153],[-84.3478,37.5391],[-84.3744,37.4727],[-84.4467,37.4859],[-84.6486,37.6099],[-84.636,37.6218],[-84.6583,37.6345],[-84.6579,37.6183],[-84.8474,37.5483],[-84.8508,37.4271],[-84.7228,37.36],[-84.7064,37.2995],[-84.7207,37.2383],[-84.9011,37.1163],[-84.9058,37.0472],[-84.8357,36.9976],[-84.9455,36.9597],[-84.9609,36.9163],[-85.0643,36.8587]]]},"properties":{"GEOID":"2105","BASENAME":"5","NAME":"Congressional District 5","STATE":"21","CD119":"05"}},{"type":"Feature","geometry":{"type":"Polygon","coordinates":[[[-86.5281,42.0384],[-86.5142,42.0507],[-86.4365,42.0726],[-85.7629,42.0693],[-85.7646,42.1573],[-85.2954,42.1583],[-85.297,42.2461],[-85.0612,42.2467],[-85.0649,42.4215],[-85.5432,42.4214],[-85.5456,42.7681],[-85.7825,42.7682],[-85.7822,42.9113],[-85.9034,42.9433],[-86.2193,42.943],[-86.2083,42.7628],[-86.2406,42.54],[-86.2844,42.3946],[-86.3562,42.2542],[-86.4663,42.1344],[-86.5281,42.0384]]]},"properties":{"GEOID":"2604","BASENAME":"4","NAME":"Congressional District 4","STATE":"26","CD119":"04"}},{"type":"Feature","geometry":{"type":"Polygon","coordinates":[[[-124.7258,48.386],[-124.6693,48.2964],[-124.6904,48.2197],[-124.7217,48.1532],[-124.6871,48.0987],[-124.6724,47.9644],[-124.6255,47.888],[-124.5399,47.837],[-124.4717,47.7669],[-124.4121,47.6912],[-124.356,47.5457],[-124.3194,47.3556],[-124.2363,47.2873],[-124.1885,47.1579],[-124.1691,46.9945],[-124.1801,46.9264],[-124.1382,46.9055],[-124.0968,46.7941],[-123.1606,46.7934],[-123.1584,46.9959],[-123.2019,47.0851],[-123.075,47.0848],[-122.9382,47.1903],[-122.9035,47.1575],[-122.8206,47.1942],[-122.7595,47.1413],[-122.6753,47.2513],[-122.6221,47.2092],[-122.505,47.2429],[-122.505,47.1847],[-122.2949,47.2572],[-122.3349,47.2574],[-122.4373,47.3337],[-122.5236,47.3242],[-122.537,47.4034],[-122.445,47.5427],[-122.4381,47.7778],[-122.4296,47.8281],[-122.5018,47.9297],[-122.5737,47.951],[-122.6167,47.9251],[-122.6511,47.921],[-122.7013,47.973],[-122.6985,48.1031],[-122.7604,48.1432],[-122.8332,48.1344],[-122.9461,48.0986],[-123.0041,48.0905],[-123.0662,48.1205],[-123.1448,48.1759],[-123.2391,48.1182],[-123.3146,48.1137],[-123.442,48.1243],[-123.5511,48.1514],[-123.6724,48.1627],[-123.8801,48.1606],[-124.0507,48.1777],[-124.1018,48.2169],[-124.2509,48.2648],[-124.3809,48.2847],[-124.6532,48.3907],[-124.7258,48.386]]]},"properties":{"GEOID":"5306","BASENAME":"6","NAME":"Congressional District 6","STATE":"53","CD119":"06"}},{"type":"Feature","geometry":{"type":"Polygon","coordinates":[[[-98.7477,29.5365],[-98.7882,29.5006],[-98.7208,29.4866],[-98.7583,29.4613],[-98.7317,29.379],[-98.6494,29.3974],[-98.6135,29.377],[-98.6463,29.3225],[-98.5013,29.3196],[-98.504,29.3657],[-98.4903,29.3953],[-98.5394,29.4024],[-98.4643,29.517],[-98.5484,29.5017],[-98.5549,29.5483],[-98.6084,29.6205],[-98.6674,29.5536],[-98.6295,29.5196],[-98.7477,29.5365]]]},"properties":{"GEOID":"4820","BASENAME":"20","NAME":"Congressional District 20","STATE":"48","CD119":"20"}},{"type":"Feature","geometry":{"type":"Polygon","coordinates":[[[-85.9517,38.0149],[-85.9383,37.9988],[-85.8828,38.0405],[-85.7126,38.0873],[-85.5671,38.0747],[-85.5772,38.0803],[-85.4763,38.2897],[-85.5853,38.3394],[-85.6344,38.3784],[-85.6462,38.3429],[-85.6836,38.2955],[-85.751,38.2679],[-85.8162,38.283],[-85.8397,38.2398],[-85.8948,38.1885],[-85.9224,38.0287],[-85.9517,38.0149]]]},"properties":{"GEOID":"2103","BASENAME":"3","NAME":"Congressional District 3","STATE":"21","CD119":"03"}},{"type":"Feature","geometry":{"type":"Polygon","coordinates":[[[-105.1356,40.3487],[-105.1025,40.2614],[-105.0551,40.2618],[-105.0551,40.2328],[-104.9987,40.1571],[-105.0416,40.0878],[-104.9785,40.0439],[-104.9611,40.0418],[-104.9614,40.0003],[-105.0158,39.9812],[-105.0529,39.9142],[-105.0533,39.82],[-105.044,39.8174],[-105.044,39.8044],[-105.05,39.803],[-105.0405,39.8029],[-105.0529,39.8009],[-105.0532,39.7911],[-104.7909,39.7982],[-104.7304,39.8961],[-104.6404,39.9067],[-104.6406,40.0006],[-104.6971,40.0005],[-104.6031,40.1167],[-104.6024,40.276],[-104.5276,40.276],[-104.4895,40.3487],[-104.4156,40.3255],[-104.5081,40.3993],[-104.48,40.4936],[-104.6589,40.5086],[-104.8324,40.5089],[-104.8604,40.4213],[-104.9923,40.4052],[-104.9817,40.3492],[-105.1356,40.3487]]]},"properties":{"GEOID":"0808","BASENAME":"8","NAME":"Congressional District 8","STATE":"08","CD119":"08"}},{"type":"Feature","geometry":{"type":"Polygon","coordinates":[[[-93.3023,36.4824],[-93.3008,36.1215],[-92.9446,36.1153],[-92.9385,36.0717],[-92.9514,35.7246],[-92.6314,35.7184],[-92.6298,35.7908],[-92.4168,35.7886],[-92.4184,35.716],[-91.8372,35.705],[-91.7896,35.7118],[-91.7936,35.5341],[-91.5821,35.5303],[-91.5845,35.4423],[-91.3473,35.4391],[-91.3581,35.409],[-91.4384,35.3689],[-91.4287,35.2931],[-91.383,35.2484],[-91.3898,35.2],[-91.4588,35.155],[-91.4653,35.0895],[-91.584,35.0916],[-91.6087,35.0207],[-91.7011,35.063],[-91.8025,35.0307],[-91.9026,35.0277],[-92.0131,35.0763],[-92.1197,35.0666],[-92.1215,35.0122],[-92.0708,35.0116],[-92.0755,34.8428],[-92.1515,34.824],[-92.2207,34.7543],[-92.1566,34.7114],[-92.1732,34.6384],[-92.1174,34.5492],[-92.1437,34.4916],[-91.7053,34.4827],[-91.7117,34.2339],[-91.5303,34.2182],[-91.5144,34.1423],[-91.4519,34.1339],[-91.4451,34.0806],[-91.7161,34.1762],[-91.7451,34.094],[-91.9537,34.0642],[-91.9764,33.9773],[-91.9759,33.7917],[-91.6637,33.7922],[-91.4503,33.7805],[-91.4604,33.006],[-91.1661,33.0041],[-91.1204,33.0545],[-91.1808,33.0984],[-91.153,33.1351],[-91.1043,33.1316],[-91.0687,33.2329],[-91.0861,33.2737],[-91.1255,33.2803],[-91.1422,33.349],[-91.1138,33.3931],[-91.1477,33.4272],[-91.2157,33.5294],[-91.1889,33.5762],[-91.1309,33.6109],[-91.1783,33.6511],[-91.101,33.6606],[-91.0754,33.7144],[-91.1433,33.7471],[-91.1115,33.7746],[-91.0855,33.7764],[-91.0268,33.7636],[-91.0252,33.806],[-91.0528,33.8242],[-91.0612,33.8775],[-91.0264,33.908],[-91.036,33.9438],[-91.0887,33.9613],[-91.0484,33.9851],[-91.005,33.977],[-90.9799,34.0001],[-90.9427,34.018],[-90.8924,34.0269],[-90.8745,34.072],[-90.9011,34.0947],[-90.9463,34.1094],[-90.9381,34.1488],[-90.8944,34.161],[-90.8827,34.1844],[-90.8946,34.2244],[-90.84,34.2361],[-90.8128,34.2794],[-90.7527,34.2893],[-90.7652,34.3428],[-90.7291,34.3642],[-90.6604,34.3358],[-90.6414,34.3839],[-90.5753,34.4152],[-90.5837,34.4588],[-90.5693,34.5249],[-90.5492,34.5681],[-90.5872,34.6157],[-90.5502,34.6634],[-90.5461,34.7021],[-90.5055,34.7646],[-90.4735,34.7888],[-90.4638,34.8349],[-90.4016,34.8353],[-90.2501,34.9073],[-90.2445,34.9376],[-90.3093,34.9957],[-90.3007,35.0288],[-90.1971,35.0507],[-90.1601,35.1288],[-90.0906,35.1183],[-90.0998,35.1645],[-90.0933,35.2033],[-90.0979,35.25],[-90.1666,35.2746],[-90.1219,35.3045],[-90.0879,35.3633],[-90.1125,35.4102],[-90.0705,35.4233],[-90.0453,35.4154],[-90.0221,35.4574],[-90.0458,35.4965],[-90.0376,35.5503],[-89.9585,35.5417],[-89.9448,35.5603],[-89.9325,35.6079],[-89.8765,35.6267],[-89.9566,35.6955],[-89.9155,35.7549],[-89.8639,35.7476],[-89.7971,35.7826],[-89.7234,35.8094],[-89.7295,35.8476],[-89.7226,35.8737],[-89.6473,35.8949],[-89.6523,35.9215],[-89.6869,35.9477],[-89.7331,36.0006],[-90.3687,35.9958],[-90.2945,36.1129],[-90.2356,36.1395],[-90.2204,36.1848],[-90.1559,36.2141],[-90.1149,36.2656],[-90.064,36.303],[-90.0661,36.3863],[-90.131,36.4151],[-90.1539,36.4953],[-93.2931,36.4983],[-93.3023,36.4824]]]},"properties":{"GEOID":"0501","BASENAME":"1","NAME":"Congressional District 1","STATE":"05","CD119":"01"}},{"type":"Feature","geometry":{"type":"Polygon","coordinates":[[[-74.2542,40.6702],[-74.2002,40.6318],[-74.1706,40.6453],[-74.0868,40.6516],[-74.0473,40.6905],[-73.9846,40.7976],[-74.0412,40.7956],[-74.0336,40.7924],[-74.0423,40.7801],[-74.0539,40.7809],[-74.06,40.7625],[-74.0906,40.7488],[-74.1483,40.7799],[-74.1898,40.7686],[-74.1655,40.751],[-74.1176,40.7396],[-74.1171,40.7104],[-74.0893,40.7384],[-74.0549,40.7316],[-74.0555,40.7165],[-74.0945,40.6867],[-74.1146,40.7011],[-74.1366,40.6744],[-74.2092,40.6907],[-74.2542,40.6702]]]},"properties":{"GEOID":"3408","BASENAME":"8","NAME":"Congressional District 8","STATE":"34","CD119":"08"}},{"type":"Feature","geometry":{"type":"Polygon","coordinates":[[[-77.217,39.7202],[-77.3116,39.6387],[-77.2001,39.5786],[-77.1068,39.4917],[-77.1342,39.4317],[-76.9762,39.4215],[-76.9922,39.3598],[-76.9698,39.364],[-76.8823,39.3502],[-76.7936,39.3137],[-76.7284,39.2294],[-76.7453,39.322],[-76.7949,39.3564],[-76.7112,39.3544],[-76.6782,39.372],[-76.6635,39.3554],[-76.6512,39.3604],[-76.6401,39.3299],[-76.6255,39.3313],[-76.6252,39.3451],[-76.6148,39.3458],[-76.6098,39.3722],[-76.5298,39.3721],[-76.5297,39.3303],[-76.5143,39.3084],[-76.3843,39.2359],[-76.35,39.2488],[-76.3264,39.2734],[-76.3381,39.2928],[-76.3156,39.3328],[-76.4281,39.3438],[-76.4557,39.4074],[-76.5583,39.4396],[-76.5386,39.4805],[-76.6132,39.5059],[-76.6111,39.5847],[-76.6977,39.7214],[-77.217,39.7202]]]},"properties":{"GEOID":"2402","BASENAME":"2","NAME":"Congressional District 2","STATE":"24","CD119":"02"}},{"type":"Feature","geometry":{"type":"Polygon","coordinates":[[[-74.7614,41.4902],[-74.7563,41.4276],[-74.7349,41.4258],[-74.6949,41.3574],[-74.2345,41.1429],[-73.9808,41.3254],[-73.9473,41.3948],[-73.9815,41.4389],[-73.9338,41.4883],[-73.8611,41.496],[-73.8128,41.6333],[-73.7284,41.5813],[-73.6831,41.6119],[-73.5218,41.6197],[-73.4873,42.0496],[-73.5271,41.978],[-73.7109,42.0055],[-73.9296,42.0788],[-73.9107,42.1273],[-74.0025,42.177],[-74.0748,42.0966],[-74.2716,42.1116],[-74.2618,42.0201],[-74.19,42.0031],[-74.1101,42.0254],[-74.0816,41.9987],[-74.0346,41.8754],[-74.0464,41.8227],[-74.1163,41.7981],[-74.2275,41.7219],[-74.2176,41.6589],[-74.1345,41.6157],[-74.1264,41.5825],[-74.2641,41.6327],[-74.3671,41.591],[-74.4756,41.504],[-74.7614,41.4902]]]},"properties":{"GEOID":"3618","BASENAME":"18","NAME":"Congressional District 18","STATE":"36","CD119":"18"}},{"type":"Feature","geometry":{"type":"Polygon","coordinates":[[[-78.0274,36.7779],[-78.0462,36.5442],[-77.0716,36.5461],[-77.0457,36.6165],[-77.0932,36.6992],[-77.0459,36.7743],[-76.9456,36.8313],[-77.0118,36.8556],[-77.0021,36.9207],[-76.8497,36.9962],[-76.6983,37.0591],[-76.6416,37.1538],[-76.6524,37.1988],[-76.7603,37.1768],[-76.8832,37.2231],[-76.8744,37.3654],[-76.9045,37.3777],[-76.9041,37.4038],[-77.0958,37.4403],[-77.1773,37.4906],[-77.2213,37.5333],[-77.4038,37.6052],[-77.4214,37.6417],[-77.5314,37.6492],[-77.5118,37.5818],[-77.5298,37.5592],[-77.5955,37.5558],[-77.5968,37.5347],[-77.5285,37.5255],[-77.6303,37.4238],[-77.5748,37.387],[-77.6315,37.3394],[-77.553,37.3246],[-77.5721,37.2371],[-77.6133,37.2709],[-77.6506,37.2651],[-77.7477,37.1927],[-77.7959,37.1926],[-77.9003,37.1439],[-77.8898,36.9888],[-77.9681,36.9873],[-78.0036,37.0228],[-78.0274,36.7779]]]},"properties":{"GEOID":"5104","BASENAME":"4","NAME":"Congressional District 4","STATE":"51","CD119":"04"}},{"type":"Feature","geometry":{"type":"Polygon","coordinates":[[[-105.1099,39.6271],[-105.0536,39.614],[-104.9735,39.6677],[-104.9134,39.6241],[-104.8473,39.6571],[-104.8663,39.6603],[-104.8709,39.6748],[-104.8757,39.6645],[-104.9035,39.6676],[-104.9081,39.6803],[-104.9035,39.6874],[-104.894,39.6821],[-104.8846,39.7402],[-104.7346,39.7692],[-104.7625,39.8234],[-104.6197,39.8269],[-104.5996,39.899],[-104.6404,39.9067],[-104.7304,39.8961],[-104.7909,39.7982],[-105.0532,39.7911],[-105.0533,39.6678],[-105.1099,39.6271]]]},"properties":{"GEOID":"0801","BASENAME":"1","NAME":"Congressional District 1","STATE":"08","CD119":"01"}},{"type":"Feature","geometry":{"type":"Polygon","coordinates":[[[-122.1779,37.8163],[-122.1148,37.7419],[-122.1628,37.6673],[-122.1444,37.5819],[-122.112,37.5289],[-122.1292,37.5213],[-122.1172,37.5067],[-122.0385,37.5637],[-121.8701,37.4807],[-121.4719,37.4818],[-121.5567,37.5427],[-121.557,37.8165],[-121.8507,37.7449],[-121.8507,37.731],[-121.8325,37.7237],[-121.8334,37.7012],[-121.9072,37.7021],[-121.9163,37.7163],[-121.9286,37.7097],[-122.0455,37.7981],[-122.1779,37.8163]]]},"properties":{"GEOID":"0614","BASENAME":"14","NAME":"Congressional District 14","STATE":"06","CD119":"14"}},{"type":"Feature","geometry":{"type":"Polygon","coordinates":[[[-88.2384,42.1542],[-88.2383,42.0923],[-88.1216,42.1106],[-88.0625,42.0671],[-88.0628,42.1539],[-88.0045,42.1536],[-87.9939,42.0515],[-87.8858,42.0475],[-87.8367,41.9702],[-87.9205,42.0051],[-87.939,41.9935],[-87.9202,41.9718],[-87.7906,41.9528],[-87.7047,41.9758],[-87.6872,41.9103],[-87.6411,41.9147],[-87.6168,41.8975],[-87.6422,41.9548],[-87.675,41.9908],[-87.8419,42.011],[-87.8399,42.0658],[-87.9361,42.0808],[-87.9816,42.1536],[-88.058,42.2189],[-88.1994,42.203],[-88.1996,42.1543],[-88.2384,42.1542]]]},"properties":{"GEOID":"1705","BASENAME":"5","NAME":"Congressional District 5","STATE":"17","CD119":"05"}},{"type":"Feature","geometry":{"type":"Polygon","coordinates":[[[-74.2972,40.7152],[-74.334,40.6492],[-74.2162,40.6437],[-74.2542,40.6702],[-74.2092,40.6907],[-74.1366,40.6744],[-74.1146,40.7011],[-74.0945,40.6867],[-74.0555,40.7165],[-74.0549,40.7316],[-74.0893,40.7384],[-74.1171,40.7104],[-74.1176,40.7396],[-74.1655,40.751],[-74.1898,40.7686],[-74.2202,40.8341],[-74.2852,40.847],[-74.3047,40.7579],[-74.256,40.7134],[-74.2972,40.7152]]]},"properties":{"GEOID":"3410","BASENAME":"10","NAME":"Congressional District 10","STATE":"34","CD119":"10"}},{"type":"Feature","geometry":{"type":"Polygon","coordinates":[[[-84.1233,32.9322],[-84.1243,32.8496],[-83.8919,32.8484],[-83.8728,32.8595],[-83.7895,32.8179],[-83.7048,32.8334],[-83.6586,32.8878],[-83.5651,32.8772],[-83.5135,32.8449],[-83.6022,32.7414],[-83.5977,32.6643],[-83.5558,32.6525],[-83.5481,32.5719],[-83.6221,32.5832],[-83.7186,32.6314],[-83.7231,32.5211],[-83.8257,32.4391],[-83.8467,32.4685],[-83.837,32.3888],[-83.8565,32.3824],[-83.8484,32.291],[-83.6156,32.2886],[-83.6062,32.2756],[-83.6097,32.0279],[-83.9613,32.0306],[-83.9201,31.9272],[-83.9225,31.9097],[-83.9394,31.8479],[-84.0084,31.8016],[-84.0184,31.6503],[-83.9962,31.6252],[-84.0039,31.0416],[-83.7362,31.0377],[-83.7437,30.6585],[-82.419,30.5809],[-82.4359,30.8201],[-82.4955,30.8196],[-82.4906,30.9632],[-82.5921,31.0185],[-82.6717,31.1837],[-82.6992,31.2781],[-82.6296,31.2747],[-82.6282,31.4694],[-82.5975,31.4693],[-82.6283,31.5583],[-82.6273,31.6727],[-82.5214,31.6725],[-82.5214,31.7108],[-82.5507,31.7363],[-82.5203,31.8384],[-82.4314,31.838],[-82.4315,31.9662],[-82.4831,31.969],[-82.4802,31.955],[-82.5437,31.9589],[-82.5953,31.9316],[-82.6457,31.9189],[-82.7231,32.0028],[-82.8877,32.0799],[-82.9279,32.1353],[-82.8749,32.18],[-82.8848,32.1961],[-82.991,32.1473],[-83.2265,32.5842],[-82.9571,32.7083],[-82.947,32.7594],[-82.9554,32.7565],[-82.9743,32.8392],[-83.027,32.8561],[-83.0736,32.9466],[-83.0491,32.9856],[-83.0522,33.0807],[-83.1013,33.0502],[-83.0976,33.1515],[-83.2741,33.1872],[-83.3639,33.1691],[-83.4444,33.1849],[-83.816,33.1318],[-83.8223,33.1802],[-83.8426,33.1968],[-84.0415,33.2026],[-84.0542,32.9315],[-84.1233,32.9322]]]},"properties":{"GEOID":"1308","BASENAME":"8","NAME":"Congressional District 8","STATE":"13","CD119":"08"}},{"type":"Feature","geometry":{"type":"Polygon","coordinates":[[[-98.2127,26.2526],[-98.1635,26.2166],[-98.1797,26.121],[-98.1469,26.1165],[-98.0998,26.2004],[-98.0656,26.1582],[-98.0801,26.0554],[-98.0392,26.0413],[-98.011,26.0639],[-97.7953,26.0552],[-97.7588,26.0321],[-97.644,26.0066],[-97.5826,25.9379],[-97.543,25.92],[-97.4969,25.8801],[-97.4547,25.8793],[-97.4226,25.8404],[-97.3729,25.8401],[-97.3601,25.8689],[-97.366,25.9024],[-97.3383,25.9231],[-97.2772,25.9354],[-97.2069,25.9609],[-97.1566,25.949],[-97.1456,25.9711],[-97.1969,26.3059],[-97.2538,26.5032],[-97.3227,26.7017],[-97.3669,26.8856],[-97.3787,27.06],[-97.3585,27.2348],[-97.3361,27.3178],[-97.2961,27.4272],[-97.223,27.5766],[-97.3252,27.5609],[-97.8407,27.5584],[-97.9421,27.6359],[-98.0595,27.6359],[-98.0581,27.261],[-97.9861,27.2605],[-97.9853,26.6158],[-97.9574,26.6118],[-98.0042,26.4488],[-97.8619,26.4336],[-97.8619,26.3482],[-97.9307,26.3583],[-97.937,26.3213],[-98.0142,26.3326],[-98.0134,26.2964],[-98.1547,26.3003],[-98.1586,26.2453],[-98.2127,26.2526]]]},"properties":{"GEOID":"4834","BASENAME":"34","NAME":"Congressional District 34","STATE":"48","CD119":"34"}},{"type":"Feature","geometry":{"type":"Polygon","coordinates":[[[-114.0525,37.6048],[-114.0506,37.0004],[-111.2508,37.0007],[-111.1656,37.1053],[-111.0491,37.0996],[-110.9507,37.1339],[-110.9023,37.1728],[-110.8567,37.3485],[-110.8045,37.3209],[-110.7398,37.3448],[-110.6995,37.4317],[-110.7458,37.4527],[-110.6643,37.478],[-110.6467,37.5406],[-110.6038,37.6021],[-110.4863,37.6744],[-110.432,37.7787],[-110.4042,37.8809],[-110.2088,37.8941],[-110.2018,37.9469],[-110.1363,38.0052],[-110.0766,37.9997],[-110.0136,38.1081],[-109.928,38.1518],[-109.8851,38.1882],[-109.9077,38.2707],[-110.0334,38.3896],[-110.0446,38.4539],[-110.0253,38.5],[-111.2854,38.5],[-111.3057,38.5102],[-111.2994,39.0323],[-111.8534,39.0334],[-112.0141,39.0455],[-112.016,39.3146],[-112.1889,39.3294],[-112.212,39.554],[-112.3545,39.5537],[-112.2998,39.6471],[-112.18,39.7574],[-112.0898,39.7819],[-112.0535,39.8934],[-112.1798,40.0117],[-112.1469,40.1778],[-112.1797,40.2322],[-112.1755,40.3358],[-112.2123,40.4591],[-112.1729,40.4671],[-112.1753,40.604],[-112.1964,40.6293],[-112.035,40.6312],[-112.0247,40.6821],[-111.8309,40.6871],[-111.8303,40.7455],[-111.9156,40.8218],[-111.8912,40.8218],[-111.8156,40.8711],[-111.8649,40.9148],[-111.8922,41.0165],[-111.9727,40.986],[-112.0503,40.9933],[-112.1268,41.0892],[-112.4516,41.0873],[-112.7994,40.9999],[-114.0421,40.9999],[-114.0525,37.6048]]]},"properties":{"GEOID":"4902","BASENAME":"2","NAME":"Congressional District 2","STATE":"49","CD119":"02"}},{"type":"Feature","geometry":{"type":"Polygon","coordinates":[[[-80.5192,39.9622],[-80.5193,39.7214],[-78.8083,39.7231],[-78.7572,39.8235],[-78.7632,40.057],[-78.6583,40.2432],[-78.8847,40.2446],[-78.9334,40.2848],[-78.9768,40.2389],[-79.0737,40.2648],[-78.9738,40.3954],[-78.8017,40.7246],[-79.1004,40.7613],[-79.1009,40.8195],[-79.215,40.8383],[-79.2152,40.7759],[-79.4502,40.5301],[-79.4946,40.5249],[-79.6683,40.68],[-79.6929,40.6697],[-79.7734,40.5821],[-79.7651,40.5492],[-79.7016,40.5254],[-79.6361,40.488],[-79.5708,40.4204],[-79.5776,40.3464],[-79.6114,40.3254],[-79.6531,40.2076],[-79.7348,40.2091],[-79.7627,40.2499],[-79.7826,40.2276],[-79.8714,40.1974],[-79.9579,40.2143],[-79.9145,40.2524],[-80.1846,40.3331],[-80.3608,40.4776],[-80.519,40.4774],[-80.5192,39.9622]]]},"properties":{"GEOID":"4214","BASENAME":"14","NAME":"Congressional District 14","STATE":"42","CD119":"14"}},{"type":"Feature","geometry":{"type":"Polygon","coordinates":[[[-75.5976,39.8742],[-75.5943,39.8346],[-75.5704,39.8392],[-75.4812,39.8292],[-75.4151,39.8019],[-75.3418,39.8461],[-75.221,39.8611],[-75.183,39.882],[-75.1334,39.8962],[-75.1343,39.9149],[-75.2085,39.921],[-75.2765,39.977],[-75.2373,39.9961],[-75.3375,40.0601],[-75.3445,40.1418],[-75.415,40.0901],[-75.3611,40.0655],[-75.5976,39.8742]]]},"properties":{"GEOID":"4205","BASENAME":"5","NAME":"Congressional District 5","STATE":"42","CD119":"05"}},{"type":"Feature","geometry":{"type":"Polygon","coordinates":[[[-120.3151,35.9072],[-120.2758,35.9059],[-120.214,35.7893],[-120.1944,35.7894],[-120.194,35.6144],[-120.0862,35.6144],[-120.0652,35.513],[-119.9932,35.4395],[-119.88,35.4391],[-119.8804,35.3511],[-119.6052,35.3401],[-119.4742,35.3635],[-119.4263,35.3402],[-119.2522,35.3496],[-119.2518,35.4417],[-119.0804,35.4413],[-119.029,35.4605],[-119.0188,35.3685],[-119.0571,35.3639],[-119.0921,35.2671],[-119.039,35.2669],[-118.9558,35.0191],[-118.9361,35.0161],[-118.8466,35.0454],[-118.8508,35.151],[-118.8063,35.2092],[-118.7526,35.2094],[-118.7527,35.2924],[-118.8964,35.3617],[-118.9202,35.4416],[-118.8738,35.45],[-118.8884,35.6107],[-118.9197,35.6165],[-118.9181,35.9849],[-118.899,36.0475],[-119.0087,36.0852],[-119.0007,36.1672],[-119.0656,36.2255],[-119.1185,36.2244],[-119.117,36.1672],[-119.2329,36.1673],[-119.2334,36.2108],[-119.3491,36.2076],[-119.3848,36.2982],[-119.4746,36.269],[-119.4754,36.3277],[-119.6036,36.328],[-119.6385,36.3719],[-119.7269,36.3317],[-119.7267,36.2402],[-119.9589,36.2555],[-119.9592,36.1814],[-120.3151,35.9072]]]},"properties":{"GEOID":"0622","BASENAME":"22","NAME":"Congressional District 22","STATE":"06","CD119":"22"}},{"type":"Feature","geometry":{"type":"Polygon","coordinates":[[[-97.4013,32.819],[-97.3673,32.7655],[-97.3031,32.7438],[-97.3526,32.6673],[-97.3091,32.6028],[-97.2367,32.6976],[-97.1098,32.7908],[-97.0349,32.7799],[-97.0342,32.8167],[-96.9752,32.8555],[-96.9589,32.896],[-96.8806,32.8616],[-96.993,32.7323],[-97.0355,32.7395],[-97.036,32.7111],[-96.8146,32.7075],[-96.8103,32.7588],[-96.8733,32.815],[-96.8541,32.8601],[-96.8707,32.9534],[-96.9383,32.9135],[-96.9739,32.9553],[-96.9587,32.9157],[-97.0339,32.8365],[-97.0613,32.8375],[-97.1775,32.794],[-97.2836,32.7654],[-97.3473,32.8424],[-97.4013,32.819]]]},"properties":{"GEOID":"4833","BASENAME":"33","NAME":"Congressional District 33","STATE":"48","CD119":"33"}},{"type":"Feature","geometry":{"type":"Polygon","coordinates":[[[-94.0431,32.693],[-94.0418,31.9924],[-93.9775,31.9264],[-93.9096,31.8931],[-93.8534,31.8055],[-93.8034,31.7007],[-93.8168,31.6225],[-93.8349,31.5862],[-93.7877,31.5273],[-93.7259,31.5041],[-93.7495,31.4687],[-93.6976,31.4284],[-93.6681,31.3751],[-93.6754,31.301],[-93.6139,31.2594],[-93.6024,31.1825],[-93.5351,31.1856],[-93.5403,31.1289],[-93.5312,31.0517],[-93.5498,30.9671],[-93.5309,30.9245],[-93.5586,30.8694],[-93.5693,30.803],[-93.6177,30.7385],[-93.6299,30.6799],[-93.6851,30.6252],[-93.6843,30.5926],[-93.7292,30.5448],[-93.7101,30.5064],[-93.7027,30.4299],[-93.7453,30.397],[-93.7603,30.3299],[-93.7072,30.2755],[-93.7134,30.2253],[-93.7038,30.1739],[-93.7062,30.0523],[-93.1791,30.0522],[-93.1799,30.1762],[-93.2157,30.1067],[-93.2662,30.1686],[-93.3761,30.1836],[-93.3762,30.2109],[-93.2965,30.2379],[-93.3012,30.2937],[-93.0311,30.3057],[-93.031,30.3794],[-93.1312,30.4031],[-93.1312,30.4236],[-93.0655,30.4387],[-92.7756,30.4377],[-92.774,30.4882],[-92.4933,30.4805],[-92.4208,30.5388],[-92.2627,30.5387],[-92.2115,30.5681],[-92.1725,30.6738],[-92.1723,30.7679],[-92.2126,30.8486],[-92.2378,30.8483],[-92.2807,30.9651],[-92.3308,30.9633],[-92.3802,31.0004],[-92.4334,31.0717],[-92.4009,31.0986],[-92.4344,31.249],[-92.4943,31.2237],[-92.5205,31.2607],[-92.4942,31.2956],[-92.6083,31.3095],[-92.7652,31.3495],[-92.8903,31.3523],[-92.9157,31.3246],[-92.9815,31.3469],[-92.992,31.3604],[-93.2366,31.3645],[-93.2368,31.5379],[-93.3376,31.5383],[-93.3384,31.7142],[-93.4417,31.7145],[-93.4412,31.8452],[-93.7135,31.8452],[-93.7305,31.889],[-93.7822,31.8889],[-93.7821,31.9725],[-93.8505,31.9382],[-93.8292,32.0267],[-93.7903,32.0682],[-93.7398,32.0522],[-93.8055,32.1223],[-93.8152,32.2292],[-93.7183,32.2274],[-93.7576,32.3041],[-93.8245,32.3022],[-93.8565,32.2764],[-93.8104,32.3959],[-93.8896,32.4122],[-93.9464,32.4786],[-93.81,32.5181],[-93.8457,32.6017],[-93.7668,32.5567],[-93.7677,32.5395],[-93.6986,32.4929],[-93.7174,32.4788],[-93.7548,32.5],[-93.7527,32.3424],[-93.6235,32.2829],[-93.6147,32.2375],[-93.536,32.1931],[-93.5396,32.1022],[-93.4415,31.9892],[-93.3555,31.9322],[-93.2395,31.9035],[-93.2385,31.9728],[-93.1212,31.9726],[-93.1871,32.1485],[-92.9391,32.1479],[-92.8722,31.9459],[-92.9668,31.7813],[-92.9735,31.7089],[-92.9646,31.6807],[-92.9083,31.6252],[-92.8062,31.5985],[-92.7189,31.5175],[-92.6929,31.3996],[-92.6319,31.3905],[-92.1961,31.4779],[-92.2776,31.4962],[-92.2751,31.5361],[-92.3513,31.6246],[-92.3626,31.7966],[-92.3405,31.8134],[-92.3125,31.9277],[-92.3122,32.2773],[-92.1063,32.2587],[-92.0345,32.2772],[-92.0202,32.2968],[-91.9936,32.3979],[-92.0402,32.3875],[-92.1748,32.433],[-92.3281,32.4081],[-92.3591,32.5057],[-92.4154,32.4714],[-92.4154,32.5221],[-92.1255,32.5056],[-92.003,32.6552],[-91.9363,32.6589],[-91.975,32.7114],[-92.0499,32.6861],[-92.0652,32.723],[-92.0527,32.7947],[-92.0856,32.9652],[-92.0689,33.0085],[-94.043,33.0192],[-94.0431,32.693]]]},"properties":{"GEOID":"2204","BASENAME":"4","NAME":"Congressional District 4","STATE":"22","CD119":"04"}},{"type":"Feature","geometry":{"type":"Polygon","coordinates":[[[-90.4298,43.2009],[-90.4264,42.5072],[-89.0674,42.4965],[-89.0708,42.5547],[-88.9478,42.5384],[-88.9827,42.623],[-89.0804,42.6281],[-89.08,42.7302],[-89.1309,42.7254],[-89.1311,42.7596],[-89.0136,42.7602],[-89.0091,43.2848],[-89.3631,43.2813],[-89.7205,43.2931],[-89.6776,43.3612],[-89.6007,43.3807],[-89.5994,43.558],[-89.7322,43.5718],[-89.7858,43.641],[-90.0724,43.6417],[-90.0732,43.4822],[-90.1918,43.4674],[-90.1938,43.1645],[-90.2978,43.2082],[-90.4298,43.2009]]]},"properties":{"GEOID":"5502","BASENAME":"2","NAME":"Congressional District 2","STATE":"55","CD119":"02"}},{"type":"Feature","geometry":{"type":"Polygon","coordinates":[[[-87.5268,41.2982],[-87.5266,41.1661],[-87.3938,41.1628],[-87.1313,41.2862],[-86.9681,41.2197],[-86.9301,41.2368],[-86.9298,41.519],[-86.7263,41.5175],[-86.7008,41.5469],[-86.6997,41.7599],[-86.8248,41.7602],[-87.0279,41.6747],[-87.2615,41.6203],[-87.3654,41.6295],[-87.4158,41.6882],[-87.4707,41.6728],[-87.524,41.7083],[-87.5268,41.2982]]]},"properties":{"GEOID":"1801","BASENAME":"1","NAME":"Congressional District 1","STATE":"18","CD119":"01"}},{"type":"Feature","geometry":{"type":"Polygon","coordinates":[[[-122.4253,37.9557],[-122.3787,37.9052],[-122.3345,37.9088],[-122.3287,37.8938],[-122.2711,37.9058],[-122.2259,37.8796],[-122.2199,37.9836],[-122.131,38.0189],[-122.0262,38.0245],[-121.9513,37.9871],[-121.7947,37.9795],[-121.7517,38.0243],[-121.8157,38.021],[-121.8775,38.0822],[-121.8889,38.2203],[-121.8425,38.2569],[-121.8656,38.3588],[-121.9404,38.3156],[-122.2061,38.3158],[-122.1954,38.155],[-122.4068,38.1556],[-122.3976,38.142],[-122.3018,38.1051],[-122.2629,38.0515],[-122.3217,38.0103],[-122.3689,38.0079],[-122.3676,37.9782],[-122.4253,37.9557]]]},"properties":{"GEOID":"0608","BASENAME":"8","NAME":"Congressional District 8","STATE":"06","CD119":"08"}},{"type":"Feature","geometry":{"type":"Polygon","coordinates":[[[-122.3177,37.1869],[-122.2943,37.1051],[-122.2062,37.0139],[-122.106,36.956],[-122.0272,36.9512],[-121.9517,36.9714],[-121.9065,36.9689],[-121.8623,36.9316],[-121.7915,36.8152],[-121.8145,36.6829],[-121.8606,36.6111],[-121.9239,36.6346],[-121.9704,36.5828],[-121.9416,36.4856],[-121.9032,36.3936],[-121.8885,36.3028],[-121.8264,36.2419],[-121.7799,36.2274],[-121.6801,36.1658],[-121.622,36.0997],[-121.5746,36.0252],[-121.5319,36.0144],[-121.4862,35.9703],[-121.4623,35.8856],[-121.3324,35.7831],[-121.3146,35.7133],[-121.2723,35.6667],[-121.1667,35.6354],[-121.1142,35.5717],[-121.0034,35.4607],[-120.9068,35.4534],[-120.8933,35.5222],[-120.8246,35.5155],[-120.7045,35.4399],[-120.6541,35.455],[-120.4725,35.4528],[-120.4292,35.4843],[-120.3026,35.472],[-120.2005,35.4943],[-120.1762,35.4399],[-120.057,35.4853],[-120.0862,35.6144],[-120.194,35.6144],[-120.1944,35.7894],[-121.1851,35.7942],[-121.1565,35.816],[-121.2552,35.8868],[-121.3515,35.9881],[-121.4598,36.0113],[-121.4753,36.0544],[-121.5618,36.1279],[-121.5809,36.2033],[-121.5951,36.4153],[-121.5264,36.43],[-121.5646,36.4979],[-121.5212,36.5215],[-121.6247,36.5971],[-121.5823,36.6234],[-121.7449,36.6777],[-121.718,36.7141],[-121.7668,36.7721],[-121.6967,36.7463],[-121.6033,36.7756],[-121.6208,36.8068],[-121.7336,36.8389],[-121.7541,36.9028],[-121.8095,36.9438],[-121.7387,36.99],[-121.6962,36.9806],[-121.6046,37.0354],[-121.6524,37.1187],[-121.698,37.1238],[-121.658,37.1727],[-121.5859,37.1951],[-121.7468,37.2291],[-121.7078,37.2973],[-121.8155,37.3345],[-121.8027,37.2998],[-121.8768,37.2757],[-121.9662,37.1357],[-122.0262,37.1669],[-122.1523,37.2861],[-122.1528,37.2154],[-122.3177,37.1869]]]},"properties":{"GEOID":"0619","BASENAME":"19","NAME":"Congressional District 19","STATE":"06","CD119":"19"}},{"type":"Feature","geometry":{"type":"Polygon","coordinates":[[[-117.243,44.391],[-117.1922,44.3286],[-117.217,44.2884],[-117.1703,44.2589],[-117.121,44.2776],[-117.0594,44.2372],[-116.972,44.2357],[-116.9655,44.1941],[-116.9028,44.1795],[-116.8959,44.1543],[-116.9774,44.0854],[-116.9373,44.0294],[-116.9599,43.9829],[-116.976,43.8955],[-117.0236,43.8238],[-117.0262,41.9999],[-115.0381,41.9986],[-115.0377,42.7684],[-115.4542,42.7679],[-115.4415,42.9311],[-115.6229,42.9557],[-115.7715,42.9387],[-115.7918,42.9723],[-115.9357,43.0017],[-115.965,42.9437],[-116.1458,43.0134],[-116.2017,43.0489],[-116.1917,43.0825],[-116.2662,43.1123],[-115.9787,43.1134],[-115.9749,43.365],[-116.1451,43.5116],[-116.2456,43.5733],[-116.3544,43.5758],[-116.3541,43.6909],[-116.2641,43.7957],[-115.9928,43.5951],[-115.8759,43.5913],[-115.7971,43.6386],[-115.6975,43.6654],[-115.6256,43.7283],[-115.5928,43.7983],[-115.5475,43.7927],[-115.5087,43.8849],[-115.2872,43.9355],[-115.1971,44.069],[-115.2305,44.0988],[-115.1819,44.0905],[-115.1362,43.9839],[-115.0675,43.9413],[-114.9908,43.9497],[-115.0436,44.0588],[-115.0242,44.1555],[-115.1677,44.2028],[-115.179,44.2965],[-115.2946,44.3394],[-115.2282,44.4235],[-115.2471,44.5197],[-115.305,44.5799],[-115.2812,44.6109],[-115.168,44.6476],[-115.1519,44.7286],[-115.0919,44.7667],[-114.9561,44.721],[-114.8124,44.8083],[-114.7233,44.8912],[-114.7323,45.1512],[-114.6039,45.2958],[-114.7932,45.4363],[-114.7938,45.5083],[-114.6637,45.471],[-114.5238,45.5853],[-114.5381,45.6068],[-114.5358,45.6506],[-114.4996,45.669],[-114.5049,45.7222],[-114.5625,45.7799],[-114.5171,45.836],[-114.423,45.8554],[-114.3882,45.8823],[-114.4132,45.9115],[-114.4023,45.9615],[-114.4412,45.9885],[-114.4802,46.0303],[-114.46,46.0971],[-114.5213,46.1253],[-114.5147,46.1677],[-114.4459,46.1739],[-114.4498,46.2371],[-114.4225,46.3871],[-114.3848,46.4118],[-114.403,46.4987],[-114.3517,46.5081],[-114.3207,46.647],[-114.3607,46.6691],[-114.4532,46.6493],[-114.5473,46.6445],[-114.6215,46.6581],[-114.6267,46.7129],[-114.699,46.7402],[-114.7672,46.7388],[-114.79,46.7787],[-114.8806,46.8118],[-114.9433,46.868],[-114.9274,46.9142],[-115.0317,46.9715],[-115.0713,47.0221],[-115.1895,47.131],[-115.2558,47.1747],[-115.3269,47.2559],[-115.471,47.2849],[-115.532,47.3141],[-115.5786,47.367],[-115.7103,47.4178],[-115.6929,47.4572],[-115.6347,47.4818],[-115.717,47.5327],[-115.7212,47.5763],[-115.6943,47.6235],[-115.7363,47.6548],[-115.7238,47.6967],[-115.8354,47.761],[-115.8455,47.815],[-115.9009,47.8431],[-115.9599,47.8981],[-116.0492,47.9999],[-116.0492,49.0009],[-117.0324,48.9992],[-117.0416,47.7353],[-117.0355,46.41],[-117.0627,46.3536],[-116.9973,46.3032],[-116.9644,46.2533],[-116.963,46.1997],[-116.924,46.1709],[-116.9355,46.1424],[-116.982,46.0849],[-116.9427,46.061],[-116.916,45.9954],[-116.8598,45.9073],[-116.7875,45.8402],[-116.7363,45.8262],[-116.6653,45.782],[-116.593,45.7785],[-116.5357,45.7342],[-116.5283,45.6815],[-116.4635,45.6158],[-116.6746,45.3143],[-116.7546,45.114],[-116.7837,45.077],[-116.8413,45.0309],[-116.8583,44.9788],[-116.8336,44.929],[-116.8653,44.8706],[-116.9318,44.7872],[-117.0138,44.7568],[-117.0623,44.7271],[-117.1429,44.5572],[-117.1672,44.5234],[-117.2259,44.4794],[-117.2151,44.4272],[-117.243,44.391]]]},"properties":{"GEOID":"1601","BASENAME":"1","NAME":"Congressional District 1","STATE":"16","CD119":"01"}},{"type":"Feature","geometry":{"type":"Polygon","coordinates":[[[-71.0839,45.3055],[-71.0367,44.7365],[-70.9873,43.793],[-70.9707,43.785],[-70.783,43.8141],[-70.8014,43.8555],[-70.7154,43.9618],[-70.7925,44.0401],[-70.8481,44.0495],[-70.8586,44.0952],[-70.8218,44.0771],[-70.6245,44.171],[-70.5873,44.1225],[-70.6038,44.0415],[-70.5815,44.0182],[-70.4801,44.0321],[-70.3639,43.9864],[-70.3154,44.0378],[-70.1159,43.9067],[-70.0342,43.9757],[-70.0518,43.991],[-70.0055,44.1245],[-70.0263,44.1338],[-69.9374,44.2677],[-69.8,44.2425],[-69.855,44.1679],[-69.7636,44.1532],[-69.7626,44.2238],[-69.6654,44.2276],[-69.6257,44.3618],[-69.7288,44.378],[-69.7199,44.5075],[-69.6655,44.5864],[-69.5791,44.627],[-69.6331,44.7004],[-69.4834,44.7203],[-69.4717,44.6929],[-69.3931,44.6404],[-69.4168,44.5511],[-69.3724,44.5446],[-69.4455,44.4638],[-69.5064,44.3429],[-69.4096,44.328],[-69.3466,44.3083],[-69.2689,44.3647],[-69.1216,44.2556],[-68.9519,44.2187],[-68.9104,44.18],[-68.8964,44.2099],[-68.8285,44.209],[-68.7209,44.1153],[-68.5485,44.1297],[-68.5314,44.0899],[-68.4385,44.1162],[-68.331,44.1076],[-68.3065,44.2348],[-68.1743,44.2259],[-68.2295,44.2669],[-68.1736,44.3284],[-68.1892,44.3738],[-68.1256,44.3871],[-68.1038,44.3644],[-68.0493,44.3307],[-68.014,44.3903],[-67.9789,44.387],[-67.9365,44.4112],[-67.8996,44.3941],[-67.8551,44.4194],[-67.8379,44.4647],[-67.7936,44.4948],[-67.7067,44.502],[-67.6531,44.5258],[-67.6348,44.4871],[-67.5797,44.4291],[-67.5032,44.4769],[-67.5212,44.5099],[-67.4918,44.5561],[-67.4485,44.6003],[-67.399,44.6026],[-67.3683,44.6247],[-67.2934,44.5993],[-67.2343,44.6372],[-67.1699,44.6621],[-67.0734,44.742],[-66.9499,44.8174],[-66.993,44.8492],[-66.9836,44.9033],[-67.0335,44.9399],[-67.0821,45.0296],[-67.0908,45.0687],[-67.1124,45.1123],[-67.1612,45.1629],[-67.2711,45.1911],[-67.2982,45.1467],[-67.3399,45.1256],[-67.3906,45.1541],[-67.4803,45.2682],[-67.4272,45.3737],[-67.4843,45.452],[-67.4769,45.4972],[-67.4174,45.502],[-67.4236,45.5722],[-67.4554,45.6047],[-67.5349,45.5954],[-67.6754,45.631],[-67.7105,45.6794],[-67.8033,45.6779],[-67.7819,45.7312],[-67.8036,45.7816],[-67.764,45.83],[-67.8037,45.8694],[-67.7504,45.9179],[-67.78,45.9382],[-67.7898,47.0657],[-67.8892,47.1188],[-67.9523,47.1961],[-68.2043,47.3397],[-68.2697,47.3537],[-68.3616,47.3556],[-68.3843,47.3269],[-68.3756,47.2923],[-68.4601,47.2861],[-68.5074,47.2966],[-68.5887,47.2817],[-68.6048,47.2494],[-68.6759,47.2426],[-68.8035,47.216],[-68.901,47.1785],[-69.0402,47.2451],[-69.0539,47.3779],[-69.0393,47.4222],[-69.1561,47.451],[-69.22,47.4572],[-69.4392,47.25],[-69.9971,46.6952],[-70.0537,46.4292],[-70.2074,46.3313],[-70.2057,46.2999],[-70.2327,46.2844],[-70.2909,46.1858],[-70.2396,46.1428],[-70.2663,46.101],[-70.3067,46.0613],[-70.3176,46.0191],[-70.303,45.999],[-70.313,45.9619],[-70.2654,45.9627],[-70.2525,45.9332],[-70.2591,45.8908],[-70.3297,45.8538],[-70.3966,45.8085],[-70.4157,45.7862],[-70.3836,45.7349],[-70.4469,45.704],[-70.5528,45.6678],[-70.5913,45.6306],[-70.6496,45.5981],[-70.6882,45.564],[-70.7234,45.5104],[-70.6749,45.4524],[-70.6355,45.4278],[-70.6347,45.3836],[-70.73,45.3994],[-70.7556,45.4284],[-70.7815,45.4312],[-70.8256,45.4003],[-70.8062,45.3766],[-70.8195,45.3414],[-70.8086,45.3116],[-70.8298,45.2869],[-70.8444,45.2345],[-70.8928,45.2392],[-70.9121,45.2962],[-70.9494,45.3315],[-71.0128,45.3448],[-71.0382,45.3119],[-71.0839,45.3055]]]},"properties":{"GEOID":"2302","BASENAME":"2","NAME":"Congressional District 2","STATE":"23","CD119":"02"}},{"type":"Feature","geometry":{"type":"Polygon","coordinates":[[[-76.6967,42.5468],[-76.6866,42.3904],[-76.6914,42.2843],[-76.5383,42.2818],[-76.4162,42.263],[-76.4153,42.3184],[-76.2501,42.2967],[-76.2534,42.4076],[-76.1302,42.4103],[-76.0812,42.2647],[-76.1162,42.1856],[-76.1058,41.9989],[-75.4771,41.9994],[-75.3411,41.9928],[-75.2918,41.9471],[-75.263,41.8851],[-75.1134,41.8407],[-75.0744,41.8022],[-75.0534,41.7525],[-75.0439,41.5751],[-74.9825,41.4965],[-74.8904,41.4553],[-74.7995,41.4313],[-74.7563,41.4276],[-74.7614,41.4902],[-74.4756,41.504],[-74.3671,41.591],[-74.2641,41.6327],[-74.1264,41.5825],[-74.1345,41.6157],[-74.2176,41.6589],[-74.2275,41.7219],[-74.1163,41.7981],[-74.0464,41.8227],[-74.0346,41.8754],[-74.0816,41.9987],[-74.1101,42.0254],[-74.19,42.0031],[-74.2618,42.0201],[-74.2716,42.1116],[-74.0748,42.0966],[-74.0025,42.177],[-73.9107,42.1273],[-73.9296,42.0788],[-73.7109,42.0055],[-73.5271,41.978],[-73.4897,42.0538],[-73.5081,42.0863],[-73.265,42.7459],[-73.2909,42.8019],[-73.2785,42.8375],[-73.6545,42.7906],[-73.6085,42.7034],[-73.6287,42.6357],[-73.7596,42.6142],[-73.7522,42.5666],[-73.7837,42.4642],[-74.2543,42.4082],[-74.2447,42.3772],[-74.4435,42.355],[-74.6189,42.4244],[-74.7116,42.5178],[-74.6306,42.6267],[-74.6675,42.7507],[-74.6483,42.8296],[-74.8788,42.8983],[-74.9067,42.8249],[-75.101,42.9084],[-75.2106,42.8565],[-75.2122,42.88],[-75.248,42.8716],[-75.2514,42.7846],[-75.2959,42.7441],[-75.4287,42.7454],[-75.8898,42.7238],[-75.8838,42.6556],[-76.0715,42.6474],[-76.0649,42.5434],[-76.2615,42.5505],[-76.2656,42.6236],[-76.6665,42.6235],[-76.586,42.5499],[-76.6967,42.5468]]]},"properties":{"GEOID":"3619","BASENAME":"19","NAME":"Congressional District 19","STATE":"36","CD119":"19"}},{"type":"Feature","geometry":{"type":"Polygon","coordinates":[[[-91.4158,38.8453],[-91.4186,38.7098],[-91.3692,38.6993],[-91.3675,38.2097],[-91.349,38.2041],[-90.7802,38.2041],[-90.7376,38.4155],[-90.7362,38.4669],[-90.6805,38.4457],[-90.6556,38.4867],[-90.5125,38.5013],[-90.405,38.5006],[-90.3506,38.4581],[-90.3411,38.3862],[-90.2888,38.4385],[-90.2553,38.5309],[-90.3205,38.5942],[-90.3064,38.6336],[-90.3773,38.5761],[-90.3587,38.6534],[-90.4894,38.6867],[-90.4825,38.764],[-90.5458,38.6841],[-90.6626,38.6871],[-90.7001,38.8023],[-90.7769,38.7704],[-90.961,38.8164],[-91.1691,38.8197],[-91.2649,38.8464],[-91.4158,38.8453]]]},"properties":{"GEOID":"2902","BASENAME":"2","NAME":"Congressional District 2","STATE":"29","CD119":"02"}},{"type":"Feature","geometry":{"type":"Polygon","coordinates":[[[-82.9296,40.3581],[-82.9464,40.1459],[-82.8899,40.1452],[-82.8841,40.1312],[-82.7618,40.1259],[-82.7825,39.9397],[-82.8115,39.9321],[-82.7944,39.9108],[-82.8243,39.795],[-82.843,39.5615],[-82.7315,39.5544],[-82.6201,39.564],[-82.6175,39.6086],[-82.4961,39.6028],[-82.4903,39.6617],[-82.3745,39.655],[-82.3799,39.5967],[-82.262,39.5906],[-82.2636,39.5621],[-82.1592,39.5566],[-82.1674,39.4663],[-82.2804,39.4729],[-82.2897,39.3842],[-82.2602,39.2929],[-82.2686,39.2038],[-81.7523,39.181],[-81.7215,39.211],[-81.7218,39.2696],[-81.8184,39.2726],[-81.8537,39.3182],[-81.8449,39.4502],[-81.8232,39.4941],[-81.7085,39.4808],[-81.7127,39.5851],[-81.5882,39.587],[-81.5861,39.664],[-81.6432,39.6657],[-81.6399,39.7534],[-81.6974,39.7556],[-81.6941,39.8426],[-81.5803,39.8391],[-81.5786,39.8977],[-81.4641,39.8945],[-81.386,39.9507],[-81.2341,39.9513],[-81.2259,40.1701],[-81.3396,40.172],[-81.3346,40.3043],[-81.2741,40.3326],[-81.464,40.3737],[-81.5661,40.4273],[-81.5634,40.478],[-81.4765,40.4826],[-81.5089,40.6504],[-81.6491,40.6345],[-81.6489,40.6678],[-81.7842,40.6679],[-81.8492,40.5952],[-82.2204,40.5945],[-82.2203,40.5682],[-82.337,40.555],[-82.6236,40.5499],[-82.6465,40.3451],[-82.9296,40.3581]]]},"properties":{"GEOID":"3912","BASENAME":"12","NAME":"Congressional District 12","STATE":"39","CD119":"12"}},{"type":"Feature","geometry":{"type":"Polygon","coordinates":[[[-117.6135,33.8638],[-117.6621,33.8575],[-117.534,33.7104],[-117.413,33.659],[-117.4579,33.6022],[-117.4201,33.6231],[-117.3944,33.549],[-117.3435,33.591],[-117.2448,33.5763],[-117.1711,33.6415],[-117.1365,33.5689],[-116.9892,33.5917],[-116.946,33.5175],[-116.8591,33.5126],[-116.788,33.5405],[-116.6181,33.5404],[-116.5703,33.5975],[-116.5179,33.571],[-116.4275,33.5854],[-116.3992,33.642],[-116.3215,33.642],[-116.3215,33.6126],[-116.2247,33.6165],[-116.2687,33.6854],[-116.2674,33.7365],[-116.4233,33.826],[-116.4757,33.7562],[-116.4936,33.8712],[-116.577,33.9322],[-116.5836,33.8751],[-116.6325,33.9219],[-116.7287,33.9166],[-116.7199,33.8862],[-116.8039,33.857],[-116.7505,33.8281],[-116.8019,33.7317],[-116.9238,33.7296],[-116.9975,33.7008],[-117.1195,33.6926],[-117.0361,33.7511],[-117.0605,33.8373],[-116.9984,33.8493],[-116.9728,33.9186],[-117.0715,33.9643],[-116.9379,33.9617],[-116.9336,34.0049],[-117.2254,34.0053],[-117.2178,33.9613],[-117.1476,33.9611],[-117.0883,33.9041],[-117.1746,33.8925],[-117.2039,33.8591],[-117.1356,33.8405],[-117.1847,33.7357],[-117.2233,33.7141],[-117.3099,33.7131],[-117.3139,33.8297],[-117.3845,33.8871],[-117.4937,33.8866],[-117.514,33.9548],[-117.5489,33.9572],[-117.6109,33.946],[-117.6135,33.8638]]]},"properties":{"GEOID":"0641","BASENAME":"41","NAME":"Congressional District 41","STATE":"06","CD119":"41"}},{"type":"Feature","geometry":{"type":"Polygon","coordinates":[[[-74.0366,40.589],[-73.9406,40.5429],[-73.8255,40.5761],[-73.8573,40.6703],[-73.9002,40.6738],[-73.9382,40.6986],[-73.9774,40.6869],[-73.9066,40.6477],[-73.9765,40.5966],[-74.0366,40.589]]]},"properties":{"GEOID":"3608","BASENAME":"8","NAME":"Congressional District 8","STATE":"36","CD119":"08"}},{"type":"Feature","geometry":{"type":"Polygon","coordinates":[[[-88.0595,37.8667],[-88.0674,37.8561],[-88.028,37.7992],[-87.9703,37.7819],[-87.9359,37.7897],[-87.9038,37.8178],[-87.9381,37.8707],[-87.9217,37.9079],[-87.8725,37.921],[-87.808,37.8752],[-87.7236,37.8921],[-87.6816,37.8559],[-87.6259,37.8519],[-87.6085,37.8988],[-87.5513,37.9254],[-87.4863,37.9202],[-87.4186,37.9448],[-87.2552,37.8673],[-87.1801,37.8414],[-87.1375,37.8073],[-87.1056,37.7676],[-87.0578,37.8275],[-87.043,37.875],[-87.0103,37.9197],[-86.9277,37.935],[-86.8759,37.9708],[-86.8109,37.9972],[-86.7222,37.8926],[-86.6152,37.8529],[-86.5998,37.9068],[-86.5094,37.9029],[-86.5252,37.9682],[-86.5218,38.0383],[-86.4719,38.0462],[-86.3872,38.1246],[-86.3213,38.1474],[-86.2534,38.2914],[-86.255,38.4227],[-86.3087,38.4229],[-86.3087,38.6881],[-86.6831,38.6866],[-86.6856,39.336],[-86.6308,39.3469],[-86.6322,39.4702],[-87.0145,39.4736],[-87.0095,39.8667],[-87.0915,39.8673],[-87.0921,40.039],[-87.2054,40.0538],[-87.2051,40.1857],[-87.3574,40.193],[-87.4067,40.1275],[-87.4904,40.1274],[-87.531,40.148],[-87.5316,39.3479],[-87.5783,39.3403],[-87.6004,39.3129],[-87.5935,39.2475],[-87.577,39.2111],[-87.6404,39.1667],[-87.6254,39.1018],[-87.5726,39.0573],[-87.5791,39.0016],[-87.5295,38.9719],[-87.5276,38.9077],[-87.5474,38.8756],[-87.5217,38.8266],[-87.4989,38.7578],[-87.5455,38.6776],[-87.6201,38.6395],[-87.6607,38.5411],[-87.6542,38.5119],[-87.714,38.4799],[-87.78,38.3708],[-87.832,38.3072],[-87.969,38.2374],[-87.9758,38.1978],[-87.9275,38.1519],[-87.9888,38.0556],[-88.0309,38.0307],[-88.0163,37.9616],[-88.0409,37.8918],[-88.0595,37.8667]]]},"properties":{"GEOID":"1808","BASENAME":"8","NAME":"Congressional District 8","STATE":"18","CD119":"08"}},{"type":"Feature","geometry":{"type":"Polygon","coordinates":[[[-77.8551,37.4184],[-77.8772,37.3652],[-77.7586,37.2687],[-77.6506,37.2651],[-77.6133,37.2709],[-77.5721,37.2371],[-77.553,37.3246],[-77.6315,37.3394],[-77.5748,37.387],[-77.6303,37.4238],[-77.5285,37.5255],[-77.5968,37.5347],[-77.5955,37.5558],[-77.5298,37.5592],[-77.5118,37.5818],[-77.5314,37.6492],[-77.4214,37.6417],[-77.4038,37.6052],[-77.2213,37.5333],[-77.1773,37.4906],[-77.0958,37.4403],[-76.9041,37.4038],[-76.9045,37.3777],[-76.8744,37.3654],[-76.8832,37.2231],[-76.7603,37.1768],[-76.6524,37.1988],[-76.6416,37.1538],[-76.5812,37.1825],[-76.5913,37.2132],[-76.5652,37.2205],[-76.4377,37.094],[-76.3837,37.1116],[-76.2931,37.1142],[-76.3431,37.1866],[-76.3941,37.2251],[-76.3623,37.2702],[-76.4375,37.3797],[-76.394,37.3959],[-76.2756,37.31],[-76.2485,37.3751],[-76.2505,37.4219],[-76.298,37.5576],[-76.2794,37.6182],[-76.3291,37.671],[-76.3129,37.7203],[-76.3103,37.7948],[-76.2514,37.8331],[-76.2367,37.8892],[-76.292,37.9231],[-76.4275,37.977],[-76.492,38.0172],[-76.5359,38.0695],[-76.6009,38.1101],[-76.6139,38.1486],[-76.8388,38.1635],[-76.9623,38.2141],[-76.9578,38.2432],[-76.9969,38.2791],[-77.0445,38.2604],[-77.0617,38.1616],[-77.0738,38.1413],[-77.116,38.1499],[-77.1701,38.0795],[-77.0701,37.9648],[-77.1673,37.9639],[-77.1814,37.8917],[-77.241,37.9099],[-77.3452,37.7893],[-77.4045,37.7798],[-77.4078,37.8033],[-77.5745,37.7946],[-77.641,37.7646],[-77.6362,37.7065],[-77.6308,37.7057],[-77.6547,37.6383],[-77.6164,37.5776],[-77.6554,37.564],[-77.809,37.4262],[-77.8551,37.4184]]]},"properties":{"GEOID":"5101","BASENAME":"1","NAME":"Congressional District 1","STATE":"51","CD119":"01"}},{"type":"Feature","geometry":{"type":"Polygon","coordinates":[[[-99.2379,34.4267],[-99.1927,34.3549],[-99.2216,34.3254],[-99.2116,34.314],[-99.1895,34.2143],[-99.0588,34.2013],[-99.0029,34.2088],[-98.9402,34.2037],[-98.8722,34.1604],[-98.8068,34.1559],[-98.7372,34.131],[-98.6901,34.1332],[-98.6481,34.1644],[-98.5771,34.149],[-98.5282,34.095],[-98.4751,34.0643],[-98.4144,34.0851],[-98.3984,34.1285],[-98.364,34.1571],[-98.1691,34.1142],[-98.1234,34.1545],[-98.0993,34.1043],[-98.0991,34.0486],[-98.0828,34.0024],[-97.9476,33.9911],[-97.9512,33.8784],[-97.8658,33.8494],[-97.8035,33.8802],[-97.7598,33.9252],[-97.6718,33.9914],[-97.6091,33.9681],[-97.5962,33.9221],[-97.5583,33.8971],[-97.4865,33.917],[-97.4515,33.8709],[-97.4442,33.8238],[-97.3729,33.8195],[-97.3182,33.8651],[-97.2061,33.9143],[-97.1666,33.8473],[-97.2057,33.8098],[-97.1494,33.722],[-97.0911,33.7351],[-97.0786,33.8128],[-97.0558,33.8557],[-96.9856,33.8865],[-96.9887,33.9185],[-96.9523,33.9446],[-96.9343,33.9456],[-96.9348,34.0129],[-96.9696,34.071],[-96.9684,34.1727],[-96.9335,34.1727],[-96.9333,34.3326],[-96.881,34.333],[-96.8808,34.5061],[-96.5138,34.5054],[-96.5122,34.6801],[-96.4064,34.68],[-96.4061,34.9342],[-96.4908,34.9106],[-96.5286,34.8696],[-96.5771,34.9166],[-96.7109,34.9117],[-96.7276,34.8572],[-96.8135,34.9446],[-96.8854,34.9263],[-96.9306,34.9644],[-97.0159,34.9073],[-97.1423,34.9282],[-97.1421,35.3769],[-97.3355,35.3772],[-97.3356,35.4785],[-97.3546,35.4894],[-97.459,35.4689],[-97.4592,35.4208],[-97.4236,35.3773],[-97.6714,35.3772],[-97.6714,35.3359],[-97.9597,35.3459],[-98.096,35.3778],[-98.0931,34.855],[-98.826,34.8551],[-98.826,34.5944],[-99.0011,34.5944],[-99.001,34.6379],[-99.1031,34.638],[-99.0829,34.5909],[-99.1633,34.588],[-99.2379,34.4267]]]},"properties":{"GEOID":"4004","BASENAME":"4","NAME":"Congressional District 4","STATE":"40","CD119":"04"}},{"type":"Feature","geometry":{"type":"Polygon","coordinates":[[[-100.0133,29.7943],[-100.0142,29.6235],[-98.9838,29.6234],[-98.9714,29.5518],[-98.9272,29.5623],[-98.7788,29.7202],[-98.6526,29.7499],[-98.6461,29.7452],[-98.5505,29.7607],[-98.4435,29.7345],[-98.4501,29.6575],[-98.5549,29.5483],[-98.5484,29.5017],[-98.4643,29.517],[-98.49,29.4843],[-98.4466,29.4396],[-98.4274,29.5353],[-98.3135,29.6023],[-98.0963,29.6982],[-98.0152,29.8015],[-98.0187,29.8122],[-97.9853,29.8999],[-97.9356,29.8901],[-97.8757,29.967],[-97.8834,30.0465],[-97.8139,30.0991],[-97.9288,30.1817],[-97.853,30.2496],[-97.8107,30.2428],[-97.8664,30.3062],[-97.9084,30.3062],[-97.9188,30.2878],[-98.0108,30.2403],[-98.173,30.3563],[-98.1256,30.4262],[-98.4115,30.5021],[-99.304,30.4998],[-99.3017,30.2867],[-99.7541,30.2907],[-99.7576,30.0741],[-99.9676,30.0824],[-100.0133,29.7943]]]},"properties":{"GEOID":"4821","BASENAME":"21","NAME":"Congressional District 21","STATE":"48","CD119":"21"}},{"type":"Feature","geometry":{"type":"Polygon","coordinates":[[[-86.5775,33.802],[-86.5778,33.7653],[-86.5428,33.7652],[-86.5168,33.546],[-86.4819,33.5025],[-86.3782,33.5024],[-86.3787,33.391],[-86.3409,33.3531],[-86.3573,33.2969],[-86.458,33.2414],[-86.4843,33.1612],[-86.3111,33.1595],[-86.2791,33.1039],[-86.0109,33.1046],[-86.0139,32.8262],[-86.0072,32.755],[-85.8799,32.7545],[-85.8861,32.4931],[-85.7972,32.4942],[-85.7986,32.5811],[-85.6959,32.5959],[-85.4893,32.4969],[-85.4386,32.4971],[-85.434,32.4098],[-85.3301,32.4108],[-85.3338,32.4686],[-85.0593,32.4729],[-85.0011,32.5102],[-85.0071,32.5239],[-85.0698,32.5831],[-85.1143,32.7304],[-85.1844,32.8613],[-85.513,34.5239],[-85.577,34.4835],[-85.6366,34.3666],[-85.7742,34.2591],[-85.8438,34.2446],[-85.8436,34.2],[-86.1061,34.2008],[-86.1089,34.1863],[-86.2061,34.1726],[-86.3035,34.0991],[-86.3702,33.9398],[-86.3256,33.9401],[-86.3481,33.881],[-86.406,33.8359],[-86.5775,33.802]]]},"properties":{"GEOID":"0103","BASENAME":"3","NAME":"Congressional District 3","STATE":"01","CD119":"03"}},{"type":"Feature","geometry":{"type":"MultiPolygon","coordinates":[[[[-88.1844,30.837],[-88.2224,30.8331],[-88.1134,30.7793],[-88.0167,30.7811],[-88.0263,30.7534],[-88.0084,30.685],[-87.9311,30.6527],[-87.9017,30.5509],[-87.9334,30.4874],[-87.9141,30.4461],[-87.865,30.3835],[-87.7967,30.3242],[-87.8065,30.2798],[-87.8932,30.2392],[-87.8189,30.2283],[-87.6569,30.2497],[-87.5183,30.2804],[-87.4523,30.3441],[-87.4318,30.4032],[-87.3666,30.4366],[-87.4147,30.4573],[-87.4447,30.5075],[-87.4314,30.5503],[-87.4012,30.6044],[-87.4002,30.6572],[-87.4423,30.6927],[-87.5236,30.7383],[-87.5423,30.7675],[-87.6349,30.8659],[-87.5921,30.9515],[-87.5989,30.9974],[-85.8936,30.9935],[-85.0025,31.0007],[-85.0114,31.0535],[-85.0356,31.1082],[-85.1075,31.1865],[-85.1082,31.2586],[-85.0898,31.295],[-85.0925,31.3629],[-85.066,31.4314],[-85.0716,31.4684],[-85.0419,31.5447],[-85.058,31.5708],[-85.0582,31.6202],[-85.1255,31.695],[-85.1189,31.7327],[-85.1254,31.763],[-85.2161,31.7024],[-85.416,31.7067],[-85.4164,31.6195],[-86.1459,31.6177],[-86.1439,31.5377],[-86.1948,31.5299],[-86.194,31.4401],[-86.277,31.4556],[-86.2802,31.5285],[-86.3985,31.4513],[-86.3999,31.5271],[-86.7016,31.5239],[-86.6621,31.4028],[-86.7024,31.3454],[-86.7003,31.1922],[-86.7725,31.2022],[-86.764,31.2613],[-87.4275,31.2604],[-87.5593,31.2273],[-87.6159,31.2445],[-87.7143,31.3021],[-87.7652,31.2973],[-87.8035,31.319],[-87.7858,31.2829],[-87.9136,31.1874],[-87.9466,31.1929],[-87.9729,31.1627],[-88.0,31.1638],[-88.0226,31.1443],[-88.1969,31.144],[-88.1333,31.071],[-88.203,31.0486],[-88.1572,31.0098],[-88.183,30.9242],[-88.1433,30.9355],[-88.1844,30.837]]],[[[-88.415,30.7856],[-88.395,30.3694],[-88.364,30.388],[-88.3116,30.3689],[-88.2578,30.3189],[-88.1362,30.3207],[-88.1057,30.4019],[-88.1038,30.5009],[-88.0649,30.5883],[-88.062,30.6449],[-88.0094,30.6842],[-88.1624,30.6085],[-88.1899,30.5687],[-88.2269,30.6943],[-88.2606,30.7394],[-88.415,30.7856]]]]},"properties":{"GEOID":"0101","BASENAME":"1","NAME":"Congressional District 1","STATE":"01","CD119":"01"}},{"type":"Feature","geometry":{"type":"Polygon","coordinates":[[[-75.2573,39.8549],[-75.2671,39.8079],[-75.229,39.7581],[-75.0535,39.6775],[-74.9119,39.5785],[-74.7362,39.7298],[-74.8194,39.788],[-74.8949,39.7834],[-74.9307,39.8859],[-74.984,39.9274],[-74.9668,39.938],[-74.9685,39.9449],[-75.0054,39.973],[-75.0193,39.9674],[-75.0608,39.9917],[-75.1192,39.9654],[-75.1357,39.9471],[-75.1334,39.8962],[-75.183,39.882],[-75.221,39.8611],[-75.2573,39.8549]]]},"properties":{"GEOID":"3401","BASENAME":"1","NAME":"Congressional District 1","STATE":"34","CD119":"01"}},{"type":"Feature","geometry":{"type":"Polygon","coordinates":[[[-79.0561,40.2849],[-79.0737,40.2648],[-78.9768,40.2389],[-78.9334,40.2848],[-78.8847,40.2446],[-78.6583,40.2432],[-78.7632,40.057],[-78.7572,39.8235],[-78.8083,39.7231],[-76.9993,39.7201],[-76.9997,39.8313],[-76.9549,39.8569],[-76.9662,39.9352],[-77.0186,40.0139],[-77.1374,40.0699],[-77.1856,40.0295],[-77.3537,40.0033],[-77.4551,40.0989],[-77.4581,40.1751],[-77.332,40.2138],[-77.3228,40.2707],[-76.9742,40.3103],[-76.915,40.3285],[-77.0208,40.3662],[-76.9494,40.469],[-76.9924,40.5679],[-76.9399,40.6381],[-77.1095,40.6916],[-77.2879,40.6936],[-77.3541,40.7017],[-77.3642,40.8469],[-77.6813,40.7298],[-77.8249,40.7435],[-77.9443,40.6916],[-78.1457,40.7425],[-78.3606,40.7332],[-78.3487,40.7234],[-78.8017,40.7246],[-78.9738,40.3954],[-79.0561,40.2849]]]},"properties":{"GEOID":"4213","BASENAME":"13","NAME":"Congressional District 13","STATE":"42","CD119":"13"}},{"type":"Feature","geometry":{"type":"Polygon","coordinates":[[[-75.2373,39.9961],[-75.2765,39.977],[-75.2349,39.9375],[-75.2085,39.921],[-75.1343,39.9149],[-75.1355,39.9433],[-75.1656,39.9437],[-75.1394,40.0634],[-75.2236,40.0929],[-75.2644,40.0541],[-75.206,40.0117],[-75.2373,39.9961]]]},"properties":{"GEOID":"4203","BASENAME":"3","NAME":"Congressional District 3","STATE":"42","CD119":"03"}},{"type":"Feature","geometry":{"type":"Polygon","coordinates":[[[-77.4968,38.8872],[-77.4559,38.8118],[-77.2973,38.7763],[-77.3138,38.7669],[-77.3021,38.7527],[-77.3096,38.7409],[-77.3217,38.7461],[-77.3333,38.731],[-77.3467,38.7375],[-77.3591,38.7238],[-77.3323,38.7165],[-77.3261,38.702],[-77.2395,38.6665],[-77.1362,38.7844],[-77.2118,38.8035],[-77.2172,38.9101],[-77.2102,38.9315],[-77.18,38.9664],[-77.2498,38.9859],[-77.2484,39.0269],[-77.3107,39.052],[-77.33,39.056],[-77.4968,38.8872]]]},"properties":{"GEOID":"5111","BASENAME":"11","NAME":"Congressional District 11","STATE":"51","CD119":"11"}},{"type":"Feature","geometry":{"type":"Polygon","coordinates":[[[-112.2998,39.6471],[-112.3545,39.5537],[-112.212,39.554],[-112.1889,39.3294],[-112.016,39.3146],[-112.0141,39.0455],[-111.8534,39.0334],[-111.2994,39.0323],[-111.3009,39.4672],[-111.2477,39.4672],[-111.2475,39.813],[-110.8578,39.8133],[-110.8576,39.8997],[-111.0831,39.9001],[-111.0831,39.9432],[-111.2493,40.0552],[-111.2259,40.1677],[-111.3134,40.2873],[-111.4573,40.3007],[-111.5424,40.2612],[-111.493,40.166],[-111.7305,40.1593],[-111.7306,40.2567],[-111.7723,40.2801],[-111.7728,40.341],[-111.9133,40.4525],[-111.9039,40.6207],[-111.8655,40.6871],[-112.0247,40.6821],[-112.035,40.6312],[-112.1964,40.6293],[-112.1753,40.604],[-112.1729,40.4671],[-112.2123,40.4591],[-112.1755,40.3358],[-112.1797,40.2322],[-112.1469,40.1778],[-112.1798,40.0117],[-112.0535,39.8934],[-112.0898,39.7819],[-112.18,39.7574],[-112.2998,39.6471]]]},"properties":{"GEOID":"4904","BASENAME":"4","NAME":"Congressional District 4","STATE":"49","CD119":"04"}},{"type":"Feature","geometry":{"type":"Polygon","coordinates":[[[-84.487,43.7272],[-84.4887,43.4662],[-84.3699,43.466],[-84.3679,43.1285],[-83.9291,43.1328],[-83.9243,42.8167],[-83.894,42.7814],[-83.6865,42.7833],[-83.6894,42.8713],[-83.4534,42.8804],[-83.4607,43.2231],[-83.6111,43.2224],[-83.6223,43.2662],[-83.6958,43.2656],[-83.6994,43.6016],[-83.8179,43.6738],[-83.9095,43.6726],[-83.9477,43.7352],[-83.9294,43.7771],[-83.9106,43.8932],[-83.9013,43.9084],[-84.0448,43.9111],[-84.0454,43.997],[-84.1664,43.9969],[-84.1673,43.8259],[-84.3579,43.8283],[-84.3667,43.8136],[-84.368,43.7265],[-84.487,43.7272]]]},"properties":{"GEOID":"2608","BASENAME":"8","NAME":"Congressional District 8","STATE":"26","CD119":"08"}},{"type":"Feature","geometry":{"type":"Polygon","coordinates":[[[-118.323,34.0547],[-118.2398,34.0358],[-118.2397,34.0147],[-118.1462,34.0181],[-118.1276,34.008],[-118.1442,34.0335],[-118.1696,34.0443],[-118.1806,34.1412],[-118.2262,34.1498],[-118.2237,34.0819],[-118.323,34.0547]]]},"properties":{"GEOID":"0634","BASENAME":"34","NAME":"Congressional District 34","STATE":"06","CD119":"34"}},{"type":"Feature","geometry":{"type":"Polygon","coordinates":[[[-88.2522,41.4628],[-88.2441,41.2016],[-88.0118,41.2055],[-87.8348,41.1482],[-87.7801,41.2073],[-87.7817,41.2959],[-87.8425,41.2951],[-87.7859,41.354],[-87.7904,41.528],[-87.5261,41.731],[-87.5307,41.7482],[-87.5606,41.766],[-87.6115,41.8528],[-87.6156,41.7802],[-87.6442,41.758],[-87.693,41.7645],[-87.7239,41.7348],[-87.6682,41.7302],[-87.7928,41.5585],[-87.9094,41.5568],[-87.9119,41.6439],[-88.0277,41.6415],[-88.019,41.3804],[-88.1349,41.3782],[-88.1384,41.4647],[-88.2522,41.4628]]]},"properties":{"GEOID":"1701","BASENAME":"1","NAME":"Congressional District 1","STATE":"17","CD119":"01"}},{"type":"Feature","geometry":{"type":"Polygon","coordinates":[[[-117.419,34.1958],[-117.6111,34.109],[-117.4053,34.1067],[-117.4015,34.034],[-117.3754,34.0194],[-117.2961,34.0183],[-117.2694,34.0639],[-117.1214,34.0482],[-117.1036,34.1057],[-117.2437,34.1494],[-117.2873,34.2043],[-117.4263,34.2346],[-117.419,34.1958]]]},"properties":{"GEOID":"0633","BASENAME":"33","NAME":"Congressional District 33","STATE":"06","CD119":"33"}},{"type":"Feature","geometry":{"type":"Polygon","coordinates":[[[-81.7462,26.3169],[-81.7419,26.1091],[-81.6991,26.0634],[-81.7419,25.9527],[-81.7271,25.9072],[-81.6726,25.8567],[-81.6147,25.894],[-81.4423,25.8033],[-80.8731,25.8054],[-80.8274,25.762],[-80.417,25.7609],[-80.3531,25.7816],[-80.2562,25.7944],[-80.2038,25.7891],[-80.2486,25.8149],[-80.2919,25.8963],[-80.2788,25.971],[-80.295,25.9568],[-80.68,25.9569],[-80.68,25.9787],[-80.8729,25.9794],[-80.8797,26.2593],[-81.2682,26.2531],[-81.2719,26.4226],[-81.4335,26.4184],[-81.4347,26.4855],[-81.5638,26.5133],[-81.5622,26.4226],[-81.6595,26.4211],[-81.6579,26.3176],[-81.7462,26.3169]]]},"properties":{"GEOID":"1226","BASENAME":"26","NAME":"Congressional District 26","STATE":"12","CD119":"26"}},{"type":"Feature","geometry":{"type":"Polygon","coordinates":[[[-84.3478,33.9298],[-84.3481,33.8821],[-84.247,33.8464],[-84.252,33.7379],[-84.3215,33.6856],[-84.3021,33.6605],[-84.2495,33.6807],[-84.1158,33.6147],[-84.0237,33.7528],[-84.1584,33.8536],[-84.2077,33.8779],[-84.1013,33.917],[-84.0606,33.9605],[-84.0892,34.0326],[-84.1212,34.0343],[-84.2623,33.9874],[-84.2771,33.9576],[-84.3474,33.9681],[-84.3478,33.9298]]]},"properties":{"GEOID":"1304","BASENAME":"4","NAME":"Congressional District 4","STATE":"13","CD119":"04"}},{"type":"Feature","geometry":{"type":"Polygon","coordinates":[[[-84.4854,39.9185],[-84.4792,39.591],[-84.1142,39.5782],[-83.6702,39.5503],[-83.6472,39.773],[-83.7201,39.7799],[-83.7007,39.9477],[-83.821,39.9833],[-83.893,39.9443],[-83.9398,39.8434],[-84.0537,39.8507],[-84.051,39.8798],[-84.1572,39.886],[-84.1577,39.923],[-84.4854,39.9185]]]},"properties":{"GEOID":"3910","BASENAME":"10","NAME":"Congressional District 10","STATE":"39","CD119":"10"}},{"type":"Feature","geometry":{"type":"Polygon","coordinates":[[[-73.7688,40.6244],[-73.7506,40.5893],[-73.6409,40.5828],[-73.4849,40.5988],[-73.4842,40.7028],[-73.5532,40.7559],[-73.7303,40.7222],[-73.7688,40.6244]]]},"properties":{"GEOID":"3604","BASENAME":"4","NAME":"Congressional District 4","STATE":"36","CD119":"04"}},{"type":"Feature","geometry":{"type":"Polygon","coordinates":[[[-117.9852,33.8755],[-118.0173,33.8099],[-117.8975,33.7889],[-117.9214,33.7141],[-117.9194,33.6956],[-117.8433,33.7056],[-117.8304,33.8457],[-117.9852,33.8755]]]},"properties":{"GEOID":"0646","BASENAME":"46","NAME":"Congressional District 46","STATE":"06","CD119":"46"}},{"type":"Feature","geometry":{"type":"Polygon","coordinates":[[[-94.6083,38.9818],[-94.609,38.8472],[-94.2782,38.8351],[-94.2722,39.0214],[-94.3364,39.062],[-94.2815,39.1098],[-94.4195,39.1493],[-94.4616,39.1204],[-94.4841,39.145],[-94.492,39.3179],[-94.6008,39.3331],[-94.6019,39.1555],[-94.5919,39.155],[-94.6074,39.1134],[-94.6083,38.9818]]]},"properties":{"GEOID":"2905","BASENAME":"5","NAME":"Congressional District 5","STATE":"29","CD119":"05"}},{"type":"Feature","geometry":{"type":"Polygon","coordinates":[[[-118.4721,34.2573],[-118.536,34.1866],[-118.3613,34.1427],[-118.343,34.2066],[-118.3977,34.2733],[-118.2685,34.3005],[-118.2897,34.3948],[-118.3785,34.431],[-118.404,34.3297],[-118.5083,34.3339],[-118.4721,34.2573]]]},"properties":{"GEOID":"0629","BASENAME":"29","NAME":"Congressional District 29","STATE":"06","CD119":"29"}},{"type":"Feature","geometry":{"type":"Polygon","coordinates":[[[-82.2805,26.7893],[-82.2647,26.7568],[-82.2644,26.6985],[-82.2454,26.6011],[-82.1807,26.4763],[-82.1267,26.4363],[-82.075,26.4221],[-82.0139,26.4521],[-81.9566,26.4524],[-81.9236,26.4367],[-81.8446,26.3277],[-81.8088,26.1522],[-81.7419,25.9527],[-81.6991,26.0634],[-81.7419,26.1091],[-81.7462,26.3169],[-81.6579,26.3176],[-81.6595,26.4211],[-81.5622,26.4226],[-81.5642,26.5425],[-81.6783,26.5664],[-81.6824,26.6171],[-81.8248,26.6632],[-81.882,26.657],[-81.9313,26.7701],[-82.2056,26.7705],[-82.2805,26.7893]]]},"properties":{"GEOID":"1219","BASENAME":"19","NAME":"Congressional District 19","STATE":"12","CD119":"19"}},{"type":"Feature","geometry":{"type":"Polygon","coordinates":[[[-122.348,47.3823],[-122.4373,47.3337],[-122.3349,47.2574],[-122.2295,47.2576],[-122.1871,47.3226],[-122.1642,47.4777],[-122.0965,47.6023],[-122.1324,47.617],[-122.3208,47.6112],[-122.3116,47.4886],[-122.348,47.3823]]]},"properties":{"GEOID":"5309","BASENAME":"9","NAME":"Congressional District 9","STATE":"53","CD119":"09"}},{"type":"Feature","geometry":{"type":"Polygon","coordinates":[[[-112.1479,33.3046],[-112.1331,33.2903],[-111.8936,33.2911],[-111.8244,33.2826],[-111.8411,33.3788],[-111.6881,33.3793],[-111.6364,33.4165],[-111.6839,33.4808],[-111.684,33.4999],[-111.8562,33.4367],[-111.9814,33.4511],[-111.957,33.3564],[-112.1479,33.3046]]]},"properties":{"GEOID":"0404","BASENAME":"4","NAME":"Congressional District 4","STATE":"04","CD119":"04"}},{"type":"Feature","geometry":{"type":"Polygon","coordinates":[[[-118.1442,34.0335],[-118.1276,34.008],[-118.1377,33.966],[-118.1082,33.8869],[-118.0465,33.8877],[-118.0288,33.8733],[-117.9766,33.9064],[-117.9303,33.9112],[-117.933,33.9246],[-117.92,33.9246],[-117.92,33.9461],[-117.7831,33.9463],[-117.8024,33.9683],[-117.7677,34.0235],[-117.825,34.0343],[-117.8261,34.0624],[-117.8889,34.0435],[-117.912,33.9894],[-118.0035,34.031],[-118.0557,34.0111],[-118.0703,34.0572],[-118.0779,34.0356],[-118.1442,34.0335]]]},"properties":{"GEOID":"0638","BASENAME":"38","NAME":"Congressional District 38","STATE":"06","CD119":"38"}},{"type":"Feature","geometry":{"type":"Polygon","coordinates":[[[-88.4687,31.8939],[-88.4636,31.6979],[-88.0883,31.6993],[-88.0722,31.5945],[-88.0313,31.5605],[-87.905,31.5029],[-87.832,31.527],[-87.819,31.593],[-87.7217,31.5955],[-87.6606,31.6643],[-87.5664,31.658],[-87.567,31.7077],[-87.5601,31.7112],[-87.5672,31.7359],[-87.5503,31.7479],[-87.5306,31.7496],[-87.5515,31.8277],[-86.9069,31.8306],[-86.9089,31.9617],[-86.405,31.9638],[-86.4088,32.2443],[-86.4848,32.2764],[-86.4968,32.3444],[-86.6534,32.3972],[-86.7814,32.3925],[-86.8161,32.31],[-86.8149,32.3408],[-86.9064,32.5367],[-86.9176,32.6642],[-87.0177,32.6633],[-87.0192,32.837],[-87.3192,32.8315],[-87.3195,32.8751],[-87.4212,32.8745],[-87.4219,33.0034],[-87.3185,33.0062],[-87.2819,33.1331],[-87.1993,33.1307],[-87.1992,33.1966],[-87.0657,33.2469],[-87.0268,33.2465],[-86.8825,33.333],[-86.8307,33.332],[-86.8423,33.4159],[-86.7932,33.4888],[-86.6797,33.5492],[-86.6514,33.6006],[-86.7184,33.6601],[-86.7814,33.6304],[-86.8746,33.6299],[-86.9503,33.669],[-86.9649,33.7112],[-87.0398,33.6875],[-87.0927,33.6279],[-87.1794,33.6138],[-87.1858,33.5559],[-87.2711,33.5299],[-87.2672,33.4972],[-87.3417,33.4705],[-87.3864,33.4268],[-87.4165,33.3325],[-87.3927,33.2892],[-87.4609,33.2531],[-87.463,33.2141],[-87.5216,33.2265],[-87.6261,33.1812],[-87.5436,33.1167],[-87.638,33.0401],[-87.6279,33.0126],[-87.8321,33.0176],[-87.839,33.094],[-87.8407,33.5248],[-88.2745,33.534],[-88.4687,31.8939]]]},"properties":{"GEOID":"0107","BASENAME":"7","NAME":"Congressional District 7","STATE":"01","CD119":"07"}},{"type":"Feature","geometry":{"type":"Polygon","coordinates":[[[-114.0429,35.7247],[-113.9865,35.7086],[-113.9199,35.6207],[-113.8311,35.6069],[-113.8298,35.6696],[-113.7843,35.6546],[-113.6204,35.4945],[-113.3341,35.5084],[-113.3333,34.0],[-112.744,33.9999],[-112.2762,33.8825],[-112.1611,34.0177],[-111.9962,34.0299],[-111.7263,34.0],[-111.495,34.0],[-111.4333,33.9833],[-111.4509,33.9199],[-111.3723,33.8239],[-111.3894,33.7767],[-111.2628,33.6232],[-111.2221,33.6024],[-111.1534,33.6776],[-111.04,33.466],[-111.4768,33.4659],[-111.4769,33.3654],[-111.4085,33.3088],[-111.5187,33.2927],[-111.4661,33.1535],[-111.4861,33.1184],[-111.686,33.1177],[-111.6859,33.2046],[-111.8931,33.2047],[-111.8936,33.2911],[-112.1331,33.2903],[-112.2349,33.389],[-112.3061,33.3806],[-112.3062,33.2469],[-112.2021,33.2469],[-112.203,32.9928],[-112.0499,32.971],[-112.0493,32.8793],[-111.8776,32.8722],[-111.809,32.9122],[-111.6536,32.8943],[-111.5677,32.8358],[-111.5153,32.8359],[-111.5152,32.7778],[-111.498,32.8504],[-111.3615,32.8497],[-111.3613,32.7629],[-111.2596,32.7626],[-111.161,32.7735],[-110.4485,32.7712],[-110.4494,32.9874],[-110.3951,33.0066],[-110.2304,32.9895],[-110.1367,32.9584],[-110.0548,32.8751],[-110.0554,33.3045],[-110.0224,33.2455],[-109.9579,33.2322],[-109.9259,33.1702],[-109.833,33.1579],[-109.767,33.123],[-109.7603,33.0712],[-109.6649,33.0146],[-109.5937,33.0165],[-109.4957,33.0784],[-109.4954,33.6527],[-109.4801,33.6914],[-109.3646,33.7388],[-109.3486,33.7781],[-109.0466,33.7774],[-109.0452,36.9991],[-112.8295,37.0004],[-112.8274,36.832],[-112.6004,36.8319],[-112.6387,36.6745],[-112.6209,36.5959],[-112.6601,36.5436],[-112.623,36.4747],[-112.6295,36.3919],[-112.6816,36.3417],[-112.724,36.346],[-112.7924,36.285],[-112.865,36.2824],[-112.9029,36.2538],[-113.009,36.239],[-113.1371,36.1664],[-113.1968,36.1529],[-113.2249,36.0911],[-113.32,36.0968],[-113.3542,36.0404],[-113.3171,35.9614],[-113.3348,35.9139],[-113.3105,35.8644],[-113.334,35.803],[-113.3839,35.7546],[-113.511,35.7663],[-113.6059,35.8495],[-113.6474,35.8239],[-113.708,35.8796],[-113.7148,35.9297],[-113.7692,35.9727],[-113.8089,36.0474],[-113.8695,36.0547],[-113.9035,36.0928],[-113.9048,35.8199],[-114.0429,35.7247]]]},"properties":{"GEOID":"0402","BASENAME":"2","NAME":"Congressional District 2","STATE":"04","CD119":"02"}},{"type":"Feature","geometry":{"type":"Polygon","coordinates":[[[-107.4288,40.5422],[-107.4394,40.2234],[-107.0381,40.2254],[-107.034,39.9189],[-107.1137,39.9191],[-107.1139,39.6249],[-106.9755,39.654],[-106.94,39.5799],[-106.9396,39.6345],[-106.8894,39.6243],[-106.8146,39.6577],[-106.7353,39.651],[-106.7602,39.5932],[-106.753,39.4977],[-106.6936,39.4514],[-106.6464,39.4642],[-106.5611,39.4298],[-106.5092,39.3623],[-106.2838,39.3495],[-106.2067,39.3796],[-106.1355,39.3795],[-106.022,39.3617],[-105.9668,39.438],[-105.8176,39.5383],[-105.8297,39.5649],[-105.3989,39.5661],[-105.3979,39.8409],[-105.2761,39.8434],[-105.2389,39.9144],[-105.1471,39.9139],[-105.1219,39.9542],[-105.1094,39.9259],[-105.1132,39.9328],[-105.072,39.9577],[-105.0826,39.9593],[-105.0585,39.9743],[-105.0528,40.0003],[-104.9896,40.0077],[-104.9785,40.0439],[-105.0416,40.0878],[-104.9987,40.1571],[-105.0551,40.2328],[-105.0551,40.2618],[-105.1025,40.2614],[-105.1356,40.3487],[-105.0973,40.3495],[-105.1595,40.3974],[-105.1331,40.451],[-104.9921,40.4647],[-104.9442,40.5081],[-104.9441,40.5881],[-104.9962,40.5814],[-105.0007,40.6535],[-105.0683,40.6641],[-105.0761,40.7982],[-104.9875,40.7779],[-104.9431,40.9034],[-104.9434,40.9981],[-107.3178,41.0028],[-107.3142,40.6003],[-107.4288,40.5422]]]},"properties":{"GEOID":"0802","BASENAME":"2","NAME":"Congressional District 2","STATE":"08","CD119":"02"}},{"type":"Feature","geometry":{"type":"Polygon","coordinates":[[[-71.1912,42.283],[-71.1466,42.2558],[-71.1308,42.2279],[-71.0351,42.1356],[-71.0191,42.1869],[-71.0473,42.1946],[-71.0495,42.2067],[-71.083,42.2046],[-71.0766,42.2211],[-71.0934,42.239],[-71.0935,42.2569],[-71.0681,42.271],[-71.0497,42.3543],[-71.0875,42.3556],[-71.0641,42.369],[-70.9831,42.3435],[-70.9749,42.3558],[-70.983,42.424],[-71.1564,42.3959],[-71.1169,42.3642],[-71.1676,42.3601],[-71.1569,42.3302],[-71.1912,42.283]]]},"properties":{"GEOID":"2507","BASENAME":"7","NAME":"Congressional District 7","STATE":"25","CD119":"07"}},{"type":"Feature","geometry":{"type":"Polygon","coordinates":[[[-82.2211,40.6674],[-82.2204,40.5945],[-81.8492,40.5952],[-81.7842,40.6679],[-81.6489,40.6678],[-81.6477,40.9886],[-81.6885,40.9886],[-81.685,41.2771],[-81.5651,41.2778],[-81.5981,41.3512],[-81.3917,41.3483],[-81.3918,41.4243],[-81.4883,41.4243],[-81.4946,41.3726],[-81.6249,41.415],[-81.7344,41.4186],[-81.7386,41.4625],[-81.7695,41.4184],[-81.8751,41.3906],[-81.8159,41.4663],[-81.8439,41.4946],[-81.9379,41.4914],[-81.9685,41.5039],[-81.9713,41.3513],[-81.877,41.3507],[-81.8781,41.275],[-81.9725,41.2748],[-81.9739,41.1998],[-82.0725,41.1998],[-82.0743,41.1365],[-82.1699,41.1371],[-82.1734,40.992],[-82.1293,40.9918],[-82.1262,40.6684],[-82.2211,40.6674]]]},"properties":{"GEOID":"3907","BASENAME":"7","NAME":"Congressional District 7","STATE":"39","CD119":"07"}},{"type":"Feature","geometry":{"type":"Polygon","coordinates":[[[-81.6921,30.1447],[-81.6802,30.1212],[-81.6889,30.0286],[-81.601,29.956],[-81.5835,29.8446],[-81.3949,29.8614],[-81.3397,29.8171],[-81.2766,29.841],[-81.2619,29.8221],[-81.2704,29.8831],[-81.289,29.9152],[-81.3964,30.34],[-81.4025,30.4001],[-81.6068,30.3639],[-81.6841,30.2832],[-81.6796,30.1905],[-81.6921,30.1447]]]},"properties":{"GEOID":"1205","BASENAME":"5","NAME":"Congressional District 5","STATE":"12","CD119":"05"}},{"type":"Feature","geometry":{"type":"Polygon","coordinates":[[[-80.6774,27.1216],[-80.8856,26.9589],[-80.5802,26.9579],[-80.564,26.9288],[-80.4116,26.7947],[-80.3633,26.7104],[-80.308,26.7377],[-80.2158,26.7357],[-80.2009,26.7093],[-80.1004,26.7067],[-80.1316,26.7957],[-80.0918,26.7702],[-80.0434,26.8045],[-80.0322,26.7686],[-80.0463,26.8592],[-80.1168,27.0724],[-80.1386,27.1115],[-80.1534,27.1693],[-80.2537,27.3798],[-80.3167,27.5573],[-80.6797,27.5587],[-80.6774,27.1216]]]},"properties":{"GEOID":"1221","BASENAME":"21","NAME":"Congressional District 21","STATE":"12","CD119":"21"}},{"type":"Feature","geometry":{"type":"Polygon","coordinates":[[[-95.5968,30.1345],[-95.5746,30.1518],[-95.574,30.1301],[-95.5049,30.1402],[-95.4739,30.0485],[-95.4983,29.9879],[-95.4613,30.0349],[-95.3187,30.0332],[-95.2124,29.9994],[-95.1872,29.8708],[-95.1276,29.8358],[-95.1488,29.7717],[-95.0097,29.7724],[-95.0029,29.8424],[-95.0616,29.8887],[-94.9859,29.973],[-95.0312,29.9933],[-95.1659,30.345],[-95.2266,30.3271],[-95.3195,30.3324],[-95.2989,30.2321],[-95.3994,30.3059],[-95.4588,30.2367],[-95.5537,30.2243],[-95.5968,30.1345]]]},"properties":{"GEOID":"4802","BASENAME":"2","NAME":"Congressional District 2","STATE":"48","CD119":"02"}},{"type":"Feature","geometry":{"type":"Polygon","coordinates":[[[-88.2635,42.059],[-88.2628,41.8156],[-88.1659,41.8304],[-88.1138,41.8147],[-88.103,41.8653],[-88.0381,41.9043],[-87.9203,41.9313],[-87.9202,41.9431],[-87.8494,41.9371],[-87.8255,41.911],[-87.6942,41.8957],[-87.6872,41.9103],[-87.7047,41.9758],[-87.7906,41.9528],[-87.9202,41.9718],[-87.939,41.9935],[-87.9704,41.993],[-88.1119,41.888],[-88.1822,41.9159],[-88.1842,41.9876],[-88.1451,41.9882],[-88.2247,42.015],[-88.2635,42.059]]]},"properties":{"GEOID":"1703","BASENAME":"3","NAME":"Congressional District 3","STATE":"17","CD119":"03"}},{"type":"Feature","geometry":{"type":"Polygon","coordinates":[[[-84.386,33.5581],[-84.3975,33.4857],[-84.3817,33.4633],[-84.3881,33.3525],[-84.3544,33.3525],[-84.3536,33.4362],[-84.2947,33.4357],[-84.2034,33.4519],[-84.2171,33.4823],[-84.1442,33.4912],[-84.0975,33.56],[-84.0497,33.5411],[-84.0445,33.5258],[-84.0321,33.5394],[-83.9521,33.5473],[-83.8911,33.5178],[-83.8231,33.5567],[-83.8041,33.6106],[-83.8352,33.6448],[-83.9313,33.6513],[-83.9135,33.7122],[-83.9148,33.7442],[-83.982,33.7861],[-83.8432,33.8948],[-83.8804,33.9069],[-83.9072,33.941],[-83.9166,33.9233],[-84.0606,33.9605],[-84.1013,33.917],[-84.2077,33.8779],[-84.1584,33.8536],[-84.0237,33.7528],[-84.1158,33.6147],[-84.2495,33.6807],[-84.3234,33.6477],[-84.2964,33.6475],[-84.3359,33.5525],[-84.386,33.5581]]]},"properties":{"GEOID":"1313","BASENAME":"13","NAME":"Congressional District 13","STATE":"13","CD119":"13"}},{"type":"Feature","geometry":{"type":"Polygon","coordinates":[[[-73.9972,40.6253],[-73.9765,40.5966],[-73.9066,40.6477],[-73.9641,40.6794],[-73.9972,40.6253]]]},"properties":{"GEOID":"3609","BASENAME":"9","NAME":"Congressional District 9","STATE":"36","CD119":"09"}},{"type":"Feature","geometry":{"type":"Polygon","coordinates":[[[-82.3134,35.1961],[-81.0429,35.1492],[-81.0368,35.1226],[-81.058,35.0732],[-81.0415,35.0447],[-80.935,35.1074],[-80.8405,35.0015],[-80.8045,35.0277],[-80.7927,35.0895],[-80.8765,35.06],[-80.9619,35.1386],[-80.9869,35.301],[-80.7643,35.4002],[-80.7522,35.4141],[-80.7842,35.506],[-80.9067,35.5148],[-80.9473,35.4885],[-80.9424,35.4551],[-80.9549,35.4001],[-81.4556,35.4198],[-81.5152,35.558],[-81.5376,35.5642],[-81.4329,35.6778],[-81.3638,35.7678],[-81.556,35.7775],[-81.7097,35.875],[-81.8072,35.962],[-81.8999,35.9999],[-81.9432,35.96],[-81.9067,35.8834],[-81.9869,35.8071],[-81.8694,35.7196],[-81.8241,35.575],[-81.8425,35.5423],[-81.9676,35.526],[-82.169,35.5278],[-82.2332,35.5194],[-82.2806,35.4431],[-82.2613,35.3932],[-82.1531,35.4081],[-82.0895,35.3597],[-82.0756,35.289],[-82.1938,35.2932],[-82.3134,35.1961]]]},"properties":{"GEOID":"3714","BASENAME":"14","NAME":"Congressional District 14","STATE":"37","CD119":"14"}},{"type":"Feature","geometry":{"type":"Polygon","coordinates":[[[-90.4825,38.764],[-90.4894,38.6867],[-90.3587,38.6534],[-90.3773,38.5761],[-90.3064,38.6336],[-90.3205,38.5942],[-90.2553,38.5309],[-90.1845,38.6116],[-90.1811,38.6596],[-90.2099,38.726],[-90.1664,38.7726],[-90.1177,38.8057],[-90.3213,38.8916],[-90.3737,38.8223],[-90.4361,38.8285],[-90.4825,38.764]]]},"properties":{"GEOID":"2901","BASENAME":"1","NAME":"Congressional District 1","STATE":"29","CD119":"01"}},{"type":"Feature","geometry":{"type":"Polygon","coordinates":[[[-97.8345,42.0898],[-97.8298,41.5262],[-97.7036,41.5268],[-97.7038,41.3949],[-97.5985,41.3951],[-97.5982,41.328],[-97.5605,41.1629],[-97.3681,41.163],[-97.3684,40.6986],[-96.9135,40.6979],[-96.9126,40.5236],[-96.4636,40.523],[-96.4638,40.784],[-95.8342,40.7838],[-95.8413,40.8456],[-95.8107,40.8867],[-95.8378,40.9247],[-95.8283,40.9724],[-95.8659,41.0174],[-95.8687,41.1247],[-95.8568,41.1871],[-96.1743,41.1906],[-96.1773,41.1501],[-96.0045,41.129],[-96.0052,41.0606],[-96.0563,41.0654],[-96.2189,40.9943],[-96.3192,41.045],[-96.3495,41.0152],[-96.4639,41.0161],[-96.4639,41.0451],[-96.9085,41.0461],[-96.9059,41.4534],[-96.5687,41.433],[-96.4707,41.3932],[-96.329,41.3931],[-96.4348,41.4949],[-96.4442,41.7418],[-96.5552,41.742],[-96.5555,42.09],[-97.8345,42.0898]]]},"properties":{"GEOID":"3101","BASENAME":"1","NAME":"Congressional District 1","STATE":"31","CD119":"01"}},{"type":"Feature","geometry":{"type":"Polygon","coordinates":[[[-71.5911,42.0135],[-71.6067,42.0131],[-71.5746,41.8587],[-71.4299,41.8613],[-71.3783,41.7553],[-71.331,41.687],[-71.3805,41.6503],[-71.4084,41.4725],[-71.4172,41.456],[-71.3893,41.4606],[-71.3511,41.4508],[-71.3127,41.4514],[-71.2856,41.4878],[-71.246,41.4813],[-71.193,41.4579],[-71.1206,41.4974],[-71.1375,41.6026],[-71.1329,41.6601],[-71.1956,41.6751],[-71.2614,41.7523],[-71.3294,41.7826],[-71.3396,41.832],[-71.3393,41.8934],[-71.3817,41.8932],[-71.3814,42.0188],[-71.5911,42.0135]]]},"properties":{"GEOID":"4401","BASENAME":"1","NAME":"Congressional District 1","STATE":"44","CD119":"01"}},{"type":"Feature","geometry":{"type":"Polygon","coordinates":[[[-93.2277,45.1245],[-93.2271,45.0499],[-93.2081,45.0357],[-93.2004,44.9096],[-93.1785,44.8883],[-93.096,44.9233],[-93.02,44.8908],[-92.8625,44.8911],[-92.7671,44.8615],[-92.7508,44.9416],[-92.7619,45.0225],[-92.8029,45.0654],[-92.7897,45.0756],[-92.8128,45.1002],[-92.8286,45.0756],[-92.8637,45.1236],[-93.2277,45.1245]]]},"properties":{"GEOID":"2704","BASENAME":"4","NAME":"Congressional District 4","STATE":"27","CD119":"04"}},{"type":"Feature","geometry":{"type":"Polygon","coordinates":[[[-96.91,32.9883],[-96.9399,32.9888],[-96.8646,32.9852],[-96.8036,32.9254],[-96.7858,32.9793],[-96.7342,32.9757],[-96.7769,32.9496],[-96.777,32.89],[-96.7268,32.906],[-96.7006,32.8642],[-96.7593,32.8834],[-96.7861,32.8221],[-96.68,32.7634],[-96.6305,32.6904],[-96.5753,32.7033],[-96.6741,32.7992],[-96.6409,32.9847],[-96.6134,32.9843],[-96.613,33.0098],[-96.6825,33.0437],[-96.7043,33.0376],[-96.7565,32.9863],[-96.8441,32.9874],[-96.8438,33.0113],[-96.8985,33.0042],[-96.91,32.9883]]]},"properties":{"GEOID":"4832","BASENAME":"32","NAME":"Congressional District 32","STATE":"48","CD119":"32"}},{"type":"Feature","geometry":{"type":"Polygon","coordinates":[[[-118.093,33.7861],[-118.1151,33.7438],[-117.9271,33.6055],[-117.8403,33.5735],[-117.7392,33.4934],[-117.7316,33.4941],[-117.721,33.5506],[-117.7372,33.5484],[-117.7538,33.6125],[-117.678,33.685],[-117.7517,33.7736],[-117.8433,33.7056],[-117.9194,33.6956],[-117.9214,33.7141],[-117.9801,33.6868],[-118.072,33.7876],[-118.093,33.7861]]]},"properties":{"GEOID":"0647","BASENAME":"47","NAME":"Congressional District 47","STATE":"06","CD119":"47"}},{"type":"Feature","geometry":{"type":"Polygon","coordinates":[[[-118.5173,34.0253],[-118.4606,33.9691],[-118.4127,33.8839],[-118.3943,33.8043],[-118.4284,33.7747],[-118.3966,33.7359],[-118.3547,33.7323],[-118.3333,33.7212],[-118.301,33.7577],[-118.3089,33.817],[-118.3515,33.8256],[-118.3787,33.9309],[-118.4465,33.952],[-118.3866,33.9767],[-118.4213,34.0591],[-118.3762,34.0596],[-118.3958,34.0911],[-118.3911,34.1124],[-118.5173,34.0253]]]},"properties":{"GEOID":"0636","BASENAME":"36","NAME":"Congressional District 36","STATE":"06","CD119":"36"}},{"type":"Feature","geometry":{"type":"Polygon","coordinates":[[[-109.06,38.5],[-109.0601,38.2755],[-109.0418,38.1647],[-109.0452,36.9991],[-106.8773,37.0001],[-106.8698,36.9924],[-103.0861,36.9999],[-103.0759,37.6434],[-103.4043,37.6436],[-103.3999,38.2654],[-103.5018,38.265],[-103.5094,38.1725],[-103.6193,38.1715],[-103.6192,38.1134],[-103.8356,38.1133],[-104.0582,38.1465],[-104.0539,38.5224],[-104.9415,38.5196],[-104.9404,38.2583],[-105.0492,38.258],[-105.0499,37.9155],[-105.1687,38.0189],[-105.2851,37.8994],[-105.3171,37.9389],[-105.4732,37.896],[-105.5839,37.9672],[-105.6763,38.1462],[-105.7969,38.265],[-105.9998,38.4236],[-106.0108,38.4466],[-106.0428,38.4583],[-106.0765,38.4237],[-106.2469,38.4228],[-106.3542,38.5334],[-106.3799,38.6385],[-106.4521,38.6988],[-106.4174,38.7257],[-106.407,38.8293],[-106.3261,38.911],[-106.465,38.9104],[-106.5542,38.9987],[-106.5992,38.998],[-106.578,39.0579],[-106.5613,39.1557],[-106.5086,39.1667],[-106.5024,39.2986],[-106.4265,39.3619],[-106.5092,39.3623],[-106.5611,39.4298],[-106.6464,39.4642],[-106.6936,39.4514],[-106.753,39.4977],[-106.7602,39.5932],[-106.7353,39.651],[-106.8146,39.6577],[-106.8894,39.6243],[-106.9396,39.6345],[-106.94,39.5799],[-106.9755,39.654],[-107.1139,39.6249],[-107.1137,39.9191],[-107.034,39.9189],[-107.0381,40.2254],[-107.4394,40.2234],[-107.4288,40.5422],[-107.3142,40.6003],[-107.3178,41.0028],[-109.0501,41.0007],[-109.0515,39.1261],[-109.06,38.5]]]},"properties":{"GEOID":"0803","BASENAME":"3","NAME":"Congressional District 3","STATE":"08","CD119":"03"}},{"type":"Feature","geometry":{"type":"Polygon","coordinates":[[[-77.1688,39.3535],[-77.1869,39.3393],[-77.1447,39.2947],[-77.0094,39.2067],[-76.9585,39.134],[-76.8885,39.131],[-76.8404,39.1031],[-76.7891,39.1265],[-76.777,39.1509],[-76.6855,39.102],[-76.5937,38.962],[-76.4743,38.9029],[-76.4503,38.9411],[-76.4651,38.9661],[-76.449,38.9828],[-76.402,39.0064],[-76.3999,39.0261],[-76.4255,39.0523],[-76.4287,39.1317],[-76.4731,39.1598],[-76.4868,39.1829],[-76.4788,39.1916],[-76.5295,39.2184],[-76.5501,39.1972],[-76.6186,39.2374],[-76.6342,39.2234],[-76.6971,39.2141],[-76.7284,39.2294],[-76.7936,39.3137],[-76.8823,39.3502],[-76.9698,39.364],[-76.9922,39.3598],[-76.9762,39.4215],[-77.1342,39.4317],[-77.1478,39.4181],[-77.1688,39.3535]]]},"properties":{"GEOID":"2403","BASENAME":"3","NAME":"Congressional District 3","STATE":"24","CD119":"03"}},{"type":"Feature","geometry":{"type":"Polygon","coordinates":[[[-122.2746,47.8642],[-122.3272,47.7777],[-122.271,47.7771],[-122.2297,47.6678],[-122.2637,47.6131],[-122.1324,47.617],[-122.0965,47.6023],[-122.0792,47.6823],[-122.1129,47.7759],[-122.0004,47.7754],[-122.0311,47.822],[-121.9378,47.8564],[-121.9461,47.9478],[-122.0002,47.9634],[-122.0129,48.0831],[-122.1085,48.1443],[-122.1097,48.2085],[-122.2015,48.1879],[-122.1907,47.8998],[-122.2746,47.8642]]]},"properties":{"GEOID":"5301","BASENAME":"1","NAME":"Congressional District 1","STATE":"53","CD119":"01"}},{"type":"Feature","geometry":{"type":"Polygon","coordinates":[[[-116.3541,43.6909],[-116.3544,43.5758],[-116.2456,43.5733],[-116.1451,43.5116],[-115.9749,43.365],[-115.9787,43.1134],[-116.2662,43.1123],[-116.1917,43.0825],[-116.2017,43.0489],[-116.1458,43.0134],[-115.965,42.9437],[-115.9357,43.0017],[-115.7918,42.9723],[-115.7715,42.9387],[-115.6229,42.9557],[-115.4415,42.9311],[-115.4542,42.7679],[-115.0377,42.7684],[-115.0381,41.9986],[-113.818,41.9886],[-112.648,42.0003],[-111.0467,42.0016],[-111.049,44.4741],[-111.1227,44.4937],[-111.1436,44.5357],[-111.2015,44.5757],[-111.2242,44.6234],[-111.3237,44.7245],[-111.385,44.7551],[-111.4388,44.7205],[-111.4688,44.6793],[-111.5191,44.5829],[-111.5628,44.5552],[-111.7042,44.5602],[-111.8079,44.5117],[-111.8705,44.564],[-112.1251,44.5285],[-112.2217,44.5435],[-112.2862,44.5685],[-112.3589,44.5288],[-112.3874,44.4481],[-112.4732,44.48],[-112.7078,44.503],[-112.7351,44.4992],[-112.8282,44.4425],[-112.8219,44.4074],[-112.8818,44.3803],[-112.9511,44.4167],[-113.0068,44.4717],[-113.0068,44.5184],[-113.0611,44.5773],[-113.0493,44.6294],[-113.1314,44.7647],[-113.2472,44.823],[-113.3015,44.799],[-113.3772,44.8349],[-113.4224,44.8426],[-113.4746,44.9108],[-113.449,44.9535],[-113.4377,45.007],[-113.452,45.0592],[-113.5108,45.0999],[-113.5747,45.1284],[-113.6501,45.2347],[-113.7356,45.3253],[-113.7324,45.3851],[-113.7634,45.4277],[-113.76,45.4807],[-113.8028,45.5232],[-113.8067,45.6021],[-113.8989,45.6442],[-113.9716,45.7006],[-114.0156,45.6961],[-114.015,45.654],[-114.0831,45.604],[-114.1865,45.5455],[-114.2518,45.5378],[-114.2792,45.4806],[-114.3685,45.4927],[-114.4568,45.544],[-114.5063,45.5592],[-114.5238,45.5853],[-114.6637,45.471],[-114.7938,45.5083],[-114.7932,45.4363],[-114.6039,45.2958],[-114.7323,45.1512],[-114.7233,44.8912],[-114.8124,44.8083],[-114.9561,44.721],[-115.0919,44.7667],[-115.1519,44.7286],[-115.168,44.6476],[-115.2812,44.6109],[-115.305,44.5799],[-115.2471,44.5197],[-115.2282,44.4235],[-115.2946,44.3394],[-115.179,44.2965],[-115.1677,44.2028],[-115.0242,44.1555],[-115.0436,44.0588],[-114.9908,43.9497],[-115.0675,43.9413],[-115.1362,43.9839],[-115.1819,44.0905],[-115.2305,44.0988],[-115.1971,44.069],[-115.2872,43.9355],[-115.5087,43.8849],[-115.5475,43.7927],[-115.5928,43.7983],[-115.6256,43.7283],[-115.6975,43.6654],[-115.7971,43.6386],[-115.8759,43.5913],[-115.9928,43.5951],[-116.2641,43.7957],[-116.3541,43.6909]]]},"properties":{"GEOID":"1602","BASENAME":"2","NAME":"Congressional District 2","STATE":"16","CD119":"02"}},{"type":"Feature","geometry":{"type":"Polygon","coordinates":[[[-121.557,37.7036],[-121.5567,37.5427],[-121.4719,37.4818],[-121.4097,37.382],[-121.4591,37.2827],[-121.4046,37.156],[-121.2823,37.1837],[-121.2268,37.1348],[-121.2459,36.983],[-121.2154,36.9612],[-121.2347,36.9269],[-121.1415,36.8367],[-120.9187,36.7404],[-120.5972,36.4882],[-120.5966,36.3285],[-120.6786,36.2673],[-120.6269,36.2032],[-120.6676,36.1381],[-120.4331,35.9689],[-120.3151,35.9072],[-119.9592,36.1814],[-119.9592,36.401],[-119.7542,36.402],[-119.6663,36.419],[-119.5732,36.4888],[-119.683,36.4893],[-119.6917,36.5471],[-119.773,36.5474],[-119.7728,36.6196],[-119.9524,36.648],[-119.9075,36.6628],[-119.97,36.735],[-119.9435,36.834],[-119.9061,36.8502],[-119.8938,36.9614],[-119.8448,36.9926],[-119.9084,37.0692],[-120.0745,37.0544],[-120.1423,37.1465],[-120.2412,37.1582],[-120.1151,37.1657],[-120.0521,37.1831],[-120.1776,37.2615],[-120.3877,37.6334],[-120.8156,37.467],[-120.9365,37.5743],[-120.9095,37.6612],[-121.0491,37.6458],[-121.1102,37.7301],[-121.151,37.7195],[-121.2929,37.7659],[-121.263,37.7989],[-121.2815,37.8585],[-121.3326,37.8083],[-121.4141,37.8032],[-121.3182,37.7643],[-121.4164,37.7104],[-121.4343,37.6585],[-121.557,37.7036]]]},"properties":{"GEOID":"0613","BASENAME":"13","NAME":"Congressional District 13","STATE":"06","CD119":"13"}},{"type":"Feature","geometry":{"type":"Polygon","coordinates":[[[-118.3866,33.9767],[-118.4465,33.952],[-118.3787,33.9309],[-118.3515,33.8256],[-118.3089,33.817],[-118.3091,33.8656],[-118.1799,33.8927],[-118.2286,33.9483],[-118.2559,33.9547],[-118.309,33.9382],[-118.3866,33.9767]]]},"properties":{"GEOID":"0643","BASENAME":"43","NAME":"Congressional District 43","STATE":"06","CD119":"43"}},{"type":"Feature","geometry":{"type":"Polygon","coordinates":[[[-76.7949,39.3564],[-76.7453,39.322],[-76.7284,39.2294],[-76.6971,39.2141],[-76.6342,39.2234],[-76.6186,39.2374],[-76.5501,39.1972],[-76.5295,39.2184],[-76.4788,39.1916],[-76.4701,39.2014],[-76.4302,39.2042],[-76.3843,39.2359],[-76.5143,39.3084],[-76.5297,39.3303],[-76.5298,39.3721],[-76.6098,39.3722],[-76.6148,39.3458],[-76.6252,39.3451],[-76.6255,39.3313],[-76.6401,39.3299],[-76.6512,39.3604],[-76.6635,39.3554],[-76.6782,39.372],[-76.7112,39.3544],[-76.7949,39.3564]]]},"properties":{"GEOID":"2407","BASENAME":"7","NAME":"Congressional District 7","STATE":"24","CD119":"07"}},{"type":"Feature","geometry":{"type":"Polygon","coordinates":[[[-74.0138,40.7566],[-74.0195,40.7453],[-73.9626,40.7227],[-73.9625,40.7368],[-73.9405,40.7675],[-73.9712,40.8163],[-74.0138,40.7566]]]},"properties":{"GEOID":"3612","BASENAME":"12","NAME":"Congressional District 12","STATE":"36","CD119":"12"}},{"type":"Feature","geometry":{"type":"Polygon","coordinates":[[[-96.8156,33.0651],[-96.8288,33.0281],[-96.7337,33.0266],[-96.7367,33.0801],[-96.6549,33.0728],[-96.6825,33.0437],[-96.613,33.0098],[-96.6134,32.9843],[-96.2972,32.9818],[-96.2972,32.898],[-96.128,32.9093],[-96.1125,32.9372],[-95.9684,32.9136],[-95.9453,32.9799],[-95.8625,32.9796],[-95.8587,33.4095],[-96.3845,33.3411],[-96.3846,33.3978],[-96.7273,33.4029],[-96.6801,33.2909],[-96.7923,33.2937],[-96.8116,33.2192],[-96.7328,33.2186],[-96.7332,33.1522],[-96.8034,33.1529],[-96.7335,33.101],[-96.7715,33.101],[-96.7703,33.0518],[-96.8156,33.0651]]]},"properties":{"GEOID":"4803","BASENAME":"3","NAME":"Congressional District 3","STATE":"48","CD119":"03"}},{"type":"Feature","geometry":{"type":"Polygon","coordinates":[[[-84.8041,40.3528],[-84.4346,40.3543],[-84.4555,40.364],[-84.4562,40.6849],[-84.3968,40.6849],[-84.3974,40.8159],[-84.3405,40.8591],[-84.1096,40.861],[-84.1095,40.9047],[-83.8804,40.9204],[-83.8801,40.8199],[-83.3995,40.8176],[-83.4199,40.7303],[-83.3047,40.702],[-82.7272,40.7112],[-82.7248,40.9956],[-82.4329,40.9929],[-82.4369,41.0654],[-82.1715,41.0635],[-82.1699,41.1371],[-82.0743,41.1365],[-82.0725,41.1998],[-81.9739,41.1998],[-81.9725,41.2748],[-81.8781,41.275],[-81.877,41.3507],[-81.9713,41.3513],[-81.9685,41.5039],[-81.9946,41.5144],[-82.1816,41.4716],[-82.2685,41.4308],[-82.348,41.4273],[-82.3423,41.2842],[-82.8415,41.29],[-82.8401,41.2553],[-83.4198,41.254],[-83.4146,41.515],[-83.6469,41.4779],[-83.6955,41.5218],[-83.7285,41.486],[-83.8543,41.4145],[-83.8832,41.4145],[-83.8829,41.4875],[-84.3419,41.4855],[-84.3417,41.4276],[-84.2285,41.4278],[-84.2282,41.1659],[-84.3416,41.1655],[-84.3416,41.209],[-84.4571,41.2094],[-84.4572,41.2535],[-84.8036,41.2526],[-84.8041,40.3528]]]},"properties":{"GEOID":"3905","BASENAME":"5","NAME":"Congressional District 5","STATE":"39","CD119":"05"}},{"type":"Feature","geometry":{"type":"Polygon","coordinates":[[[-84.5084,33.7396],[-84.5216,33.6558],[-84.458,33.6292],[-84.4587,33.5509],[-84.4377,33.5471],[-84.3975,33.4857],[-84.386,33.5581],[-84.3359,33.5525],[-84.2964,33.6475],[-84.3234,33.6477],[-84.3021,33.6605],[-84.3215,33.6856],[-84.252,33.7379],[-84.247,33.8464],[-84.3481,33.8821],[-84.3485,33.8251],[-84.4076,33.8203],[-84.5084,33.7396]]]},"properties":{"GEOID":"1305","BASENAME":"5","NAME":"Congressional District 5","STATE":"13","CD119":"05"}},{"type":"Feature","geometry":{"type":"Polygon","coordinates":[[[-97.4761,32.1735],[-97.486,32.0176],[-97.38,31.9727],[-97.4388,31.9335],[-97.3828,31.8708],[-97.2821,31.8432],[-97.3265,31.7884],[-97.2773,31.7455],[-97.0373,31.8631],[-96.9322,31.7089],[-96.7191,31.8149],[-96.4967,31.7962],[-96.4783,31.7695],[-96.3327,31.7408],[-96.281,31.6413],[-96.0541,31.6439],[-95.9553,31.671],[-95.7897,31.6488],[-95.7873,31.6184],[-95.7357,31.6538],[-95.7101,31.6156],[-95.7393,31.5041],[-95.6518,31.5418],[-95.2732,31.5929],[-95.1685,31.5837],[-95.1,31.5189],[-95.1014,31.4699],[-95.0033,31.4257],[-94.8659,31.5269],[-94.9242,31.5795],[-94.9781,31.7933],[-94.9375,31.8456],[-94.9848,31.8461],[-94.9853,32.138],[-95.4599,32.1356],[-95.4285,32.0845],[-96.0528,32.0059],[-96.1054,32.0753],[-96.1465,32.2117],[-96.197,32.2069],[-96.3829,32.3289],[-96.452,32.3454],[-96.4524,32.3587],[-96.4345,32.3887],[-96.5297,32.5453],[-97.0527,32.5488],[-97.0626,32.7061],[-97.0363,32.6932],[-97.0355,32.7395],[-96.993,32.7323],[-96.8806,32.8616],[-96.9589,32.896],[-96.9752,32.8555],[-97.0342,32.8167],[-97.0352,32.7597],[-97.1233,32.7212],[-97.0751,32.6412],[-97.177,32.5506],[-97.2328,32.5515],[-97.2408,32.4734],[-97.2999,32.4531],[-97.2705,32.2268],[-97.4661,32.1839],[-97.4761,32.1735]]]},"properties":{"GEOID":"4806","BASENAME":"6","NAME":"Congressional District 6","STATE":"48","CD119":"06"}},{"type":"Feature","geometry":{"type":"Polygon","coordinates":[[[-74.641,40.9632],[-74.6364,40.9426],[-74.5843,40.872],[-74.6308,40.805],[-74.5426,40.8017],[-74.5501,40.7473],[-74.5137,40.6978],[-74.4494,40.7174],[-74.4438,40.688],[-74.3717,40.7396],[-74.2972,40.7152],[-74.256,40.7134],[-74.3047,40.7579],[-74.2852,40.847],[-74.2202,40.8341],[-74.1898,40.7686],[-74.1483,40.7799],[-74.13,40.8199],[-74.197,40.8595],[-74.198,40.9565],[-74.282,40.9692],[-74.3,41.0031],[-74.447,41.0544],[-74.4978,41.0343],[-74.5032,41.0859],[-74.641,40.9632]]]},"properties":{"GEOID":"3411","BASENAME":"11","NAME":"Congressional District 11","STATE":"34","CD119":"11"}},{"type":"Feature","geometry":{"type":"Polygon","coordinates":[[[-117.8261,34.0624],[-117.825,34.0343],[-117.746,34.0201],[-117.7145,33.9589],[-117.6552,33.9241],[-117.6154,33.9242],[-117.6109,33.946],[-117.5489,33.9572],[-117.5502,34.0335],[-117.4015,34.034],[-117.4053,34.1067],[-117.6266,34.1061],[-117.6936,34.1216],[-117.7112,34.0795],[-117.7506,34.1096],[-117.7561,34.09],[-117.8261,34.0624]]]},"properties":{"GEOID":"0635","BASENAME":"35","NAME":"Congressional District 35","STATE":"06","CD119":"35"}},{"type":"Feature","geometry":{"type":"Polygon","coordinates":[[[-81.4981,28.6257],[-81.508,28.4745],[-81.474,28.4161],[-81.4048,28.4345],[-81.39,28.5147],[-81.2478,28.5101],[-81.2303,28.4515],[-81.0613,28.4521],[-81.0953,28.5487],[-81.0677,28.6127],[-81.3279,28.6105],[-81.3285,28.6396],[-81.458,28.6402],[-81.4981,28.6257]]]},"properties":{"GEOID":"1210","BASENAME":"10","NAME":"Congressional District 10","STATE":"12","CD119":"10"}},{"type":"Feature","geometry":{"type":"Polygon","coordinates":[[[-98.5394,29.4024],[-98.4903,29.3953],[-98.2237,29.4881],[-98.3338,29.5109],[-98.3041,29.5847],[-98.3109,29.5945],[-98.0909,29.6832],[-97.8753,29.8582],[-97.8992,29.8575],[-97.6494,30.0679],[-97.4913,30.2121],[-97.4863,30.2205],[-97.5546,30.2577],[-97.4774,30.3235],[-97.5171,30.3964],[-97.6205,30.4193],[-97.6708,30.3085],[-97.7239,30.2877],[-97.8135,30.0988],[-97.8834,30.0465],[-97.8757,29.967],[-97.9356,29.8901],[-97.9853,29.8999],[-98.0187,29.8122],[-98.0152,29.8015],[-98.0963,29.6982],[-98.3135,29.6023],[-98.4274,29.5353],[-98.4466,29.4396],[-98.49,29.4843],[-98.5394,29.4024]]]},"properties":{"GEOID":"4835","BASENAME":"35","NAME":"Congressional District 35","STATE":"48","CD119":"35"}},{"type":"Feature","geometry":{"type":"Polygon","coordinates":[[[-88.103,41.8653],[-88.1138,41.8147],[-88.0118,41.7292],[-87.9146,41.7239],[-87.9094,41.5568],[-87.7928,41.5585],[-87.6682,41.7302],[-87.7239,41.7348],[-87.7625,41.8001],[-87.9167,41.7802],[-87.9562,41.7886],[-87.9204,41.9068],[-87.9203,41.9313],[-88.0381,41.9043],[-88.103,41.8653]]]},"properties":{"GEOID":"1706","BASENAME":"6","NAME":"Congressional District 6","STATE":"17","CD119":"06"}},{"type":"Feature","geometry":{"type":"Polygon","coordinates":[[[-73.9381,40.8747],[-73.945,40.8622],[-73.9144,40.848],[-73.8804,40.8692],[-73.887,40.8825],[-73.9047,40.8852],[-73.9103,40.879],[-73.9349,40.8826],[-73.9381,40.8747]]]},"properties":{"GEOID":"3613","BASENAME":"13","NAME":"Congressional District 13","STATE":"36","CD119":"13"}},{"type":"Feature","geometry":{"type":"Polygon","coordinates":[[[-75.5298,40.4471],[-75.5693,40.3979],[-75.4754,40.3148],[-75.4293,40.3146],[-75.1428,40.1705],[-75.1069,40.1923],[-75.0151,40.138],[-74.9632,40.1167],[-74.9732,40.0463],[-74.9322,40.0684],[-74.8638,40.0822],[-74.8259,40.1239],[-74.7695,40.1291],[-74.7216,40.1538],[-74.7606,40.1989],[-74.8239,40.2415],[-74.946,40.3573],[-74.9696,40.3998],[-75.0248,40.4035],[-75.0561,40.4161],[-75.0706,40.4552],[-75.0622,40.4814],[-75.0785,40.5483],[-75.1367,40.5757],[-75.1867,40.5694],[-75.1892,40.6091],[-75.2582,40.582],[-75.4097,40.488],[-75.4839,40.4186],[-75.5298,40.4471]]]},"properties":{"GEOID":"4201","BASENAME":"1","NAME":"Congressional District 1","STATE":"42","CD119":"01"}},{"type":"Feature","geometry":{"type":"Polygon","coordinates":[[[-95.9606,30.1636],[-95.8302,29.8004],[-95.7522,29.8172],[-95.7357,29.7852],[-95.6448,29.7846],[-95.6538,29.9078],[-95.6198,29.9149],[-95.7011,29.9716],[-95.7696,29.9492],[-95.7552,30.0921],[-95.6232,30.1356],[-95.5968,30.1345],[-95.5537,30.2243],[-95.4588,30.2367],[-95.3994,30.3059],[-95.2989,30.2321],[-95.3195,30.3324],[-95.2266,30.3271],[-95.1659,30.345],[-94.8525,30.4829],[-94.8494,30.4936],[-94.5379,30.4911],[-94.658,31.012],[-94.5619,31.059],[-94.5737,31.0684],[-94.7386,31.1037],[-94.8429,31.1466],[-94.9391,31.042],[-95.2002,30.8246],[-95.2524,30.9067],[-95.3275,30.8595],[-95.3386,30.7378],[-95.5131,30.7056],[-95.5151,30.6677],[-95.5773,30.7183],[-95.8342,30.658],[-95.8043,30.2456],[-95.8033,30.0901],[-95.9606,30.1636]]]},"properties":{"GEOID":"4808","BASENAME":"8","NAME":"Congressional District 8","STATE":"48","CD119":"08"}},{"type":"Feature","geometry":{"type":"Polygon","coordinates":[[[-82.7618,35.0818],[-82.7497,35.0476],[-82.5715,35.0746],[-82.5939,35.0079],[-82.5379,35.0155],[-82.487,34.819],[-82.4609,34.7967],[-82.4551,34.7507],[-82.2269,34.6938],[-82.2378,34.7482],[-82.1652,34.7965],[-82.0046,34.6623],[-81.863,34.5802],[-81.8519,34.5948],[-81.7828,34.8372],[-81.7141,34.9129],[-81.7551,34.9303],[-81.7754,34.9895],[-81.8919,34.9808],[-82.0183,35.0609],[-82.046,35.0496],[-82.1275,35.1626],[-82.1059,35.1909],[-82.4113,35.2025],[-82.4556,35.1774],[-82.686,35.1245],[-82.7464,35.0791],[-82.7618,35.0818]]]},"properties":{"GEOID":"4504","BASENAME":"4","NAME":"Congressional District 4","STATE":"45","CD119":"04"}},{"type":"Feature","geometry":{"type":"Polygon","coordinates":[[[-112.317,33.7012],[-112.4603,33.6384],[-112.3077,33.6388],[-112.3068,33.5507],[-112.0996,33.5314],[-112.1146,33.6999],[-112.0257,33.6994],[-111.9954,33.7477],[-111.9962,34.0299],[-112.1611,34.0177],[-112.2762,33.8825],[-112.4279,33.9207],[-112.4471,33.7822],[-112.3948,33.7821],[-112.317,33.7012]]]},"properties":{"GEOID":"0408","BASENAME":"8","NAME":"Congressional District 8","STATE":"04","CD119":"08"}},{"type":"Feature","geometry":{"type":"Polygon","coordinates":[[[-122.2199,37.9836],[-122.2259,37.8796],[-122.1851,37.8374],[-122.1779,37.8163],[-122.0455,37.7981],[-121.9286,37.7097],[-121.9163,37.7163],[-121.9072,37.7021],[-121.8334,37.7012],[-121.8325,37.7237],[-121.8507,37.731],[-121.8507,37.7449],[-121.557,37.8165],[-121.5342,37.8499],[-121.5795,37.8611],[-121.625,37.8452],[-121.6781,37.8837],[-121.6779,37.9328],[-121.6126,37.94],[-121.6201,37.9767],[-121.5799,37.9761],[-121.5576,38.017],[-121.58,38.0944],[-121.6731,38.0935],[-121.7947,37.9795],[-121.9513,37.9871],[-122.0262,38.0245],[-122.131,38.0189],[-122.2199,37.9836]]]},"properties":{"GEOID":"0610","BASENAME":"10","NAME":"Congressional District 10","STATE":"06","CD119":"10"}},{"type":"Feature","geometry":{"type":"Polygon","coordinates":[[[-95.465,29.9646],[-95.48,29.9113],[-95.4218,29.8883],[-95.3599,29.7724],[-95.3093,29.9095],[-95.2369,29.907],[-95.2297,29.8243],[-95.3427,29.7411],[-95.3267,29.6955],[-95.2435,29.6408],[-95.3047,29.6209],[-95.2974,29.5965],[-95.1906,29.5915],[-95.1276,29.8358],[-95.1872,29.8708],[-95.2,29.9229],[-95.3972,29.9452],[-95.465,29.9646]]]},"properties":{"GEOID":"4829","BASENAME":"29","NAME":"Congressional District 29","STATE":"48","CD119":"29"}},{"type":"Feature","geometry":{"type":"Polygon","coordinates":[[[-97.2993,32.9913],[-97.3082,32.9752],[-97.2768,32.8395],[-97.1775,32.794],[-97.0613,32.8375],[-97.0339,32.8365],[-96.9587,32.9157],[-96.9739,32.9553],[-96.9383,32.9135],[-96.8707,32.9534],[-96.8541,32.8601],[-96.8147,32.8198],[-96.7861,32.8221],[-96.7593,32.8834],[-96.7006,32.8642],[-96.7268,32.906],[-96.777,32.89],[-96.7769,32.9496],[-96.7342,32.9757],[-96.7858,32.9793],[-96.8036,32.9254],[-96.8646,32.9852],[-97.2993,32.9913]]]},"properties":{"GEOID":"4824","BASENAME":"24","NAME":"Congressional District 24","STATE":"48","CD119":"24"}},{"type":"Feature","geometry":{"type":"Polygon","coordinates":[[[-93.7906,41.5119],[-93.7892,41.162],[-92.18,41.1627],[-92.1798,40.6005],[-91.7291,40.6136],[-91.6854,40.5789],[-91.671,40.5509],[-91.619,40.5391],[-91.6083,40.5],[-91.5191,40.4328],[-91.4981,40.4019],[-91.4194,40.3783],[-91.3729,40.3991],[-91.3799,40.4521],[-91.3679,40.5105],[-91.3945,40.5345],[-91.3743,40.5826],[-91.3397,40.6135],[-91.2479,40.6384],[-91.187,40.6373],[-91.1208,40.6728],[-91.1157,40.7252],[-91.0917,40.7797],[-91.093,40.8211],[-90.9855,40.9121],[-90.9522,40.954],[-90.9453,41.0193],[-90.9572,41.1111],[-90.9979,41.1626],[-91.0415,41.1661],[-91.1142,41.25],[-91.0716,41.3397],[-91.0651,41.3691],[-91.0278,41.4236],[-90.9667,41.4301],[-90.9243,41.4229],[-90.8673,41.4482],[-90.7012,41.4547],[-90.6185,41.485],[-90.5711,41.5163],[-90.4614,41.5235],[-90.4158,41.5629],[-90.3641,41.5796],[-90.3395,41.5986],[-90.3367,41.6645],[-90.3147,41.6948],[-90.3107,41.7422],[-90.1806,41.812],[-90.1814,41.8446],[-90.1651,41.8838],[-90.1406,41.996],[-90.1634,42.0404],[-90.1612,42.1064],[-90.2074,42.1491],[-90.3382,42.2033],[-90.4007,42.2393],[-90.4309,42.2782],[-90.4171,42.3199],[-90.4463,42.357],[-90.4843,42.3816],[-90.665,42.3822],[-90.6656,42.2947],[-91.3633,42.2964],[-91.3662,41.8601],[-92.2982,41.8628],[-92.2975,41.5098],[-92.7565,41.5088],[-92.7668,41.6014],[-92.766,41.8624],[-93.3479,41.8631],[-93.3487,41.601],[-93.3284,41.4908],[-93.3442,41.4819],[-93.4138,41.5074],[-93.7906,41.5119]]]},"properties":{"GEOID":"1901","BASENAME":"1","NAME":"Congressional District 1","STATE":"19","CD119":"01"}},{"type":"Feature","geometry":{"type":"Polygon","coordinates":[[[-94.6179,37.6822],[-94.6177,37.3642],[-94.0821,37.3493],[-94.0838,37.2909],[-93.6258,37.282],[-93.6212,37.4274],[-93.0734,37.415],[-93.0768,37.2706],[-92.9711,37.2682],[-92.9719,37.2335],[-92.6797,37.2424],[-92.6923,37.2635],[-92.6867,37.4815],[-92.2523,37.4729],[-92.2495,37.6045],[-92.0293,37.6025],[-92.0212,38.0106],[-92.516,38.0223],[-92.5697,38.0959],[-92.5968,38.1108],[-92.605,38.1577],[-92.6917,38.0902],[-92.7754,38.1899],[-92.749,38.2176],[-92.6959,38.222],[-92.6898,38.3485],[-92.6338,38.3481],[-92.6252,38.4308],[-92.8419,38.5968],[-92.8398,38.684],[-93.06,38.6931],[-93.0485,38.9724],[-92.9346,39.0645],[-92.8526,38.9822],[-92.5581,38.9707],[-92.5645,38.9928],[-92.2914,38.9463],[-92.1498,38.9543],[-92.1323,39.0602],[-92.1104,39.0642],[-92.1044,39.2398],[-92.4302,39.2488],[-92.7904,39.3436],[-92.8492,39.2262],[-92.9117,39.2239],[-92.9598,39.3125],[-93.0729,39.3355],[-93.1045,39.3837],[-93.2007,39.4018],[-93.2301,39.3279],[-93.3323,39.3096],[-93.3333,39.25],[-93.3991,39.2264],[-93.4772,39.2928],[-93.492,39.2235],[-93.6505,39.2482],[-93.7585,39.207],[-93.8401,39.2155],[-93.9889,39.1528],[-93.9801,39.2059],[-94.0242,39.1545],[-94.1048,39.1435],[-94.1068,39.0917],[-94.2012,39.065],[-94.3093,39.0919],[-94.3364,39.062],[-94.2722,39.0214],[-94.2782,38.8351],[-94.609,38.8472],[-94.6179,37.6822]]]},"properties":{"GEOID":"2904","BASENAME":"4","NAME":"Congressional District 4","STATE":"29","CD119":"04"}},{"type":"Feature","geometry":{"type":"Polygon","coordinates":[[[-89.5444,36.5745],[-89.5715,36.5381],[-89.5392,36.4979],[-89.2114,36.5056],[-88.0505,36.5001],[-88.0338,36.5517],[-88.0705,36.6781],[-87.8496,36.6637],[-87.8532,36.6332],[-86.6064,36.6521],[-86.5513,36.638],[-86.5078,36.6524],[-85.8739,36.6236],[-85.4884,36.615],[-85.2906,36.6264],[-84.9749,36.6146],[-84.9991,36.6242],[-85.0041,36.7562],[-85.0643,36.8587],[-84.9609,36.9163],[-84.9455,36.9597],[-84.8357,36.9976],[-84.9058,37.0472],[-84.9011,37.1163],[-84.7207,37.2383],[-84.7064,37.2995],[-84.7228,37.36],[-84.8508,37.4271],[-84.8474,37.5483],[-84.6579,37.6183],[-84.6523,37.6509],[-84.7449,37.7131],[-84.7936,37.7172],[-85.025,37.6789],[-85.0005,37.8547],[-85.0305,37.8915],[-85.0582,37.8952],[-85.0602,38.0023],[-84.967,38.0094],[-84.9188,38.0994],[-84.8649,38.1169],[-84.8648,38.1414],[-84.7252,38.1954],[-84.7406,38.3524],[-84.7934,38.3387],[-84.8705,38.3568],[-84.9063,38.3748],[-84.9977,38.3356],[-84.957,38.3323],[-84.9989,38.275],[-85.0237,38.1291],[-85.0478,38.0723],[-85.1694,37.9976],[-85.1528,37.8977],[-85.2043,37.8465],[-85.2543,37.8664],[-85.4505,37.6859],[-85.5213,37.5543],[-85.503,37.5491],[-85.4662,37.4656],[-85.4988,37.483],[-85.5835,37.4699],[-85.5852,37.4329],[-85.4781,37.3637],[-85.3528,37.1924],[-85.3803,37.1683],[-85.5269,37.1095],[-85.6323,37.1251],[-85.6865,37.1824],[-85.7442,37.1698],[-85.777,37.1383],[-85.7561,37.1098],[-85.7393,36.8415],[-85.7723,36.8363],[-85.9769,36.7227],[-86.07,36.8058],[-86.0666,36.9003],[-86.1064,36.8651],[-86.1667,36.934],[-86.2014,36.9353],[-86.4058,36.7762],[-86.4005,36.8072],[-86.5833,36.8303],[-86.6116,36.8831],[-86.6559,36.8763],[-86.6924,36.8399],[-86.7439,36.923],[-86.6688,36.9891],[-86.6745,36.9998],[-86.8454,37.0565],[-86.9764,37.0736],[-87.2503,37.0406],[-87.2594,37.0724],[-87.3343,37.1318],[-87.3273,37.14],[-87.387,37.2736],[-87.296,37.3918],[-87.3285,37.3985],[-87.3751,37.57],[-87.4827,37.6009],[-87.4953,37.6475],[-87.4728,37.6649],[-87.4085,37.6836],[-87.3941,37.724],[-87.2716,37.7801],[-87.3234,37.8192],[-87.3041,37.8934],[-87.4186,37.9448],[-87.4863,37.9202],[-87.5513,37.9254],[-87.6085,37.8988],[-87.6259,37.8519],[-87.6816,37.8559],[-87.7236,37.8921],[-87.808,37.8752],[-87.8725,37.921],[-87.9217,37.9079],[-87.9381,37.8707],[-87.9038,37.8178],[-87.9359,37.7897],[-87.9703,37.7819],[-88.028,37.7992],[-88.0596,37.7426],[-88.1323,37.6971],[-88.1601,37.6543],[-88.1316,37.573],[-88.0722,37.5288],[-88.0623,37.4878],[-88.1571,37.4669],[-88.2817,37.4526],[-88.3584,37.4049],[-88.4186,37.422],[-88.4659,37.4005],[-88.4869,37.3396],[-88.5147,37.2909],[-88.4248,37.1499],[-88.4446,37.0986],[-88.4761,37.0682],[-88.5316,37.0672],[-88.6114,37.1127],[-88.7531,37.1547],[-88.8351,37.1965],[-88.9317,37.2276],[-89.001,37.2244],[-89.058,37.1888],[-89.1681,37.0742],[-89.1289,37.0179],[-89.1329,36.9821],[-89.0988,36.9579],[-89.1205,36.8919],[-89.1477,36.8471],[-89.157,36.756],[-89.2025,36.7166],[-89.1655,36.6624],[-89.1991,36.6256],[-89.2273,36.5694],[-89.2789,36.5777],[-89.3247,36.624],[-89.3787,36.6223],[-89.4079,36.5623],[-89.5444,36.5745]]]},"properties":{"GEOID":"2101","BASENAME":"1","NAME":"Congressional District 1","STATE":"21","CD119":"01"}},{"type":"Feature","geometry":{"type":"Polygon","coordinates":[[[-87.4953,37.6475],[-87.4827,37.6009],[-87.3751,37.57],[-87.3285,37.3985],[-87.296,37.3918],[-87.387,37.2736],[-87.3273,37.14],[-87.3343,37.1318],[-87.2594,37.0724],[-87.2503,37.0406],[-86.9764,37.0736],[-86.8454,37.0565],[-86.6745,36.9998],[-86.6688,36.9891],[-86.7439,36.923],[-86.6924,36.8399],[-86.6559,36.8763],[-86.6116,36.8831],[-86.5833,36.8303],[-86.4005,36.8072],[-86.4058,36.7762],[-86.2014,36.9353],[-86.1667,36.934],[-86.1064,36.8651],[-86.0666,36.9003],[-86.07,36.8058],[-85.9769,36.7227],[-85.7723,36.8363],[-85.7393,36.8415],[-85.7561,37.1098],[-85.777,37.1383],[-85.7442,37.1698],[-85.6865,37.1824],[-85.6323,37.1251],[-85.5269,37.1095],[-85.3803,37.1683],[-85.3528,37.1924],[-85.4781,37.3637],[-85.5852,37.4329],[-85.5835,37.4699],[-85.4988,37.483],[-85.4662,37.4656],[-85.503,37.5491],[-85.5213,37.5543],[-85.4505,37.6859],[-85.4019,37.7305],[-85.4363,37.7265],[-85.449,37.8341],[-85.5854,37.9064],[-85.5299,37.9472],[-85.4892,37.9907],[-85.5169,38.0113],[-85.4288,38.1184],[-85.4049,38.2637],[-85.4763,38.2897],[-85.5772,38.0803],[-85.5671,38.0747],[-85.7126,38.0873],[-85.8828,38.0405],[-85.9383,37.9988],[-85.9517,38.0149],[-86.0334,37.9704],[-86.0958,38.0089],[-86.2064,38.0219],[-86.3213,38.1474],[-86.3872,38.1246],[-86.4719,38.0462],[-86.5218,38.0383],[-86.5252,37.9682],[-86.5094,37.9029],[-86.5998,37.9068],[-86.6152,37.8529],[-86.7222,37.8926],[-86.8109,37.9972],[-86.8759,37.9708],[-86.9277,37.935],[-87.0103,37.9197],[-87.043,37.875],[-87.0578,37.8275],[-87.1056,37.7676],[-87.1375,37.8073],[-87.1801,37.8414],[-87.2552,37.8673],[-87.3041,37.8934],[-87.3234,37.8192],[-87.2716,37.7801],[-87.3941,37.724],[-87.4085,37.6836],[-87.4728,37.6649],[-87.4953,37.6475]]]},"properties":{"GEOID":"2102","BASENAME":"2","NAME":"Congressional District 2","STATE":"21","CD119":"02"}},{"type":"Feature","geometry":{"type":"MultiPolygon","coordinates":[[[[-70.9873,43.793],[-70.9727,43.5703],[-70.9548,43.5098],[-70.9843,43.3761],[-70.8131,43.2173],[-70.8248,43.1797],[-70.8281,43.1291],[-70.7564,43.08],[-70.7038,43.0598],[-70.666,43.0762],[-70.5962,43.1635],[-70.5758,43.2219],[-70.5852,43.2701],[-70.5539,43.3219],[-70.5177,43.344],[-70.466,43.3402],[-70.4163,43.3611],[-70.384,43.4129],[-70.3273,43.4585],[-70.3856,43.487],[-70.3612,43.5292],[-70.3211,43.5273],[-70.2455,43.5396],[-70.2061,43.5576],[-70.2171,43.5967],[-70.1682,43.6751],[-70.096,43.6723],[-70.0713,43.7138],[-70.0013,43.7104],[-69.9837,43.7444],[-69.9156,43.7751],[-69.8622,43.759],[-69.8551,43.7047],[-69.8335,43.7013],[-69.8074,43.7281],[-69.7541,43.7439],[-69.7171,43.7924],[-69.5785,43.8233],[-69.5526,43.8413],[-69.5033,43.8377],[-69.3933,43.9564],[-69.3546,43.9178],[-69.321,43.8567],[-69.2799,43.8796],[-69.2428,43.9188],[-69.2129,43.9214],[-69.175,43.9769],[-69.077,43.9737],[-69.0439,44.0063],[-69.0681,44.0398],[-69.0319,44.079],[-69.0757,44.13],[-69.0545,44.1715],[-69.0402,44.2337],[-69.0211,44.2304],[-69.1216,44.2556],[-69.2689,44.3647],[-69.3466,44.3083],[-69.4096,44.328],[-69.5064,44.3429],[-69.4455,44.4638],[-69.3724,44.5446],[-69.4168,44.5511],[-69.3931,44.6404],[-69.4717,44.6929],[-69.4834,44.7203],[-69.6331,44.7004],[-69.5791,44.627],[-69.6655,44.5864],[-69.7199,44.5075],[-69.7288,44.378],[-69.6257,44.3618],[-69.6654,44.2276],[-69.7626,44.2238],[-69.7636,44.1532],[-69.855,44.1679],[-69.8,44.2425],[-69.9374,44.2677],[-70.0263,44.1338],[-70.0055,44.1245],[-70.0518,43.991],[-70.0342,43.9757],[-70.1159,43.9067],[-70.3154,44.0378],[-70.3639,43.9864],[-70.4801,44.0321],[-70.5815,44.0182],[-70.6038,44.0415],[-70.5873,44.1225],[-70.6245,44.171],[-70.8218,44.0771],[-70.8586,44.0952],[-70.8481,44.0495],[-70.7925,44.0401],[-70.7154,43.9618],[-70.8014,43.8555],[-70.783,43.8141],[-70.9707,43.785],[-70.9873,43.793]]],[[[-68.9353,44.1304],[-68.8741,44.0254],[-68.7796,44.0578],[-68.6694,44.0764],[-68.657,44.0038],[-68.6171,44.0101],[-68.5841,44.0716],[-68.5314,44.0899],[-68.5485,44.1297],[-68.7209,44.1153],[-68.8285,44.209],[-68.8964,44.2099],[-68.9104,44.18],[-68.8886,44.1596],[-68.9353,44.1304]]],[[[-68.924,43.8854],[-68.9444,43.8353],[-68.8885,43.8038],[-68.849,43.8498],[-68.8748,43.9047],[-68.924,43.8854]]]]},"properties":{"GEOID":"2301","BASENAME":"1","NAME":"Congressional District 1","STATE":"23","CD119":"01"}},{"type":"Feature","geometry":{"type":"Polygon","coordinates":[[[-79.0705,43.2625],[-79.0529,43.2221],[-79.0446,43.1533],[-79.0553,43.1338],[-78.7548,43.1333],[-78.6254,43.1515],[-78.6158,43.0741],[-78.4644,43.0887],[-78.4644,42.8674],[-78.4862,42.8573],[-78.4633,42.7805],[-78.4639,42.5364],[-78.4581,42.5192],[-77.8407,42.5178],[-77.8402,42.4746],[-77.723,42.4712],[-77.7261,42.404],[-77.5647,42.4549],[-77.4203,42.363],[-77.3016,42.3863],[-77.2602,42.4854],[-77.1439,42.4947],[-77.1072,42.4838],[-77.1049,42.3893],[-76.9833,42.3792],[-76.6866,42.3904],[-76.6967,42.5468],[-76.586,42.5499],[-76.6665,42.6235],[-76.7316,42.7207],[-76.7335,42.8942],[-76.5929,42.8952],[-76.5703,43.0115],[-76.4927,43.0153],[-76.4718,43.105],[-76.4792,43.2275],[-76.259,43.2375],[-76.2033,43.2715],[-76.0789,43.1995],[-75.9795,43.1774],[-75.9594,43.1804],[-75.9556,43.1722],[-75.9328,43.1766],[-75.8843,43.1556],[-75.8629,43.3193],[-75.8146,43.4836],[-75.7564,43.4704],[-75.787,43.7887],[-75.8509,43.7919],[-75.8404,43.8839],[-75.7586,43.8788],[-75.6036,43.9713],[-75.6965,44.055],[-75.8579,43.9849],[-75.8778,44.1747],[-75.7938,44.1399],[-75.6285,44.2991],[-75.8613,44.4051],[-75.9495,44.3491],[-76.001,44.3475],[-76.0974,44.2995],[-76.1618,44.2808],[-76.1643,44.2396],[-76.2068,44.2145],[-76.2865,44.2038],[-76.3346,44.1649],[-76.3557,44.1333],[-76.3707,44.1005],[-76.3618,44.0727],[-76.3756,44.0315],[-76.3077,44.0253],[-76.2793,43.9725],[-76.4121,43.9257],[-76.4418,43.8829],[-76.2968,43.8571],[-76.2293,43.8041],[-76.2132,43.7535],[-76.1966,43.6498],[-76.2035,43.575],[-76.2358,43.5293],[-76.3197,43.5123],[-76.3688,43.5258],[-76.4176,43.5213],[-76.6308,43.4134],[-76.6849,43.3527],[-76.769,43.3185],[-76.8417,43.3054],[-76.9522,43.2707],[-77.1304,43.2856],[-77.3761,43.274],[-77.3702,42.9127],[-77.432,42.8977],[-77.4773,42.9033],[-77.4827,42.9429],[-77.7591,42.9405],[-77.731,42.9884],[-77.9098,42.9878],[-77.951,43.0395],[-77.9059,43.1336],[-77.9973,43.133],[-77.9956,43.3653],[-78.1452,43.3755],[-78.5474,43.3695],[-78.8341,43.3176],[-79.0705,43.2625]]]},"properties":{"GEOID":"3624","BASENAME":"24","NAME":"Congressional District 24","STATE":"36","CD119":"24"}},{"type":"Feature","geometry":{"type":"Polygon","coordinates":[[[-104.0487,48.9999],[-104.0424,47.8033],[-104.0454,45.9453],[-96.5637,45.9352],[-96.5743,46.0165],[-96.5545,46.084],[-96.5957,46.2199],[-96.601,46.3196],[-96.6473,46.3585],[-96.7091,46.4353],[-96.7444,46.566],[-96.7905,46.6369],[-96.7888,46.7776],[-96.764,46.9125],[-96.8335,47.0101],[-96.8191,47.0812],[-96.8575,47.4405],[-96.8541,47.572],[-96.9285,47.7449],[-96.9964,47.8444],[-97.0374,47.9333],[-97.069,48.0263],[-97.1467,48.1686],[-97.1295,48.2578],[-97.1491,48.5323],[-97.1429,48.5837],[-97.1,48.6679],[-97.2279,48.9459],[-97.229,49.0007],[-104.0487,48.9999]]]},"properties":{"GEOID":"3800","BASENAME":"Congressional District (at Large)","NAME":"Congressional District (at Large)","STATE":"38","CD119":"00"}},{"type":"Feature","geometry":{"type":"Polygon","coordinates":[[[-90.905,30.3121],[-90.9214,30.2842],[-90.8853,30.1495],[-90.7596,30.1436],[-90.6421,30.1664],[-90.6319,30.2212],[-90.5541,30.1956],[-90.4858,30.277],[-90.3205,30.299],[-90.1606,30.2343],[-90.1563,30.1896],[-90.3266,30.1502],[-90.4742,30.0314],[-90.3507,29.9355],[-90.2795,29.968],[-90.2795,30.0068],[-90.2653,30.0226],[-90.2148,29.9265],[-90.1401,29.9479],[-90.1249,29.9758],[-90.073,30.0325],[-89.9189,30.0812],[-89.8803,30.0522],[-89.9454,29.9824],[-89.9298,29.9877],[-89.9563,29.94],[-89.9168,29.9104],[-89.9107,29.8679],[-89.959,29.9026],[-90.0081,29.8955],[-90.0686,29.8288],[-90.0757,29.7719],[-90.1091,29.8522],[-90.1732,29.8275],[-90.1693,29.8074],[-90.2282,29.692],[-90.3521,29.6955],[-90.372,29.7592],[-90.468,29.8035],[-90.5052,29.7665],[-90.6265,29.7498],[-90.5989,29.7001],[-90.7776,29.7203],[-90.6212,29.5992],[-90.3843,29.3658],[-90.4096,29.2396],[-90.4096,29.0584],[-90.3349,29.0638],[-90.2236,29.0851],[-90.0585,29.1837],[-89.8835,29.3071],[-89.8426,29.3188],[-89.6397,29.2905],[-89.6067,29.252],[-89.4828,29.2151],[-89.4329,29.149],[-89.3905,29.1236],[-89.3611,29.0718],[-89.4035,29.017],[-89.401,28.9338],[-89.322,29.0103],[-89.2594,29.0584],[-89.2187,29.0225],[-89.1429,28.9916],[-89.1488,29.0297],[-89.1165,29.0741],[-89.0666,29.0907],[-89.0143,29.1669],[-89.026,29.2152],[-89.1167,29.2195],[-89.1343,29.2793],[-89.2004,29.3444],[-89.2579,29.3369],[-89.3121,29.388],[-89.4823,29.4062],[-89.5321,29.4346],[-89.5696,29.494],[-89.5646,29.5438],[-89.6021,29.6103],[-89.5352,29.6486],[-89.5047,29.6315],[-89.404,29.6818],[-89.3992,29.7706],[-89.271,29.7564],[-89.2933,29.8031],[-89.2363,29.8771],[-89.2157,29.9935],[-89.1858,30.0639],[-89.1833,30.1493],[-89.2332,30.135],[-89.3422,30.0592],[-89.4446,30.061],[-89.4941,30.041],[-89.5744,29.9837],[-89.5981,29.8814],[-89.6471,29.8636],[-89.7017,29.8741],[-89.7443,29.9176],[-89.8526,29.9527],[-89.8451,30.0184],[-89.6837,30.076],[-89.657,30.1184],[-89.5245,30.1808],[-89.6077,30.2171],[-89.6342,30.3083],[-89.6785,30.414],[-89.7125,30.4775],[-89.7917,30.5515],[-89.8262,30.6688],[-89.9946,30.6653],[-90.2557,30.7124],[-90.2432,30.596],[-90.2443,30.5036],[-90.368,30.5073],[-90.4147,30.5636],[-90.4534,30.4789],[-90.6743,30.4747],[-90.673,30.4149],[-90.758,30.3767],[-90.7098,30.2925],[-90.7821,30.2748],[-90.8109,30.2757],[-90.8518,30.3319],[-90.905,30.3121]]]},"properties":{"GEOID":"2201","BASENAME":"1","NAME":"Congressional District 1","STATE":"22","CD119":"01"}},{"type":"Feature","geometry":{"type":"Polygon","coordinates":[[[-81.616,33.0893],[-81.502,33.0151],[-81.4996,32.9437],[-81.4206,32.8312],[-81.4127,32.7391],[-81.3938,32.6535],[-81.3971,32.6056],[-81.3288,32.5612],[-81.2749,32.5442],[-81.1948,32.4651],[-81.1949,32.4115],[-81.133,32.3348],[-81.128,32.2763],[-81.1535,32.2377],[-81.1194,32.1771],[-81.1133,32.1132],[-81.0383,32.0845],[-81.0067,32.1012],[-80.9432,32.0578],[-80.8855,32.0346],[-80.8674,32.0785],[-80.9615,32.1262],[-80.9984,32.1944],[-81.0064,32.3065],[-80.9966,32.3255],[-81.0182,32.3838],[-80.9825,32.3793],[-80.9479,32.3631],[-80.9502,32.3434],[-80.9288,32.3313],[-80.8295,32.4118],[-80.8315,32.5934],[-80.8697,32.6609],[-80.8263,32.7042],[-80.6681,32.6675],[-80.6831,32.6524],[-80.6364,32.6824],[-80.695,32.7518],[-80.5946,32.7613],[-80.4273,32.6252],[-80.3893,32.653],[-80.2857,32.6224],[-80.1019,32.7871],[-79.9168,32.7633],[-79.9151,32.8155],[-79.9476,32.9077],[-80.0118,32.8999],[-80.056,32.9994],[-80.1492,33.0216],[-80.1764,33.01],[-80.0968,32.9426],[-80.1265,32.9012],[-80.4071,33.0002],[-80.3577,33.0671],[-80.2357,33.0794],[-80.3359,33.1455],[-80.2976,33.1818],[-80.3619,33.2574],[-80.2538,33.2993],[-80.2223,33.4437],[-80.15,33.4485],[-80.1017,33.4969],[-79.9711,33.5007],[-79.677,33.3049],[-79.6774,33.3364],[-79.5381,33.4969],[-79.4357,33.5727],[-79.4093,33.6889],[-79.317,33.7799],[-79.3243,33.7991],[-79.4965,33.7754],[-79.6358,33.818],[-79.5827,33.836],[-79.6929,33.9527],[-79.7032,33.9182],[-79.7476,33.8936],[-79.8349,33.8826],[-79.9459,33.886],[-79.9746,33.9465],[-79.8934,33.9887],[-80.0006,34.0479],[-80.1804,33.952],[-80.2283,33.9952],[-80.2925,33.9164],[-80.3645,33.935],[-80.3527,33.8737],[-80.397,33.7469],[-80.392,33.7156],[-80.4787,33.7143],[-80.5341,33.6439],[-80.6275,33.7312],[-80.5962,33.7864],[-80.6335,33.8527],[-80.6139,34.0573],[-80.7041,34.05],[-80.707,34.0083],[-80.9834,33.9646],[-80.9951,34.0245],[-80.9273,34.0899],[-80.914,34.1399],[-80.9596,34.1814],[-81.0424,34.1533],[-81.0715,34.0816],[-81.1393,34.0683],[-81.0521,33.9976],[-81.0123,33.8801],[-81.0585,33.7471],[-81.014,33.7812],[-80.925,33.7568],[-81.0429,33.7071],[-80.9398,33.6088],[-80.8854,33.6182],[-80.8683,33.5824],[-80.9756,33.4786],[-80.8582,33.4154],[-80.8871,33.2642],[-80.9401,33.3036],[-81.2227,33.44],[-81.2278,33.1607],[-81.1931,33.1187],[-81.3649,33.1081],[-81.5419,33.1583],[-81.616,33.0893]]]},"properties":{"GEOID":"4506","BASENAME":"6","NAME":"Congressional District 6","STATE":"45","CD119":"06"}},{"type":"Feature","geometry":{"type":"Polygon","coordinates":[[[-82.8596,28.1741],[-82.536,28.1726],[-82.5431,28.1898],[-82.4042,28.1859],[-82.3672,28.2376],[-82.2157,28.334],[-82.0756,28.2592],[-82.0555,28.2589],[-82.0545,28.5214],[-82.2082,28.5721],[-82.2748,28.6562],[-82.1691,28.793],[-82.3117,28.9604],[-82.3159,28.9735],[-82.4586,29.0476],[-82.5356,29.0449],[-82.6127,29.0093],[-82.712,29.0308],[-82.7556,29.0009],[-82.6889,28.9056],[-82.7302,28.8502],[-82.7131,28.8003],[-82.7124,28.7209],[-82.6687,28.6957],[-82.6681,28.6224],[-82.6567,28.5448],[-82.6651,28.4844],[-82.6974,28.4202],[-82.7641,28.2443],[-82.8596,28.1741]]]},"properties":{"GEOID":"1212","BASENAME":"12","NAME":"Congressional District 12","STATE":"12","CD119":"12"}},{"type":"Feature","geometry":{"type":"Polygon","coordinates":[[[-81.7528,39.1847],[-81.743,39.1066],[-81.7503,39.104],[-81.7207,39.0842],[-81.5814,39.0262],[-81.4249,39.1357],[-81.298,39.1856],[-81.2503,39.0351],[-81.1625,39.0306],[-81.1365,39.0451],[-81.0336,39.0096],[-81.0026,39.0096],[-80.813,39.1094],[-80.7283,39.0957],[-80.7168,39.0084],[-80.6058,38.9042],[-80.5835,38.8589],[-80.4738,38.8332],[-80.4573,38.7392],[-80.3931,38.7276],[-80.3182,38.6843],[-80.2801,38.6949],[-80.1839,38.5254],[-80.2455,38.3885],[-80.1169,38.474],[-80.0292,38.4592],[-79.8633,38.5508],[-79.7769,38.7397],[-79.7392,38.6796],[-79.6268,38.6642],[-79.5101,38.7807],[-79.5195,38.892],[-79.3499,38.9575],[-79.0573,38.7614],[-79.0231,38.7986],[-78.999,38.8401],[-78.8693,38.763],[-78.7728,38.8937],[-78.6816,38.9258],[-78.6205,38.9826],[-78.5617,39.009],[-78.5081,39.0886],[-78.4139,39.1584],[-78.4287,39.1872],[-78.405,39.238],[-78.4018,39.2768],[-78.3405,39.3535],[-78.3371,39.4092],[-78.3471,39.466],[-77.8282,39.1323],[-77.7195,39.3213],[-77.7459,39.3532],[-77.74,39.4017],[-77.7982,39.4757],[-77.8238,39.5259],[-77.8298,39.5873],[-77.926,39.6076],[-78.0067,39.6013],[-78.0823,39.6712],[-78.2251,39.6589],[-78.313,39.631],[-78.383,39.6222],[-78.4382,39.5635],[-78.461,39.526],[-78.5907,39.5302],[-78.7071,39.5559],[-78.739,39.6097],[-78.7711,39.6384],[-78.851,39.554],[-78.9426,39.4796],[-78.9568,39.4403],[-79.0356,39.4733],[-79.0913,39.4724],[-79.1665,39.4009],[-79.2837,39.3096],[-79.3537,39.278],[-79.4244,39.2282],[-79.4869,39.206],[-79.4767,39.7211],[-80.5193,39.7214],[-80.519,40.6388],[-80.5836,40.6155],[-80.6272,40.6199],[-80.668,40.5825],[-80.6222,40.5205],[-80.6049,40.4467],[-80.6316,40.3855],[-80.6066,40.3039],[-80.706,40.1516],[-80.7368,40.0801],[-80.7401,39.9708],[-80.8034,39.9188],[-80.8243,39.8472],[-80.825,39.8011],[-80.8699,39.7636],[-80.8298,39.7118],[-80.8656,39.6628],[-81.076,39.5097],[-81.1285,39.4494],[-81.1859,39.4307],[-81.2491,39.39],[-81.3476,39.3458],[-81.3938,39.3517],[-81.4127,39.3946],[-81.4561,39.4093],[-81.5596,39.3308],[-81.5652,39.2762],[-81.6783,39.2738],[-81.7116,39.2192],[-81.7528,39.1847]]]},"properties":{"GEOID":"5402","BASENAME":"2","NAME":"Congressional District 2","STATE":"54","CD119":"02"}},{"type":"Feature","geometry":{"type":"Polygon","coordinates":[[[-96.9684,34.1727],[-96.9696,34.071],[-96.9348,34.0129],[-96.9343,33.9456],[-96.9053,33.9472],[-96.8972,33.903],[-96.8506,33.8472],[-96.7943,33.8689],[-96.7768,33.842],[-96.7124,33.8316],[-96.6599,33.9167],[-96.5901,33.8807],[-96.5929,33.8309],[-96.5729,33.8191],[-96.5239,33.8181],[-96.5023,33.7735],[-96.4365,33.7801],[-96.3631,33.6942],[-96.3074,33.735],[-96.2773,33.7697],[-96.229,33.748],[-96.173,33.8006],[-96.1516,33.8319],[-96.0639,33.8415],[-95.9353,33.8751],[-95.8206,33.8585],[-95.7375,33.896],[-95.67,33.9058],[-95.6037,33.9272],[-95.5569,33.927],[-95.5253,33.8855],[-95.4474,33.8689],[-95.3523,33.8678],[-95.2834,33.8777],[-95.2264,33.962],[-95.1495,33.9363],[-95.095,33.9048],[-95.0466,33.8626],[-94.9816,33.8523],[-94.9023,33.7763],[-94.8416,33.7394],[-94.7661,33.748],[-94.7149,33.7073],[-94.6306,33.6734],[-94.5729,33.6699],[-94.5289,33.6218],[-94.4859,33.6379],[-94.4315,35.3696],[-94.6179,36.4994],[-94.618,36.9989],[-96.0008,36.9992],[-96.0012,36.4237],[-95.8123,36.4236],[-95.7944,36.4165],[-95.8122,36.3221],[-95.7403,36.322],[-95.7584,36.206],[-95.7082,36.1619],[-95.5683,36.1301],[-95.5715,36.0753],[-95.5233,36.0442],[-95.5653,35.9678],[-95.4029,35.8856],[-95.4022,35.8066],[-95.5897,35.7652],[-95.6504,35.8566],[-96.1924,35.857],[-96.1926,35.6391],[-96.6208,35.639],[-96.6237,35.4007],[-96.5367,35.3908],[-96.4412,35.4677],[-96.4413,35.1158],[-96.4904,35.1159],[-96.4908,34.9106],[-96.4061,34.9342],[-96.4064,34.68],[-96.5122,34.6801],[-96.5138,34.5054],[-96.8808,34.5061],[-96.881,34.333],[-96.9333,34.3326],[-96.9335,34.1727],[-96.9684,34.1727]]]},"properties":{"GEOID":"4002","BASENAME":"2","NAME":"Congressional District 2","STATE":"40","CD119":"02"}},{"type":"Feature","geometry":{"type":"Polygon","coordinates":[[[-93.9292,29.803],[-93.838,29.6906],[-93.7993,29.7153],[-93.7419,29.7363],[-93.5385,29.7633],[-93.2956,29.7751],[-93.1769,29.7705],[-92.9931,29.7238],[-92.6845,29.605],[-92.568,29.5774],[-92.3235,29.5315],[-92.2519,29.5394],[-92.1586,29.5816],[-92.0645,29.5857],[-91.8216,29.4739],[-91.7683,29.4904],[-91.7111,29.5693],[-91.8037,29.596],[-91.8733,29.6273],[-91.8531,29.7029],[-91.7373,29.7494],[-91.6671,29.7458],[-91.6238,29.6992],[-91.6438,29.6306],[-91.6002,29.6312],[-91.542,29.5944],[-91.531,29.5315],[-91.4856,29.4991],[-91.461,29.47],[-91.3943,29.4971],[-91.3475,29.4444],[-91.364,29.4207],[-91.3341,29.3915],[-91.2655,29.361],[-91.2766,29.3298],[-91.3349,29.2988],[-91.2788,29.2478],[-91.1581,29.2181],[-91.094,29.1877],[-90.9419,29.1624],[-90.8776,29.1049],[-90.8679,29.0561],[-90.8125,29.0421],[-90.7484,29.0401],[-90.6521,29.0577],[-90.4096,29.0584],[-90.4096,29.2396],[-90.3843,29.3658],[-90.6212,29.5992],[-90.7776,29.7203],[-90.5989,29.7001],[-90.6265,29.7498],[-90.5052,29.7665],[-90.468,29.8035],[-90.4799,29.8474],[-90.5296,29.885],[-90.6291,29.8952],[-90.6563,29.8892],[-90.7787,29.922],[-90.8857,29.9053],[-90.8855,29.8776],[-90.8503,29.8748],[-90.8104,29.7762],[-90.8442,29.7559],[-90.8487,29.8028],[-90.9246,29.8303],[-90.9818,29.7449],[-91.0826,29.6268],[-91.1054,29.6433],[-91.0927,29.801],[-91.1828,29.8462],[-91.2552,29.9715],[-91.2242,30.0256],[-91.2318,30.0404],[-91.3688,30.0588],[-91.3888,30.1024],[-91.464,30.1029],[-91.4753,30.2295],[-91.5628,30.2419],[-91.6211,30.3099],[-91.6401,30.4427],[-91.7013,30.4977],[-91.7562,30.4981],[-91.6789,30.3947],[-91.8693,30.4172],[-91.9887,30.3686],[-91.9538,30.36],[-91.9428,30.2366],[-91.9579,30.2119],[-91.9769,30.2109],[-92.0911,30.2542],[-92.0426,30.3765],[-92.0771,30.3652],[-92.1422,30.2988],[-92.1764,30.4369],[-92.2448,30.4802],[-92.774,30.4882],[-92.7756,30.4377],[-93.0655,30.4387],[-93.1312,30.4236],[-93.1312,30.4031],[-93.031,30.3794],[-93.0311,30.3057],[-93.3012,30.2937],[-93.2965,30.2379],[-93.3762,30.2109],[-93.3761,30.1836],[-93.2662,30.1686],[-93.2157,30.1067],[-93.1799,30.1762],[-93.1791,30.0522],[-93.7062,30.0523],[-93.8078,29.9545],[-93.8304,29.8944],[-93.9292,29.803]]]},"properties":{"GEOID":"2203","BASENAME":"3","NAME":"Congressional District 3","STATE":"22","CD119":"03"}},{"type":"Feature","geometry":{"type":"Polygon","coordinates":[[[-73.4163,44.0994],[-73.4369,44.0426],[-73.406,44.0115],[-73.4077,43.9299],[-73.3741,43.8756],[-73.3903,43.8174],[-73.3507,43.7705],[-73.4145,43.6582],[-73.425,43.5988],[-73.3958,43.5681],[-73.3277,43.6259],[-73.242,43.5349],[-73.2787,42.8334],[-73.2909,42.8019],[-73.265,42.7459],[-72.4585,42.7269],[-72.4776,42.7612],[-72.5396,42.8048],[-72.5561,42.8663],[-72.5315,42.8979],[-72.5322,42.9549],[-72.4926,42.9676],[-72.445,43.0044],[-72.4622,43.0442],[-72.4352,43.0866],[-72.4518,43.1535],[-72.4406,43.2153],[-72.4025,43.3204],[-72.4134,43.3627],[-72.3809,43.4934],[-72.3794,43.5741],[-72.3295,43.6084],[-72.2848,43.7204],[-72.2221,43.7598],[-72.1833,43.8082],[-72.1698,43.8734],[-72.1059,43.9494],[-72.1167,43.992],[-72.0755,44.0346],[-72.0369,44.1031],[-72.0613,44.185],[-72.0463,44.292],[-72.0023,44.3249],[-71.9452,44.3377],[-71.8759,44.3374],[-71.8188,44.3529],[-71.7786,44.3998],[-71.6909,44.4212],[-71.6466,44.4689],[-71.58,44.5018],[-71.5881,44.5479],[-71.5449,44.5793],[-71.5517,44.6276],[-71.5846,44.6654],[-71.6269,44.7472],[-71.5704,44.8053],[-71.4944,44.9118],[-71.5316,44.976],[-71.5011,45.0134],[-72.3486,45.0056],[-72.9364,45.0143],[-73.3431,45.0108],[-73.339,44.9177],[-73.3798,44.857],[-73.3657,44.8265],[-73.3344,44.8022],[-73.3577,44.751],[-73.39,44.6196],[-73.3673,44.5675],[-73.3129,44.5072],[-73.2936,44.4406],[-73.3346,44.3569],[-73.3166,44.2578],[-73.3499,44.2304],[-73.3954,44.1669],[-73.4163,44.0994]]]},"properties":{"GEOID":"5000","BASENAME":"Congressional District (at Large)","NAME":"Congressional District (at Large)","STATE":"50","CD119":"00"}},{"type":"Feature","geometry":{"type":"Polygon","coordinates":[[[-94.4818,33.789],[-94.4859,33.6379],[-94.4191,33.5772],[-94.3542,33.5565],[-94.3384,33.5671],[-94.3037,33.5645],[-94.2389,33.5767],[-94.2136,33.5706],[-94.1834,33.5922],[-94.143,33.5777],[-94.0727,33.5722],[-94.0434,33.5514],[-94.043,33.0192],[-91.4604,33.006],[-91.4503,33.7805],[-91.6637,33.7922],[-91.9759,33.7917],[-91.9764,33.9773],[-91.9537,34.0642],[-91.7451,34.094],[-91.7161,34.1762],[-91.4451,34.0806],[-91.4519,34.1339],[-91.5144,34.1423],[-91.5303,34.2182],[-91.7117,34.2339],[-91.7053,34.4827],[-92.1437,34.4916],[-92.1174,34.5492],[-92.1732,34.6384],[-92.2378,34.6937],[-92.2372,34.7169],[-92.3616,34.6772],[-92.3819,34.6263],[-92.3465,34.6256],[-92.3487,34.5823],[-92.2442,34.5809],[-92.2458,34.4936],[-92.4034,34.4957],[-92.4047,34.4519],[-92.5895,34.4556],[-92.6687,34.4145],[-92.6851,34.4731],[-92.7932,34.5036],[-92.808,34.5904],[-92.8754,34.6352],[-92.98,34.6372],[-92.9693,34.7723],[-93.2878,34.7732],[-93.3057,34.8755],[-93.0406,35.0769],[-93.0401,35.1095],[-92.9009,35.17],[-92.8551,35.1738],[-92.851,35.463],[-92.8135,35.5489],[-92.8097,35.7224],[-92.9514,35.7246],[-92.9385,36.0717],[-92.9446,36.1153],[-93.4795,36.1251],[-93.4457,36.0808],[-93.4508,35.9675],[-93.5236,35.8815],[-93.5192,35.7635],[-93.9012,35.7741],[-93.9842,35.6607],[-94.074,35.6625],[-94.0762,35.5756],[-94.0229,35.5743],[-94.0744,35.445],[-94.0648,35.1999],[-94.0289,35.2142],[-94.0312,35.1409],[-94.1397,35.129],[-94.3567,35.1625],[-94.3549,35.2241],[-94.4364,35.2467],[-94.4818,33.789]]]},"properties":{"GEOID":"0504","BASENAME":"4","NAME":"Congressional District 4","STATE":"05","CD119":"04"}},{"type":"Feature","geometry":{"type":"Polygon","coordinates":[[[-83.6145,36.634],[-83.6754,36.6008],[-81.9341,36.5942],[-81.9226,36.6162],[-81.6469,36.6119],[-81.6775,36.5881],[-81.4998,36.5798],[-80.7048,36.5623],[-80.2952,36.544],[-79.7149,36.5414],[-79.5941,37.0422],[-79.4799,37.006],[-79.3305,37.2384],[-79.4078,37.278],[-79.3264,37.3556],[-79.393,37.4701],[-79.3453,37.521],[-79.3841,37.5943],[-79.4369,37.6171],[-79.4341,37.5723],[-79.4987,37.5328],[-79.5937,37.4489],[-79.6588,37.485],[-79.814,37.4039],[-79.7887,37.3493],[-79.8475,37.3094],[-79.8584,37.2672],[-79.8472,37.2254],[-79.9628,37.1373],[-80.0053,37.1678],[-79.9578,37.2127],[-80.0338,37.2478],[-80.0335,37.2629],[-80.0512,37.2522],[-80.105,37.2781],[-80.1812,37.252],[-80.1925,37.2344],[-80.2586,37.3087],[-80.2622,37.3415],[-80.2465,37.3539],[-80.0741,37.4225],[-79.9691,37.5444],[-80.0206,37.6474],[-80.1456,37.5964],[-80.2243,37.624],[-80.2824,37.5855],[-80.2916,37.5365],[-80.4648,37.4261],[-80.5448,37.4747],[-80.665,37.4142],[-80.7701,37.3724],[-80.8364,37.4244],[-80.8651,37.4199],[-80.8832,37.3839],[-80.8355,37.3348],[-80.9193,37.3062],[-81.1126,37.2785],[-81.2251,37.2349],[-81.3622,37.3377],[-81.4279,37.271],[-81.4836,37.2506],[-81.5606,37.2067],[-81.6786,37.2025],[-81.744,37.2425],[-81.7747,37.2748],[-81.8499,37.2852],[-81.896,37.332],[-81.9336,37.3892],[-81.937,37.4199],[-81.9849,37.4543],[-81.9323,37.512],[-81.9683,37.5378],[-82.3553,37.2652],[-82.4492,37.2439],[-82.5582,37.1996],[-82.7263,37.1119],[-82.7223,37.0579],[-82.7507,37.0241],[-82.8157,37.0072],[-82.8692,36.9742],[-82.8652,36.9209],[-82.8954,36.8821],[-83.0126,36.8473],[-83.0756,36.8506],[-83.1147,36.7961],[-83.1364,36.7431],[-83.2364,36.7269],[-83.4365,36.6662],[-83.5271,36.666],[-83.6145,36.634]]]},"properties":{"GEOID":"5109","BASENAME":"9","NAME":"Congressional District 9","STATE":"51","CD119":"09"}},{"type":"Feature","geometry":{"type":"Polygon","coordinates":[[[-124.387,40.505],[-124.4096,40.4381],[-124.3654,40.3749],[-124.3531,40.3314],[-124.3634,40.261],[-124.1879,40.1305],[-124.14,40.1164],[-124.0871,40.0784],[-124.0689,40.0213],[-124.0359,40.0133],[-123.9077,39.863],[-123.8517,39.832],[-123.8295,39.7231],[-123.7927,39.6841],[-123.7665,39.5528],[-123.8147,39.4465],[-123.8253,39.3608],[-123.799,39.2714],[-123.7659,39.1937],[-123.7215,39.1253],[-123.6907,39.0213],[-123.7329,38.955],[-123.7105,38.9132],[-123.5148,38.742],[-123.4418,38.6997],[-123.3496,38.5968],[-123.3319,38.5655],[-123.2498,38.511],[-123.1664,38.4749],[-123.0856,38.3905],[-123.0535,38.2994],[-123.0041,38.297],[-122.9863,38.2732],[-122.9871,38.2375],[-122.9536,38.1757],[-122.9609,38.113],[-123.0115,38.0034],[-122.9744,37.9924],[-122.9397,38.0319],[-122.8566,38.0167],[-122.7974,37.9767],[-122.7026,37.8938],[-122.6785,37.9066],[-122.6013,37.8751],[-122.5373,37.8303],[-122.4835,37.8267],[-122.4185,37.8527],[-122.4484,37.8934],[-122.4864,37.9219],[-122.4887,37.9667],[-122.453,37.9962],[-122.4995,38.0322],[-122.4885,38.1091],[-122.5454,38.1587],[-122.5783,38.2516],[-122.6808,38.2808],[-122.7661,38.3381],[-122.7761,38.4453],[-122.7261,38.4541],[-122.7352,38.503],[-122.6344,38.487],[-122.5596,38.4275],[-122.5296,38.4696],[-122.6466,38.5991],[-122.6268,38.6708],[-122.796,38.839],[-122.9489,38.9002],[-122.9866,38.9973],[-123.028,38.9966],[-123.093,39.072],[-123.0778,39.1738],[-122.9948,39.2359],[-123.0197,39.3218],[-123.0751,39.4077],[-123.0632,39.5035],[-122.8903,39.529],[-122.8854,39.5801],[-122.8927,39.7089],[-122.9377,39.7982],[-122.9501,39.9077],[-122.9098,39.9364],[-122.934,39.9781],[-122.9896,40.1455],[-122.9775,40.2413],[-123.0654,40.287],[-123.0688,40.3322],[-122.9987,40.4181],[-122.9037,40.4451],[-122.846,40.5052],[-122.6988,40.5693],[-122.752,40.6899],[-122.6698,40.7736],[-122.6661,40.8259],[-122.6005,40.8997],[-122.6074,40.9577],[-122.5278,41.0144],[-122.5134,41.0882],[-122.4571,41.0966],[-122.4455,41.1579],[-122.4984,41.1827],[-122.5226,41.2135],[-122.5039,41.343],[-122.5852,41.359],[-122.6537,41.2892],[-122.8113,41.2025],[-122.8859,41.2051],[-122.9734,41.1121],[-122.8974,41.0285],[-122.9175,40.994],[-123.0368,41.0041],[-123.1091,41.0754],[-123.2395,41.0758],[-123.2734,41.1229],[-123.4083,41.1799],[-123.4878,41.3769],[-123.6614,41.3821],[-123.6118,41.4621],[-123.648,41.535],[-123.7192,41.5956],[-123.6602,41.7141],[-123.7038,41.8291],[-123.6428,41.8894],[-123.5654,41.9031],[-123.5191,41.9992],[-124.2116,41.9985],[-124.2034,41.941],[-124.2196,41.8464],[-124.245,41.7923],[-124.191,41.7361],[-124.1542,41.7288],[-124.1435,41.7093],[-124.082,41.5478],[-124.0631,41.4396],[-124.0923,41.2877],[-124.1227,41.1897],[-124.164,41.1387],[-124.1545,41.0872],[-124.1254,41.0485],[-124.1181,40.9893],[-124.1767,40.8436],[-124.3014,40.6596],[-124.387,40.505]]]},"properties":{"GEOID":"0602","BASENAME":"2","NAME":"Congressional District 2","STATE":"06","CD119":"02"}},{"type":"Feature","geometry":{"type":"Polygon","coordinates":[[[-73.9065,40.7571],[-73.9054,40.7129],[-73.8567,40.7077],[-73.7776,40.7302],[-73.7567,40.7262],[-73.7807,40.7666],[-73.8262,40.7799],[-73.8625,40.7465],[-73.9065,40.7571]]]},"properties":{"GEOID":"3606","BASENAME":"6","NAME":"Congressional District 6","STATE":"36","CD119":"06"}},{"type":"Feature","geometry":{"type":"Polygon","coordinates":[[[-83.4141,29.6662],[-83.4016,29.5233],[-83.3078,29.4689],[-83.2947,29.4379],[-83.2405,29.4332],[-83.2024,29.3944],[-83.1755,29.3447],[-83.1696,29.2904],[-83.1075,29.2689],[-83.0747,29.248],[-83.079,29.1969],[-83.0532,29.1308],[-83.0162,29.1254],[-82.9961,29.1781],[-82.8271,29.1584],[-82.7989,29.1145],[-82.8237,29.0989],[-82.7597,29.0542],[-82.7556,29.0009],[-82.712,29.0308],[-82.6127,29.0093],[-82.5356,29.0449],[-82.4586,29.0476],[-82.3159,28.9735],[-82.3113,28.9604],[-82.1236,28.9602],[-82.1847,29.1209],[-82.0785,29.1353],[-82.0537,29.2025],[-82.144,29.2231],[-82.1515,29.338],[-82.1098,29.4354],[-82.0999,29.4189],[-82.0559,29.4712],[-82.0556,29.7182],[-82.0492,29.7187],[-82.0461,29.7471],[-82.051,30.3684],[-82.0947,30.3608],[-82.18,30.3686],[-82.2103,30.4246],[-82.201,30.4744],[-82.2294,30.5208],[-82.2186,30.5644],[-83.3093,30.6342],[-83.2726,30.6277],[-83.2219,30.4234],[-83.171,30.3852],[-83.1923,30.3748],[-83.2473,30.2607],[-83.2665,30.2603],[-83.2926,30.1292],[-83.3684,30.1287],[-83.3709,29.8879],[-83.3529,29.8222],[-83.3189,29.8226],[-83.3664,29.6657],[-83.4141,29.6662]]]},"properties":{"GEOID":"1203","BASENAME":"3","NAME":"Congressional District 3","STATE":"12","CD119":"03"}},{"type":"Feature","geometry":{"type":"Polygon","coordinates":[[[-109.0468,35.3636],[-109.0464,35.1755],[-108.8476,35.1766],[-108.8558,35.1064],[-108.7495,35.0556],[-108.7364,35.0994],[-108.6361,35.1218],[-108.54,35.1221],[-108.5345,35.2967],[-108.4687,35.2992],[-108.4687,35.3067],[-107.7342,35.305],[-107.7342,35.3481],[-107.6283,35.3483],[-107.6288,35.3043],[-107.2389,35.3055],[-107.1972,35.2195],[-106.962,35.2184],[-106.9762,35.2836],[-106.8564,35.2934],[-106.8423,35.3336],[-106.7278,35.3364],[-106.6391,35.3706],[-106.5667,35.3274],[-106.4809,35.358],[-106.3948,35.3484],[-106.3552,35.3656],[-106.3561,35.4489],[-106.2488,35.4433],[-106.2452,35.2387],[-106.1561,35.2241],[-106.1561,35.1421],[-105.98,35.1422],[-106.0295,35.0407],[-105.2908,35.042],[-105.2912,35.2165],[-104.1251,35.2157],[-104.1289,34.6052],[-103.9488,34.6051],[-103.946,34.0825],[-103.8417,34.0819],[-103.8419,33.8192],[-103.7169,33.8196],[-103.7179,33.7036],[-103.7706,33.7282],[-103.8783,33.672],[-104.0275,33.6666],[-104.2052,33.6439],[-104.3297,33.5977],[-104.379,33.5656],[-104.4799,33.4456],[-104.5952,33.4226],[-104.595,33.3943],[-104.6943,33.3942],[-104.8852,33.3692],[-104.8851,33.312],[-104.9038,33.3059],[-104.9052,32.9629],[-104.5507,32.964],[-104.6314,32.8282],[-104.6088,32.7993],[-104.518,32.7865],[-104.5314,32.7557],[-104.4789,32.7807],[-104.361,32.7853],[-104.3205,32.7603],[-104.1502,32.8002],[-104.125,32.9493],[-104.1076,32.9654],[-103.8145,32.9651],[-103.8145,32.7702],[-103.351,32.7694],[-103.3508,32.6967],[-103.1239,32.6966],[-103.0648,32.727],[-103.0435,34.0794],[-103.0419,36.5004],[-103.0024,36.5004],[-103.0022,37.0001],[-106.8698,36.9924],[-106.8773,37.0001],[-109.0452,36.9991],[-109.0468,35.3636]]]},"properties":{"GEOID":"3503","BASENAME":"3","NAME":"Congressional District 3","STATE":"35","CD119":"03"}},{"type":"Feature","geometry":{"type":"Polygon","coordinates":[[[-78.7263,38.232],[-78.5963,38.2374],[-78.6065,38.2582],[-78.2094,38.1311],[-78.102,38.1525],[-77.9471,38.12],[-77.8382,38.1062],[-77.6875,38.0078],[-77.6425,37.9907],[-77.4842,37.8834],[-77.4366,37.8855],[-77.4045,37.7798],[-77.3452,37.7893],[-77.241,37.9099],[-77.1814,37.8917],[-77.1673,37.9639],[-77.0701,37.9648],[-77.1701,38.0795],[-77.116,38.1499],[-77.0738,38.1413],[-77.0617,38.1616],[-77.0445,38.2604],[-76.9969,38.2791],[-77.0249,38.3008],[-77.0269,38.3218],[-77.0146,38.354],[-77.0359,38.3743],[-77.0682,38.3809],[-77.1627,38.346],[-77.2653,38.3332],[-77.3173,38.3836],[-77.3226,38.4671],[-77.274,38.5501],[-77.226,38.6033],[-77.2395,38.6665],[-77.3261,38.702],[-77.3323,38.7165],[-77.4289,38.6339],[-77.5795,38.6277],[-77.5313,38.5565],[-77.6339,38.4666],[-77.6349,38.4102],[-77.7355,38.4131],[-77.8772,38.5849],[-77.9354,38.6958],[-78.176,38.5208],[-78.2318,38.5325],[-78.3382,38.6273],[-78.4428,38.5278],[-78.4528,38.4755],[-78.5531,38.3348],[-78.6631,38.2779],[-78.6553,38.2603],[-78.6698,38.2473],[-78.681,38.2549],[-78.7263,38.232]]]},"properties":{"GEOID":"5107","BASENAME":"7","NAME":"Congressional District 7","STATE":"51","CD119":"07"}},{"type":"Feature","geometry":{"type":"Polygon","coordinates":[[[-71.4868,42.3302],[-71.497,42.2898],[-71.4193,42.2573],[-71.3904,42.2719],[-71.3324,42.2477],[-71.2771,42.312],[-71.2461,42.321],[-71.27,42.3281],[-71.2603,42.3535],[-71.1169,42.3642],[-71.1564,42.3959],[-70.983,42.424],[-71.1355,42.53],[-71.2121,42.4662],[-71.2897,42.4662],[-71.3663,42.4127],[-71.4643,42.4503],[-71.4868,42.3302]]]},"properties":{"GEOID":"2505","BASENAME":"5","NAME":"Congressional District 5","STATE":"25","CD119":"05"}},{"type":"Feature","geometry":{"type":"Polygon","coordinates":[[[-75.059,39.9925],[-75.0193,39.9674],[-75.0054,39.973],[-74.9685,39.9449],[-74.9668,39.938],[-74.984,39.9274],[-74.9307,39.8859],[-74.8949,39.7834],[-74.8194,39.788],[-74.7362,39.7298],[-74.6543,39.6268],[-74.4757,39.5515],[-74.4174,39.5573],[-74.3904,39.596],[-74.3897,39.7733],[-74.5531,40.0791],[-74.3416,40.2165],[-74.2686,40.206],[-74.2239,40.2612],[-74.2253,40.3395],[-74.1494,40.3246],[-74.1332,40.4269],[-74.2088,40.3818],[-74.2621,40.3954],[-74.3934,40.2796],[-74.485,40.2533],[-74.482,40.2739],[-74.5734,40.3009],[-74.6499,40.2418],[-74.7132,40.3585],[-74.7622,40.2843],[-74.7485,40.1849],[-74.7216,40.1538],[-74.7695,40.1291],[-74.8259,40.1239],[-74.8638,40.0822],[-74.9322,40.0684],[-75.059,39.9925]]]},"properties":{"GEOID":"3403","BASENAME":"3","NAME":"Congressional District 3","STATE":"34","CD119":"03"}},{"type":"Feature","geometry":{"type":"Polygon","coordinates":[[[-95.2603,29.5899],[-95.2539,29.5538],[-95.2163,29.5558],[-95.1616,29.4973],[-95.0683,29.5575],[-95.0182,29.5546],[-94.9098,29.4964],[-94.7916,29.5504],[-94.7626,29.5242],[-94.5459,29.5725],[-94.4229,29.5663],[-94.3708,29.5556],[-94.3541,29.5621],[-94.358,29.8875],[-94.251,29.9261],[-94.1892,30.0238],[-94.19,30.0912],[-94.094,30.0863],[-94.0737,30.1141],[-94.1159,30.1603],[-94.0912,30.2046],[-94.1176,30.2417],[-93.7111,30.244],[-93.7072,30.2755],[-93.7603,30.3299],[-93.7453,30.397],[-93.7027,30.4299],[-93.7101,30.5064],[-93.7292,30.5448],[-93.6843,30.5926],[-93.6851,30.6252],[-93.6299,30.6799],[-93.6177,30.7385],[-93.5693,30.803],[-93.5586,30.8694],[-93.5309,30.9245],[-93.5498,30.9671],[-93.5312,31.0517],[-93.5403,31.1289],[-93.5351,31.1856],[-93.9111,31.1581],[-94.039,31.1343],[-94.0432,31.1186],[-94.4578,31.0333],[-94.5266,31.0557],[-94.5619,31.059],[-94.658,31.012],[-94.5379,30.4911],[-94.8494,30.4936],[-94.8525,30.4829],[-95.1659,30.345],[-95.0312,29.9933],[-94.9859,29.973],[-95.0616,29.8887],[-95.0029,29.8424],[-95.0097,29.7724],[-95.1488,29.7717],[-95.1906,29.5915],[-95.2603,29.5899]]]},"properties":{"GEOID":"4836","BASENAME":"36","NAME":"Congressional District 36","STATE":"48","CD119":"36"}},{"type":"Feature","geometry":{"type":"Polygon","coordinates":[[[-122.5181,37.5761],[-122.5167,37.5213],[-122.4938,37.4923],[-122.446,37.4615],[-122.4437,37.4359],[-122.4093,37.3748],[-122.4013,37.337],[-122.4185,37.2485],[-122.3971,37.1872],[-122.344,37.1441],[-122.323,37.1155],[-122.2943,37.1051],[-122.3177,37.1869],[-122.1528,37.2154],[-122.1523,37.2861],[-122.0262,37.1669],[-121.9662,37.1357],[-121.8768,37.2757],[-121.8027,37.2998],[-121.8155,37.3345],[-121.8767,37.3019],[-121.9402,37.3174],[-122.0686,37.2792],[-122.0358,37.4265],[-122.0597,37.4641],[-122.0815,37.4778],[-122.1449,37.4582],[-122.1868,37.4768],[-122.2639,37.4481],[-122.4968,37.6656],[-122.4968,37.6121],[-122.5181,37.5761]]]},"properties":{"GEOID":"0616","BASENAME":"16","NAME":"Congressional District 16","STATE":"06","CD119":"16"}},{"type":"Feature","geometry":{"type":"Polygon","coordinates":[[[-93.0505,38.9282],[-93.06,38.6931],[-92.8398,38.684],[-92.8419,38.5968],[-92.6252,38.4308],[-92.6338,38.3481],[-92.6898,38.3485],[-92.6959,38.222],[-92.749,38.2176],[-92.7754,38.1899],[-92.6917,38.0902],[-92.605,38.1577],[-92.5968,38.1108],[-92.5697,38.0959],[-92.516,38.0223],[-92.0212,38.0106],[-91.8953,38.0512],[-91.6324,38.051],[-91.6306,38.1535],[-91.5344,38.1526],[-91.525,38.1408],[-91.5288,37.789],[-91.3083,37.7872],[-91.3107,37.7],[-91.1533,37.6973],[-91.1465,37.7408],[-90.6451,37.7348],[-90.64,38.0765],[-90.6181,38.0733],[-90.4919,38.1386],[-90.5125,38.5013],[-90.6556,38.4867],[-90.6805,38.4457],[-90.7362,38.4669],[-90.7376,38.4155],[-90.7802,38.2041],[-91.349,38.2041],[-91.3675,38.2097],[-91.3692,38.6993],[-91.4186,38.7098],[-91.4158,38.8453],[-91.2649,38.8464],[-91.1691,38.8197],[-90.961,38.8164],[-90.7769,38.7704],[-90.7001,38.8023],[-90.6626,38.6871],[-90.5458,38.6841],[-90.4361,38.8285],[-90.3737,38.8223],[-90.3213,38.8916],[-90.1177,38.8057],[-90.1133,38.8493],[-90.2303,38.9109],[-90.2987,38.9234],[-90.3958,38.96],[-90.4678,38.9618],[-90.5001,38.9104],[-90.5557,38.8708],[-90.5954,38.875],[-90.6573,38.9203],[-90.6616,38.9347],[-90.7072,38.9027],[-90.9585,38.8709],[-91.1113,38.8727],[-91.1102,38.9319],[-91.1893,38.9322],[-91.1884,38.9921],[-91.2643,38.9928],[-91.2602,39.1398],[-91.6296,39.1479],[-91.634,39.0591],[-92.1323,39.0602],[-92.1498,38.9543],[-92.2914,38.9463],[-92.5645,38.9928],[-92.5581,38.9707],[-92.8526,38.9822],[-92.9346,39.0645],[-93.0485,38.9724],[-93.0505,38.9282]]]},"properties":{"GEOID":"2903","BASENAME":"3","NAME":"Congressional District 3","STATE":"29","CD119":"03"}},{"type":"Feature","geometry":{"type":"Polygon","coordinates":[[[-119.3476,38.802],[-119.2646,38.6325],[-119.3296,38.5881],[-119.3304,38.5355],[-118.501,37.949],[-117.6806,37.3534],[-117.0009,36.8477],[-115.8461,35.9636],[-115.8458,36.122],[-115.6684,36.1612],[-115.5791,36.1673],[-115.5735,36.1089],[-115.5028,36.163],[-115.4264,36.1292],[-115.3878,36.145],[-115.4235,36.1885],[-115.424,36.2931],[-115.3469,36.3237],[-115.331,36.2626],[-115.247,36.2256],[-115.243,36.1442],[-115.1775,36.1371],[-115.0299,36.2183],[-114.9905,36.202],[-114.9754,36.0898],[-114.8733,36.1321],[-114.7433,36.0659],[-114.7362,36.1044],[-114.6665,36.1173],[-114.6279,36.141],[-114.572,36.1516],[-114.5117,36.151],[-114.487,36.1294],[-114.4487,36.1264],[-114.4169,36.1458],[-114.3721,36.1431],[-114.3373,36.108],[-114.3161,36.0631],[-114.2706,36.0357],[-114.2137,36.0156],[-114.1517,36.0246],[-114.0999,36.1217],[-114.0468,36.1941],[-114.0494,38.6774],[-114.6295,38.6774],[-114.6477,38.586],[-114.6987,38.5978],[-114.7528,38.5878],[-114.7707,38.5936],[-114.8363,38.6773],[-115.0008,38.6773],[-115.9071,39.1618],[-117.3319,39.1634],[-117.8651,39.0737],[-118.4775,39.0737],[-118.4777,39.1128],[-118.5702,39.1419],[-118.7922,39.1415],[-118.8908,39.1982],[-118.9091,39.2346],[-118.9674,39.2261],[-119.0398,39.2679],[-119.0499,39.1649],[-119.1167,39.128],[-118.9957,39.1116],[-118.9231,39.0694],[-119.0149,38.9441],[-119.0002,38.852],[-119.1448,38.845],[-119.2252,38.8074],[-119.3476,38.802]]]},"properties":{"GEOID":"3204","BASENAME":"4","NAME":"Congressional District 4","STATE":"32","CD119":"04"}},{"type":"Feature","geometry":{"type":"Polygon","coordinates":[[[-122.7564,45.6624],[-122.791,45.62],[-122.621,45.5272],[-122.6665,45.4643],[-122.5659,45.4783],[-122.5713,45.4614],[-122.548,45.461],[-122.5025,45.3957],[-122.3982,45.3732],[-122.3871,45.3162],[-122.2916,45.2295],[-122.2008,45.205],[-122.0303,45.2196],[-122.003,45.2609],[-121.9226,45.2661],[-121.8593,45.2207],[-121.7425,45.2183],[-121.7004,45.2406],[-121.6984,45.2264],[-121.6965,45.2579],[-121.4819,45.2581],[-121.4822,45.5196],[-121.4407,45.6991],[-121.5331,45.7265],[-121.7351,45.694],[-121.8113,45.7068],[-121.8672,45.6933],[-121.9009,45.662],[-121.9518,45.645],[-122.0037,45.6159],[-122.1017,45.5835],[-122.1837,45.5777],[-122.2626,45.5443],[-122.3315,45.5482],[-122.3803,45.5759],[-122.4387,45.5636],[-122.4923,45.5833],[-122.6439,45.6097],[-122.7381,45.6441],[-122.7564,45.6624]]]},"properties":{"GEOID":"4103","BASENAME":"3","NAME":"Congressional District 3","STATE":"41","CD119":"03"}},{"type":"Feature","geometry":{"type":"Polygon","coordinates":[[[-90.3725,38.3234],[-90.3639,38.2364],[-90.3224,38.1816],[-90.2187,38.0944],[-90.126,38.0506],[-90.0084,37.9702],[-89.9549,37.9666],[-89.9742,37.9192],[-89.9232,37.8707],[-89.851,37.904],[-89.782,37.8551],[-89.6966,37.8143],[-89.668,37.7595],[-89.5219,37.6965],[-89.4941,37.5801],[-89.5124,37.5298],[-89.4259,37.4075],[-89.4282,37.3562],[-89.4952,37.3248],[-89.517,37.2819],[-89.4705,37.2534],[-89.4561,37.1881],[-89.3842,37.1033],[-89.3595,37.0426],[-89.2576,37.0155],[-89.195,36.9898],[-89.1329,36.9821],[-89.1289,37.0179],[-89.1681,37.0742],[-89.058,37.1888],[-89.001,37.2244],[-88.9317,37.2276],[-88.8351,37.1965],[-88.7531,37.1547],[-88.6114,37.1127],[-88.5316,37.0672],[-88.4761,37.0682],[-88.4446,37.0986],[-88.4248,37.1499],[-88.5147,37.2909],[-88.4869,37.3396],[-88.4659,37.4005],[-88.4186,37.422],[-88.3584,37.4049],[-88.2817,37.4526],[-88.1571,37.4669],[-88.0623,37.4878],[-88.0722,37.5288],[-88.1316,37.573],[-88.1601,37.6543],[-88.1323,37.6971],[-88.0596,37.7426],[-88.028,37.7992],[-88.0674,37.8561],[-88.0409,37.8918],[-88.0163,37.9616],[-88.0309,38.0307],[-87.9888,38.0556],[-87.9275,38.1519],[-87.9758,38.1978],[-87.969,38.2374],[-87.832,38.3072],[-87.78,38.3708],[-87.714,38.4799],[-87.6542,38.5119],[-87.6607,38.5411],[-87.6201,38.6395],[-87.5455,38.6776],[-87.4989,38.7578],[-87.5217,38.8266],[-87.5474,38.8756],[-87.5276,38.9077],[-87.5295,38.9719],[-87.5791,39.0016],[-87.5726,39.0573],[-87.6254,39.1018],[-87.6404,39.1667],[-87.577,39.2111],[-87.5935,39.2475],[-87.6004,39.3129],[-87.5783,39.3403],[-87.5316,39.3479],[-87.5317,39.4771],[-87.6876,39.4874],[-87.9602,39.4813],[-87.9663,39.686],[-88.063,39.6813],[-88.1396,39.6521],[-88.14,39.5053],[-88.1746,39.4337],[-88.2482,39.4338],[-88.2479,39.484],[-88.3595,39.4736],[-88.3598,39.4323],[-88.4704,39.4326],[-88.4709,39.215],[-88.8053,39.2163],[-88.8068,38.9116],[-88.6935,38.9146],[-88.6952,38.8263],[-89.1381,38.8242],[-89.1384,38.7363],[-89.5973,38.7432],[-89.5951,38.6559],[-89.9859,38.6582],[-89.914,38.5921],[-89.9354,38.4889],[-90.0363,38.4838],[-90.1,38.5541],[-90.219,38.485],[-90.2611,38.5183],[-90.2888,38.4385],[-90.3497,38.3776],[-90.3725,38.3234]]]},"properties":{"GEOID":"1712","BASENAME":"12","NAME":"Congressional District 12","STATE":"17","CD119":"12"}},{"type":"Feature","geometry":{"type":"Polygon","coordinates":[[[-113.1658,47.7198],[-113.1231,47.5157],[-113.0592,47.4886],[-113.0591,47.1796],[-112.7958,47.177],[-112.7956,46.8317],[-112.5357,46.8342],[-112.5356,46.6995],[-112.4108,46.6995],[-112.4106,46.656],[-112.3209,46.6559],[-112.2985,46.626],[-112.3168,46.5744],[-112.3106,46.4212],[-112.4495,46.3341],[-112.57,46.305],[-112.5586,46.2658],[-112.5981,46.2365],[-112.5771,46.179],[-112.5052,46.1842],[-112.52,46.1364],[-112.4043,45.888],[-112.4142,45.8367],[-112.1903,45.7485],[-112.0858,45.8511],[-111.927,45.8557],[-111.8053,45.7983],[-111.7055,45.7957],[-111.5877,45.9067],[-111.4196,45.9963],[-111.4238,46.062],[-111.3494,46.1226],[-111.3467,46.1878],[-110.7838,46.1927],[-110.7908,46.1418],[-110.7948,45.5907],[-110.8574,45.5907],[-110.8583,45.5249],[-110.9192,45.5249],[-110.9179,45.3513],[-111.0382,45.3514],[-111.0443,45.0009],[-110.785,45.003],[-110.7053,44.9923],[-109.1034,45.0059],[-109.0623,44.9996],[-107.3514,45.0014],[-106.2636,44.9938],[-105.8481,45.0004],[-104.0391,44.9985],[-104.0487,48.9999],[-112.1934,48.9989],[-112.1848,48.4776],[-112.2288,48.4819],[-112.3426,48.3575],[-112.1428,48.3515],[-112.0556,48.3023],[-112.0557,48.2511],[-112.0057,48.2208],[-112.2649,48.203],[-112.2643,48.1313],[-113.0148,48.131],[-112.8789,47.9757],[-112.9847,47.9539],[-113.0866,47.9182],[-113.081,47.7499],[-113.1658,47.7198]]]},"properties":{"GEOID":"3002","BASENAME":"2","NAME":"Congressional District 2","STATE":"30","CD119":"02"}},{"type":"Feature","geometry":{"type":"MultiPolygon","coordinates":[[[[-118.594,33.4672],[-118.4826,33.3699],[-118.4654,33.3261],[-118.3748,33.3201],[-118.3252,33.2991],[-118.2863,33.3515],[-118.4848,33.4875],[-118.594,33.4672]]],[[[-118.2564,33.9895],[-118.2559,33.9547],[-118.2286,33.9483],[-118.1563,33.951],[-118.1093,33.8188],[-118.1846,33.8186],[-118.2319,33.7153],[-118.1327,33.7532],[-118.1151,33.7438],[-118.059,33.8462],[-118.0992,33.8459],[-118.1377,33.966],[-118.1276,34.008],[-118.1462,34.0181],[-118.2397,34.0147],[-118.2564,33.9895]]],[[[-118.594,33.036],[-118.6416,33.0171],[-118.5815,32.9317],[-118.4879,32.8446],[-118.4256,32.8006],[-118.3535,32.822],[-118.4468,32.8954],[-118.594,33.036]]]]},"properties":{"GEOID":"0642","BASENAME":"42","NAME":"Congressional District 42","STATE":"06","CD119":"42"}},{"type":"Feature","geometry":{"type":"Polygon","coordinates":[[[-105.1563,39.6003],[-105.073,39.5453],[-105.0487,39.5661],[-104.7366,39.5659],[-104.7367,39.5513],[-104.6796,39.5507],[-104.6793,39.5659],[-104.6421,39.5659],[-104.66,39.6529],[-104.754,39.624],[-104.7255,39.6675],[-104.5843,39.667],[-104.6162,39.74],[-104.4709,39.7384],[-104.4893,39.825],[-104.7625,39.8234],[-104.7346,39.7692],[-104.8846,39.7402],[-104.894,39.6821],[-104.9035,39.6874],[-104.9081,39.6803],[-104.9035,39.6676],[-104.8757,39.6645],[-104.8709,39.6748],[-104.8663,39.6603],[-104.8473,39.6571],[-104.9134,39.6241],[-104.9735,39.6677],[-105.0536,39.6097],[-105.1563,39.6003]]]},"properties":{"GEOID":"0806","BASENAME":"6","NAME":"Congressional District 6","STATE":"08","CD119":"06"}},{"type":"Feature","geometry":{"type":"Polygon","coordinates":[[[-73.537,41.4411],[-73.5431,41.3768],[-73.4701,41.3264],[-73.3253,41.3225],[-73.2025,41.3719],[-73.1833,41.3917],[-73.2077,41.4205],[-73.1579,41.4892],[-73.1042,41.4894],[-73.0406,41.5476],[-72.9351,41.5076],[-72.9524,41.4646],[-72.8867,41.448],[-72.8503,41.5157],[-72.7733,41.497],[-72.7448,41.4982],[-72.7522,41.5789],[-72.8485,41.5673],[-72.8531,41.5464],[-72.9463,41.5568],[-72.9385,41.6443],[-72.9831,41.6395],[-72.9985,41.7125],[-72.8983,41.7232],[-72.8834,41.6495],[-72.7504,41.6502],[-72.795,41.7475],[-72.7682,41.9177],[-72.9059,41.9217],[-72.9406,41.8952],[-72.949,41.8064],[-73.2018,41.79],[-73.1272,42.0421],[-73.4873,42.0496],[-73.537,41.4411]]]},"properties":{"GEOID":"0905","BASENAME":"5","NAME":"Congressional District 5","STATE":"09","CD119":"05"}},{"type":"Feature","geometry":{"type":"Polygon","coordinates":[[[-97.3719,38.6094],[-97.3717,38.1737],[-97.1531,38.1746],[-97.1529,38.0877],[-96.3581,38.0858],[-96.3573,38.1727],[-95.9589,38.1709],[-95.9643,36.9992],[-94.618,36.9989],[-94.6128,38.3887],[-95.0658,38.3899],[-95.0779,38.0377],[-95.519,38.0382],[-95.508,38.6953],[-95.5007,38.7388],[-95.0564,38.7386],[-95.0563,38.9821],[-94.9233,39.0026],[-94.9088,38.9914],[-94.9085,39.116],[-94.6797,39.0998],[-94.6247,39.0753],[-94.6075,39.0898],[-94.6074,39.1134],[-94.5919,39.155],[-94.6239,39.1566],[-94.6803,39.1843],[-94.7419,39.1702],[-94.7997,39.206],[-94.8257,39.2417],[-94.9081,39.3237],[-94.889,39.3924],[-94.9467,39.3997],[-94.9821,39.4406],[-95.1136,39.5539],[-95.0472,39.5951],[-95.0375,39.6529],[-94.9713,39.6864],[-94.9711,39.7231],[-94.8993,39.724],[-94.8604,39.7495],[-94.8711,39.773],[-94.8787,39.8265],[-94.9515,39.9005],[-95.0187,39.8974],[-95.0815,39.8617],[-95.2311,39.9438],[-95.3083,40.0],[-96.2392,40.0007],[-96.239,39.5662],[-95.7186,39.5659],[-95.5701,39.5255],[-95.5704,39.4191],[-95.1809,39.4192],[-95.1862,38.9645],[-95.2578,38.9152],[-95.3353,38.9425],[-95.3358,39.0295],[-95.4307,39.0693],[-95.5003,39.0567],[-95.5968,39.0647],[-95.5895,39.2161],[-96.0356,39.2165],[-96.0391,39.1265],[-96.0836,39.1935],[-96.2337,39.2123],[-96.3314,39.1589],[-96.389,39.1729],[-96.3908,39.0433],[-96.5012,39.0437],[-96.501,39.0727],[-96.8514,39.0882],[-96.8499,39.219],[-96.9617,39.2201],[-96.9635,38.9649],[-96.9262,38.9789],[-96.8902,38.8701],[-96.9272,38.8122],[-96.9303,38.6094],[-97.3719,38.6094]]]},"properties":{"GEOID":"2002","BASENAME":"2","NAME":"Congressional District 2","STATE":"20","CD119":"02"}},{"type":"Feature","geometry":{"type":"Polygon","coordinates":[[[-117.4927,33.5577],[-117.5097,33.5052],[-117.3643,33.5049],[-117.2249,33.432],[-117.2621,33.3583],[-117.245,33.2671],[-117.2023,33.253],[-117.1562,33.2529],[-117.1259,33.1972],[-117.0859,33.2072],[-117.1343,33.1239],[-117.0332,33.1493],[-117.0029,33.1126],[-116.9057,33.0836],[-117.0341,33.054],[-117.0664,32.9873],[-117.0666,32.9277],[-117.0012,32.9444],[-116.9893,32.905],[-117.0382,32.8314],[-116.8962,32.8017],[-117.0015,32.7768],[-116.9406,32.7334],[-117.0164,32.6749],[-116.9278,32.6843],[-116.9239,32.5821],[-116.8532,32.5578],[-116.1062,32.6186],[-116.1033,33.0748],[-116.0849,33.4259],[-116.623,33.4273],[-116.6311,33.4969],[-116.8187,33.4844],[-116.788,33.5405],[-116.8591,33.5126],[-116.946,33.5175],[-116.9892,33.5917],[-117.1365,33.5689],[-117.1711,33.6415],[-117.2448,33.5763],[-117.3435,33.591],[-117.3944,33.549],[-117.4201,33.6231],[-117.4579,33.6022],[-117.4927,33.5577]]]},"properties":{"GEOID":"0648","BASENAME":"48","NAME":"Congressional District 48","STATE":"06","CD119":"48"}},{"type":"Feature","geometry":{"type":"Polygon","coordinates":[[[-103.0427,34.9541],[-103.0428,34.7474],[-101.4716,34.7475],[-101.4716,34.3123],[-101.0415,34.3124],[-101.0388,33.3972],[-98.4207,33.3962],[-98.4214,33.4668],[-97.9789,33.4671],[-97.979,33.4337],[-97.9182,33.4339],[-97.9204,33.0993],[-97.8612,33.1146],[-97.7812,33.2174],[-97.3908,33.2458],[-97.3916,33.2189],[-97.162,33.219],[-97.0964,33.1321],[-97.0198,33.1774],[-97.0367,33.2553],[-97.1417,33.3317],[-97.2139,33.3181],[-97.2201,33.4251],[-97.4871,33.4337],[-97.4865,33.917],[-97.5583,33.8971],[-97.5962,33.9221],[-97.6091,33.9681],[-97.6718,33.9914],[-97.7598,33.9252],[-97.8035,33.8802],[-97.8658,33.8494],[-97.9512,33.8784],[-97.9476,33.9911],[-98.0828,34.0024],[-98.0991,34.0486],[-98.0993,34.1043],[-98.1234,34.1545],[-98.1691,34.1142],[-98.364,34.1571],[-98.3984,34.1285],[-98.4144,34.0851],[-98.4751,34.0643],[-98.5282,34.095],[-98.5771,34.149],[-98.6481,34.1644],[-98.6901,34.1332],[-98.7372,34.131],[-98.8068,34.1559],[-98.8722,34.1604],[-98.9402,34.2037],[-99.0029,34.2088],[-99.0588,34.2013],[-99.1895,34.2143],[-99.2116,34.314],[-99.2753,34.3866],[-99.3504,34.4371],[-99.395,34.4421],[-99.4204,34.3805],[-99.471,34.3965],[-99.5845,34.4077],[-99.6,34.3747],[-99.6965,34.381],[-99.9293,34.5767],[-100.0004,34.5605],[-100.0004,36.4997],[-103.0419,36.5004],[-103.0427,34.9541]]]},"properties":{"GEOID":"4813","BASENAME":"13","NAME":"Congressional District 13","STATE":"48","CD119":"13"}},{"type":"Feature","geometry":{"type":"Polygon","coordinates":[[[-92.8053,44.7684],[-92.6965,44.6894],[-92.618,44.6129],[-92.5493,44.5777],[-92.3615,44.5589],[-92.3141,44.538],[-92.291,44.4855],[-92.2325,44.4454],[-92.1111,44.4139],[-91.9636,44.3621],[-91.9162,44.3181],[-91.8927,44.2311],[-91.8173,44.1642],[-91.7191,44.1289],[-91.6479,44.0641],[-91.5733,44.0269],[-91.4405,44.0015],[-91.291,43.8527],[-91.244,43.773],[-91.2733,43.6666],[-91.2529,43.6004],[-91.2328,43.5648],[-91.2177,43.5006],[-91.2323,43.451],[-91.1994,43.403],[-91.2074,43.3737],[-91.1548,43.3348],[-91.1072,43.3136],[-91.0579,43.254],[-91.1753,43.1347],[-91.1747,43.0387],[-91.138,42.9038],[-91.0988,42.8644],[-91.0707,42.7755],[-91.0172,42.7196],[-90.9416,42.6838],[-90.7437,42.6456],[-90.7009,42.6264],[-90.6428,42.5085],[-90.4264,42.5072],[-90.4298,43.2009],[-90.2978,43.2082],[-90.1938,43.1645],[-90.1918,43.4674],[-90.0732,43.4822],[-90.0724,43.6417],[-89.5995,43.6426],[-89.598,44.2457],[-89.2248,44.2434],[-89.2237,44.6814],[-89.964,44.6848],[-89.9636,44.4236],[-90.0795,44.4243],[-90.0808,44.249],[-89.9028,44.2495],[-89.9234,44.1524],[-89.9705,44.1671],[-90.026,44.0917],[-89.9807,43.9056],[-90.1127,43.923],[-90.1517,43.8858],[-90.1918,43.9813],[-90.5528,43.9859],[-90.5587,44.4222],[-91.0441,44.4226],[-91.0438,44.5966],[-90.9223,44.5963],[-90.9227,44.9444],[-91.1058,44.9443],[-91.1051,44.8571],[-91.2268,44.8569],[-91.228,44.9489],[-91.313,44.9684],[-91.5287,44.9445],[-91.529,45.0309],[-91.6514,45.0298],[-91.6664,45.1208],[-91.6656,45.208],[-92.1565,45.2096],[-92.1361,45.1214],[-92.1363,44.8578],[-92.767,44.862],[-92.8053,44.7684]]]},"properties":{"GEOID":"5503","BASENAME":"3","NAME":"Congressional District 3","STATE":"55","CD119":"03"}},{"type":"Feature","geometry":{"type":"Polygon","coordinates":[[[-121.6122,46.0441],[-121.6092,45.7825],[-121.524,45.7238],[-121.4236,45.694],[-121.3378,45.7049],[-121.2158,45.6712],[-121.1838,45.6064],[-121.1222,45.6161],[-121.0849,45.6479],[-120.944,45.6564],[-120.8956,45.6429],[-120.8557,45.6715],[-120.6894,45.7158],[-120.635,45.7458],[-120.5912,45.7465],[-120.5059,45.7],[-120.404,45.6992],[-120.2822,45.7213],[-120.2108,45.726],[-120.1414,45.7732],[-120.0702,45.7852],[-119.9657,45.8244],[-119.8027,45.8475],[-119.6699,45.8569],[-119.6005,45.9196],[-119.5716,45.9255],[-119.4878,45.9063],[-119.2572,45.9399],[-119.1261,45.9329],[-119.0615,45.9585],[-118.9413,46.0275],[-118.9747,46.1395],[-119.0415,46.1927],[-119.0234,46.2167],[-118.7773,46.2902],[-119.1165,46.2854],[-119.1145,46.3726],[-119.2694,46.3703],[-119.269,46.5192],[-119.403,46.613],[-119.4532,46.6792],[-119.3692,46.6782],[-119.3694,46.7377],[-119.0808,46.7378],[-119.1426,46.895],[-119.1361,46.9122],[-118.9827,46.9113],[-118.9735,47.9434],[-118.852,47.9579],[-118.8439,48.4817],[-118.8696,48.6538],[-118.837,48.6539],[-118.8366,49.0003],[-120.8515,49.0006],[-120.7353,48.8644],[-120.7354,48.7865],[-120.6559,48.7243],[-120.7883,48.6251],[-120.6885,48.5757],[-120.7021,48.5316],[-120.6523,48.5369],[-120.6333,48.4681],[-120.6499,48.3981],[-120.5602,48.361],[-120.5832,48.3191],[-120.5082,48.3103],[-120.4691,48.269],[-120.3463,48.2],[-120.3613,48.1576],[-120.2131,48.079],[-120.1431,48.0649],[-120.066,47.9664],[-119.8706,47.9605],[-119.9927,47.7831],[-120.2094,47.7484],[-120.199,47.6823],[-120.3166,47.4713],[-120.2975,47.4634],[-120.2982,47.4572],[-120.3124,47.4589],[-120.3114,47.4423],[-120.2865,47.3931],[-120.0863,47.3389],[-120.0945,47.2622],[-120.076,47.2259],[-120.0071,47.2201],[-120.0021,47.1262],[-120.0429,47.0735],[-119.9661,46.9438],[-119.9274,46.7984],[-119.973,46.7371],[-120.51,46.7379],[-120.5086,46.8249],[-120.634,46.8258],[-120.6346,46.9121],[-121.0266,46.9113],[-121.0901,46.991],[-121.281,47.0888],[-121.3797,47.0875],[-121.4564,46.9236],[-121.5231,46.8728],[-121.4552,46.7838],[-121.3536,46.7115],[-121.4513,46.5339],[-121.3937,46.3902],[-121.5223,46.3882],[-121.5223,46.044],[-121.6122,46.0441]]]},"properties":{"GEOID":"5304","BASENAME":"4","NAME":"Congressional District 4","STATE":"53","CD119":"04"}},{"type":"Feature","geometry":{"type":"Polygon","coordinates":[[[-72.5561,42.8663],[-72.5396,42.8048],[-72.4776,42.7612],[-72.4585,42.7269],[-71.2942,42.697],[-71.2556,42.7364],[-71.1818,42.7376],[-71.1861,42.7907],[-71.1497,42.8155],[-71.1164,42.8119],[-71.1365,42.8605],[-71.3495,42.8392],[-71.3607,42.799],[-71.4271,42.8248],[-71.4423,42.8904],[-71.4695,42.7941],[-71.5562,42.7923],[-71.582,42.9433],[-71.6413,43.0542],[-71.5175,43.0689],[-71.4663,43.1223],[-71.213,43.077],[-71.1279,43.2001],[-71.2473,43.2752],[-71.236,43.285],[-71.55,43.4527],[-71.6128,43.4381],[-71.7063,43.5376],[-71.4788,43.6986],[-71.4399,43.6956],[-71.5323,43.7648],[-71.3288,43.7827],[-71.3601,43.9084],[-71.2125,43.9244],[-71.1401,43.9629],[-71.1555,44.0246],[-71.3836,44.0226],[-71.3467,44.0688],[-71.4159,44.2122],[-71.3565,44.1658],[-71.3359,44.0858],[-71.3024,44.1374],[-71.2364,44.1398],[-71.2114,44.1303],[-71.2068,44.1396],[-71.1609,44.1271],[-71.0977,44.1241],[-71.0984,44.2355],[-71.0423,44.2375],[-71.0103,44.2849],[-71.0367,44.7365],[-71.0839,45.3055],[-71.1394,45.243],[-71.1826,45.2411],[-71.2445,45.2681],[-71.2837,45.302],[-71.4385,45.239],[-71.4056,45.1981],[-71.4487,45.109],[-71.4984,45.0696],[-71.5011,45.0134],[-71.5316,44.976],[-71.4944,44.9118],[-71.5704,44.8053],[-71.6269,44.7472],[-71.5846,44.6654],[-71.5517,44.6276],[-71.5449,44.5793],[-71.5881,44.5479],[-71.58,44.5018],[-71.6466,44.4689],[-71.6909,44.4212],[-71.7786,44.3998],[-71.8188,44.3529],[-71.8759,44.3374],[-71.9452,44.3377],[-72.0023,44.3249],[-72.0463,44.292],[-72.0613,44.185],[-72.0369,44.1031],[-72.0755,44.0346],[-72.1167,43.992],[-72.1059,43.9494],[-72.1698,43.8734],[-72.1833,43.8082],[-72.2221,43.7598],[-72.2848,43.7204],[-72.3295,43.6084],[-72.3794,43.5741],[-72.3809,43.4934],[-72.4134,43.3627],[-72.4025,43.3204],[-72.4406,43.2153],[-72.4518,43.1535],[-72.4352,43.0866],[-72.4622,43.0442],[-72.445,43.0044],[-72.4926,42.9676],[-72.5322,42.9549],[-72.5315,42.8979],[-72.5561,42.8663]]]},"properties":{"GEOID":"3302","BASENAME":"2","NAME":"Congressional District 2","STATE":"33","CD119":"02"}},{"type":"Feature","geometry":{"type":"Polygon","coordinates":[[[-93.9464,32.4786],[-93.8896,32.4122],[-93.8104,32.3959],[-93.8565,32.2764],[-93.8245,32.3022],[-93.7576,32.3041],[-93.7183,32.2274],[-93.8152,32.2292],[-93.8055,32.1223],[-93.7398,32.0522],[-93.7903,32.0682],[-93.8292,32.0267],[-93.8505,31.9382],[-93.7821,31.9725],[-93.7822,31.8889],[-93.7305,31.889],[-93.7135,31.8452],[-93.4412,31.8452],[-93.4417,31.7145],[-93.3384,31.7142],[-93.3376,31.5383],[-93.2368,31.5379],[-93.2366,31.3645],[-92.992,31.3604],[-92.9815,31.3469],[-92.9157,31.3246],[-92.8903,31.3523],[-92.7652,31.3495],[-92.6083,31.3095],[-92.4942,31.2956],[-92.5205,31.2607],[-92.4943,31.2237],[-92.4344,31.249],[-92.4009,31.0986],[-92.4334,31.0717],[-92.3802,31.0004],[-92.3308,30.9633],[-92.2807,30.9651],[-92.2378,30.8483],[-92.2126,30.8486],[-92.1723,30.7679],[-92.1725,30.6738],[-92.2115,30.5681],[-92.2627,30.5387],[-92.4208,30.5388],[-92.4933,30.4805],[-92.2448,30.4802],[-92.1764,30.4369],[-92.1422,30.2988],[-92.0771,30.3652],[-92.0426,30.3765],[-92.0911,30.2542],[-91.9769,30.2109],[-91.9579,30.2119],[-91.9428,30.2366],[-91.9538,30.36],[-91.9887,30.3686],[-91.8693,30.4172],[-91.6789,30.3947],[-91.7562,30.4981],[-91.5921,30.497],[-91.5835,30.4826],[-91.4852,30.4973],[-91.3115,30.3225],[-91.1421,30.3233],[-91.1266,30.3133],[-91.021,30.3215],[-91.0141,30.33],[-91.1399,30.3743],[-91.1721,30.3575],[-91.2057,30.408],[-91.1991,30.4223],[-91.123,30.3689],[-91.1305,30.4447],[-91.0092,30.4025],[-90.9892,30.4658],[-91.0962,30.526],[-91.0531,30.7122],[-91.2547,30.7049],[-91.2977,30.6495],[-91.3309,30.6587],[-91.3806,30.7588],[-91.4504,30.7362],[-91.553,30.7308],[-91.5946,30.7502],[-91.5395,30.7912],[-91.5156,30.8752],[-91.5493,30.9162],[-91.6146,30.9176],[-91.5564,30.8486],[-91.6618,30.86],[-91.6369,30.9994],[-91.6873,31.0181],[-91.7501,31.0188],[-91.7965,30.9828],[-91.8057,31.0319],[-91.8557,31.02],[-91.9562,31.0875],[-92.0353,31.0989],[-92.0725,31.0227],[-92.1821,31.0233],[-92.2271,31.0748],[-92.2332,31.3215],[-92.0867,31.3354],[-92.0729,31.3454],[-92.1961,31.4779],[-92.6319,31.3905],[-92.6929,31.3996],[-92.7189,31.5175],[-92.8062,31.5985],[-92.9083,31.6252],[-92.9646,31.6807],[-92.9735,31.7089],[-92.9668,31.7813],[-92.8722,31.9459],[-92.9391,32.1479],[-93.1871,32.1485],[-93.1212,31.9726],[-93.2385,31.9728],[-93.2395,31.9035],[-93.3555,31.9322],[-93.4415,31.9892],[-93.5396,32.1022],[-93.536,32.1931],[-93.6147,32.2375],[-93.6235,32.2829],[-93.7527,32.3424],[-93.7548,32.5],[-93.7174,32.4788],[-93.6986,32.4929],[-93.7677,32.5395],[-93.7668,32.5567],[-93.8457,32.6017],[-93.81,32.5181],[-93.9464,32.4786]]]},"properties":{"GEOID":"2206","BASENAME":"6","NAME":"Congressional District 6","STATE":"22","CD119":"06"}},{"type":"Feature","geometry":{"type":"Polygon","coordinates":[[[-98.1256,30.4262],[-98.173,30.3563],[-98.0108,30.2403],[-97.9188,30.2878],[-97.9084,30.3062],[-97.8508,30.3516],[-97.7856,30.2943],[-97.7901,30.3659],[-97.8477,30.396],[-97.8917,30.3691],[-97.9058,30.4213],[-97.8106,30.4639],[-97.8041,30.4864],[-97.7569,30.5018],[-97.7611,30.4775],[-97.7197,30.4708],[-97.7211,30.4558],[-97.6946,30.4615],[-97.6692,30.4348],[-97.5171,30.3964],[-97.4774,30.3235],[-97.5546,30.2577],[-97.4863,30.2205],[-97.4913,30.2121],[-97.3224,30.0982],[-97.1654,30.0338],[-97.1942,29.8968],[-97.3179,29.7847],[-97.1312,29.6438],[-97.1426,29.6281],[-96.8742,29.6327],[-96.7931,29.5774],[-96.5606,29.3354],[-96.6585,29.2639],[-96.6403,29.2478],[-96.3492,29.4061],[-96.3077,29.5145],[-96.1754,29.6338],[-96.1126,29.6236],[-96.0889,29.6017],[-96.0248,29.6029],[-96.0327,29.7279],[-95.9709,29.7286],[-95.826,29.7886],[-95.9606,30.1636],[-95.8033,30.0901],[-95.8043,30.2456],[-95.8302,30.6303],[-95.8631,30.8641],[-95.7165,30.9114],[-95.6162,30.9102],[-95.6179,30.9304],[-95.6812,30.987],[-95.6565,31.0793],[-95.7644,31.0942],[-95.9752,31.092],[-96.241,30.9737],[-96.338,30.9205],[-96.4576,30.7445],[-96.567,30.6957],[-96.6214,30.7308],[-97.1552,30.4573],[-97.3345,30.4028],[-97.3695,30.4196],[-97.4001,30.3679],[-97.5826,30.4666],[-97.6496,30.4429],[-97.6738,30.4801],[-97.6841,30.4763],[-97.6871,30.5131],[-97.7352,30.5218],[-97.8465,30.4734],[-97.8679,30.5465],[-97.9567,30.6282],[-98.0499,30.6242],[-98.1234,30.4865],[-98.1256,30.4262]]]},"properties":{"GEOID":"4810","BASENAME":"10","NAME":"Congressional District 10","STATE":"48","CD119":"10"}},{"type":"Feature","geometry":{"type":"MultiPolygon","coordinates":[[[[-81.4423,25.8033],[-81.3838,25.7768],[-81.356,25.7035],[-81.2899,25.6736],[-81.2405,25.599],[-81.2082,25.5049],[-81.1468,25.4076],[-81.1481,25.3328],[-81.1709,25.2459],[-81.1423,25.183],[-81.0799,25.1188],[-80.9159,25.1413],[-80.8755,25.1743],[-80.8121,25.186],[-80.7477,25.1474],[-80.7106,25.1525],[-80.6505,25.1891],[-80.5424,25.2064],[-80.4954,25.1998],[-80.5166,25.0955],[-80.6109,25.007],[-80.8475,24.8518],[-81.0389,24.7726],[-81.1487,24.7105],[-81.1034,24.6695],[-80.9662,24.7079],[-80.6512,24.8661],[-80.4968,24.9993],[-80.3582,25.1532],[-80.2386,25.3268],[-80.1632,25.4522],[-80.176,25.5212],[-80.2348,25.422],[-80.3104,25.3897],[-80.337,25.4656],[-80.316,25.5326],[-80.3723,25.57],[-80.3844,25.732],[-80.3531,25.7816],[-80.417,25.7609],[-80.8274,25.762],[-80.8731,25.8054],[-81.4423,25.8033]]],[[[-81.8117,24.5687],[-81.8125,24.5455],[-81.6852,24.5587],[-81.4439,24.6427],[-81.4019,24.6235],[-81.2432,24.674],[-81.3051,24.7552],[-81.4435,24.8134],[-81.5712,24.7564],[-81.5846,24.7367],[-81.6723,24.6995],[-81.7513,24.6535],[-81.8117,24.5687]]],[[[-82.0149,24.5431],[-82.0281,24.4987],[-81.9189,24.4981],[-81.8687,24.5841],[-81.9839,24.5807],[-82.0149,24.5431]]],[[[-82.188,24.5747],[-82.1795,24.5295],[-82.1008,24.5333],[-82.0866,24.5901],[-82.1441,24.6225],[-82.188,24.5747]]]]},"properties":{"GEOID":"1228","BASENAME":"28","NAME":"Congressional District 28","STATE":"12","CD119":"28"}},{"type":"Feature","geometry":{"type":"Polygon","coordinates":[[[-97.229,49.0007],[-97.2279,48.9459],[-97.1,48.6679],[-97.1429,48.5837],[-97.1491,48.5323],[-97.1295,48.2578],[-97.1467,48.1686],[-97.069,48.0263],[-97.0374,47.9333],[-96.9964,47.8444],[-96.9285,47.7449],[-96.8541,47.572],[-96.8575,47.4405],[-96.8191,47.0812],[-96.8335,47.0101],[-96.764,46.9125],[-96.7888,46.7776],[-96.7905,46.6369],[-96.7444,46.566],[-96.7091,46.4353],[-96.6473,46.3585],[-96.601,46.3196],[-96.5957,46.2199],[-96.5545,46.084],[-96.5743,46.0165],[-96.5637,45.9352],[-96.5871,45.8164],[-96.6305,45.7812],[-96.6727,45.7323],[-96.7451,45.7016],[-96.8262,45.6542],[-96.8516,45.6194],[-96.844,45.594],[-96.781,45.536],[-96.7108,45.4369],[-96.6754,45.4102],[-96.6177,45.4081],[-96.5218,45.3756],[-96.4826,45.3463],[-96.4578,45.3076],[-96.4529,43.8495],[-94.8594,43.8481],[-94.8598,44.108],[-94.7383,44.1089],[-94.7458,44.2972],[-94.8662,44.3402],[-94.8658,44.4982],[-94.8149,44.4845],[-94.7806,44.4567],[-93.9349,44.4567],[-93.8854,44.5189],[-93.9104,44.5432],[-93.8584,44.6208],[-93.768,44.6404],[-93.7682,44.6735],[-93.8888,44.6734],[-93.8886,44.717],[-94.0105,44.7175],[-94.0122,44.9787],[-94.2561,44.9795],[-94.2615,45.2977],[-94.2203,45.4068],[-94.3838,45.4279],[-94.3845,45.5004],[-94.5055,45.4995],[-94.5061,45.5859],[-94.317,45.5901],[-94.2638,45.6738],[-94.1898,45.6735],[-94.203,45.6782],[-94.2718,45.7752],[-94.3531,45.822],[-93.7639,45.8221],[-93.8103,45.9831],[-93.8104,46.1566],[-94.3746,46.1571],[-94.3889,46.2382],[-94.3417,46.2777],[-94.4265,46.3323],[-94.5347,46.3028],[-94.6535,46.3487],[-94.7171,46.3514],[-94.7314,46.3686],[-94.7791,46.3942],[-94.7871,46.8039],[-94.6599,46.8037],[-94.6639,47.0355],[-94.7909,46.9864],[-94.7913,47.0641],[-94.9175,47.0653],[-94.9167,46.9778],[-96.066,46.9773],[-96.0676,47.4991],[-95.5542,47.4999],[-95.5534,47.6736],[-95.5788,47.6737],[-95.5829,48.0207],[-95.5924,48.0387],[-95.6023,48.5389],[-95.3425,48.5402],[-95.3427,48.713],[-95.0899,48.7131],[-95.0915,48.9206],[-95.2356,48.8815],[-95.301,48.9042],[-95.3199,48.9988],[-97.229,49.0007]]]},"properties":{"GEOID":"2707","BASENAME":"7","NAME":"Congressional District 7","STATE":"27","CD119":"07"}},{"type":"Feature","geometry":{"type":"Polygon","coordinates":[[[-81.4595,28.7133],[-81.458,28.6402],[-81.3285,28.6396],[-81.3279,28.6105],[-80.9872,28.613],[-80.9679,28.7902],[-80.7275,28.7912],[-80.9662,29.148],[-80.9954,29.2061],[-80.9792,29.1549],[-81.0877,29.1059],[-81.084,29.0121],[-81.2316,29.0176],[-81.2578,28.9555],[-81.3322,28.9748],[-81.3669,28.8792],[-81.4196,28.8152],[-81.4147,28.7856],[-81.4595,28.7133]]]},"properties":{"GEOID":"1207","BASENAME":"7","NAME":"Congressional District 7","STATE":"12","CD119":"07"}},{"type":"Feature","geometry":{"type":"Polygon","coordinates":[[[-109.0492,31.7966],[-109.05,31.3325],[-108.2086,31.3334],[-108.2084,31.7836],[-106.5282,31.7831],[-106.5813,31.8139],[-106.6359,31.8715],[-106.6234,31.914],[-106.6301,31.9713],[-106.6185,32.0005],[-103.0644,32.0005],[-103.0648,32.727],[-103.1239,32.6966],[-103.3508,32.6967],[-103.351,32.7694],[-103.8145,32.7702],[-103.8145,32.9651],[-104.1076,32.9654],[-104.125,32.9493],[-104.1502,32.8002],[-104.3205,32.7603],[-104.361,32.7853],[-104.4789,32.7807],[-104.5314,32.7557],[-104.518,32.7865],[-104.6088,32.7993],[-104.6314,32.8282],[-104.5507,32.964],[-104.9052,32.9629],[-104.9055,33.1389],[-105.317,33.1323],[-105.3162,33.0027],[-105.4845,33.0053],[-105.4605,33.0245],[-105.559,33.0533],[-105.6362,33.1092],[-105.6943,33.1172],[-105.7028,33.1765],[-105.7495,33.2292],[-105.7878,33.2155],[-105.9296,33.2184],[-105.9316,33.3899],[-106.3719,33.3918],[-106.3737,33.6605],[-106.0527,33.6503],[-106.0527,33.8256],[-105.9247,33.8256],[-105.926,34.26],[-106.416,34.2598],[-106.4169,34.4397],[-106.4563,34.4371],[-106.5646,34.4739],[-106.7456,34.6611],[-106.7201,34.8721],[-106.6676,34.8112],[-106.4645,34.811],[-106.4639,34.8702],[-106.4118,34.8703],[-106.4134,34.8902],[-106.3804,34.9474],[-106.6637,34.9468],[-106.6403,35.0601],[-106.7266,35.124],[-106.6799,35.1937],[-106.729,35.218],[-107.1972,35.2195],[-107.2389,35.3055],[-107.6288,35.3043],[-107.6283,35.3483],[-107.7342,35.3481],[-107.7342,35.305],[-108.4687,35.3067],[-108.4687,35.2992],[-108.5345,35.2967],[-108.54,35.1221],[-108.6361,35.1218],[-108.7364,35.0994],[-108.7495,35.0556],[-108.8558,35.1064],[-108.8476,35.1766],[-109.0464,35.1755],[-109.0492,31.7966]]]},"properties":{"GEOID":"3502","BASENAME":"2","NAME":"Congressional District 2","STATE":"35","CD119":"02"}},{"type":"Feature","geometry":{"type":"Polygon","coordinates":[[[-85.1418,31.8393],[-85.1189,31.7327],[-85.1255,31.695],[-85.0582,31.6202],[-85.058,31.5708],[-85.0419,31.5447],[-85.0716,31.4684],[-85.066,31.4314],[-85.0925,31.3629],[-85.0898,31.295],[-85.1082,31.2586],[-85.1075,31.1865],[-85.0356,31.1082],[-85.0114,31.0535],[-85.0025,31.0007],[-85.0061,30.977],[-84.9838,30.937],[-84.9357,30.8787],[-84.9343,30.834],[-84.9181,30.7721],[-84.8647,30.7115],[-83.7437,30.6585],[-83.7362,31.0377],[-84.0039,31.0416],[-83.9962,31.6252],[-84.0184,31.6503],[-84.0084,31.8016],[-83.9394,31.8479],[-83.9225,31.9097],[-83.9201,31.9272],[-83.9613,32.0306],[-83.6097,32.0279],[-83.6062,32.2756],[-83.6156,32.2886],[-83.8484,32.291],[-83.8565,32.3824],[-83.837,32.3888],[-83.8467,32.4685],[-83.8257,32.4391],[-83.7231,32.5211],[-83.7186,32.6314],[-83.6221,32.5832],[-83.5481,32.5719],[-83.5558,32.6525],[-83.5977,32.6643],[-83.6022,32.7414],[-83.5135,32.8449],[-83.5651,32.8772],[-83.6586,32.8878],[-83.7048,32.8334],[-83.7895,32.8179],[-83.8728,32.8595],[-83.8919,32.8484],[-84.1243,32.8496],[-84.1243,32.8009],[-84.2026,32.69],[-84.2358,32.7383],[-84.3804,32.7792],[-84.5069,32.8818],[-84.5707,32.8452],[-84.7005,32.8446],[-84.6829,32.7303],[-84.6938,32.6858],[-84.6946,32.5839],[-84.9079,32.5834],[-84.9818,32.6077],[-84.9569,32.4849],[-84.9998,32.5071],[-84.9718,32.4428],[-84.9835,32.3632],[-85.0081,32.3367],[-84.8918,32.2634],[-84.9301,32.2191],[-84.9978,32.1854],[-85.0587,32.136],[-85.0471,32.0874],[-85.0678,31.9674],[-85.1418,31.8393]]]},"properties":{"GEOID":"1302","BASENAME":"2","NAME":"Congressional District 2","STATE":"13","CD119":"02"}},{"type":"Feature","geometry":{"type":"Polygon","coordinates":[[[-84.2866,35.2058],[-84.3219,34.9884],[-83.62,34.9866],[-83.1086,35.0007],[-82.7833,35.0856],[-82.7464,35.0791],[-82.686,35.1245],[-82.4556,35.1774],[-82.4113,35.2025],[-82.3134,35.1961],[-82.1938,35.2932],[-82.0756,35.289],[-82.0895,35.3597],[-82.1531,35.4081],[-82.2613,35.3932],[-82.2806,35.4431],[-82.2332,35.5194],[-82.169,35.5278],[-81.9676,35.526],[-81.8425,35.5423],[-81.8241,35.575],[-81.8694,35.7196],[-81.9869,35.8071],[-81.9067,35.8834],[-81.9432,35.96],[-81.8999,35.9999],[-81.8072,35.962],[-81.7357,36.0676],[-81.8105,36.1115],[-81.8292,36.1688],[-81.909,36.2164],[-81.9184,36.2874],[-82.0287,36.1243],[-82.0801,36.1057],[-82.1271,36.1044],[-82.1408,36.1362],[-82.2113,36.159],[-82.2657,36.1276],[-82.2977,36.1335],[-82.4095,36.0834],[-82.4646,36.0065],[-82.5579,35.9539],[-82.6109,35.9744],[-82.5955,36.026],[-82.6284,36.0621],[-82.7794,35.9925],[-82.7875,35.9522],[-82.8161,35.924],[-82.8607,35.9474],[-82.9106,35.9269],[-82.8997,35.8746],[-82.9784,35.7826],[-83.0485,35.7877],[-83.1615,35.7634],[-83.1983,35.7255],[-83.2554,35.7162],[-83.2972,35.6577],[-83.3473,35.6605],[-83.4216,35.6112],[-83.4524,35.6029],[-83.4983,35.563],[-83.6532,35.5683],[-83.7717,35.5621],[-83.9168,35.4736],[-83.9732,35.4526],[-84.0218,35.4074],[-84.0076,35.3717],[-84.0381,35.3484],[-84.0235,35.2958],[-84.0975,35.2474],[-84.1785,35.2407],[-84.2237,35.2691],[-84.2832,35.2266],[-84.2866,35.2058]]]},"properties":{"GEOID":"3711","BASENAME":"11","NAME":"Congressional District 11","STATE":"37","CD119":"11"}},{"type":"Feature","geometry":{"type":"Polygon","coordinates":[[[-79.1667,34.853],[-79.1138,34.8046],[-79.1547,34.7682],[-79.1019,34.7677],[-79.0204,34.6534],[-78.936,34.6825],[-79.0082,34.5239],[-79.0626,34.5017],[-79.1126,34.4058],[-79.0744,34.3588],[-79.1084,34.3311],[-78.5411,33.8511],[-78.384,33.9019],[-78.2761,33.9124],[-78.137,33.9122],[-78.0187,33.8883],[-78.0068,33.8587],[-77.9602,33.8533],[-77.9155,33.9717],[-77.8292,34.1626],[-77.764,34.2456],[-77.635,34.3596],[-77.5152,34.4374],[-77.5762,34.4766],[-77.6801,34.7206],[-77.9812,34.714],[-78.114,34.7218],[-78.114,34.7069],[-78.2544,34.5536],[-78.252,34.5619],[-78.3235,34.6657],[-78.5461,34.9159],[-78.641,34.9888],[-78.5539,35.0481],[-78.4541,35.0532],[-78.4324,35.1333],[-78.5389,35.2345],[-78.4502,35.2586],[-78.4919,35.2633],[-78.5383,35.3164],[-78.5835,35.2968],[-78.6171,35.2457],[-78.7946,35.266],[-78.9355,35.2187],[-78.8997,35.0876],[-78.9304,35.0308],[-79.0568,34.9998],[-79.0387,34.9527],[-79.1667,34.853]]]},"properties":{"GEOID":"3707","BASENAME":"7","NAME":"Congressional District 7","STATE":"37","CD119":"07"}},{"type":"Feature","geometry":{"type":"Polygon","coordinates":[[[-83.3532,34.7286],[-83.3387,34.682],[-83.2214,34.6099],[-83.1546,34.5882],[-83.0483,34.4933],[-82.9951,34.4725],[-82.9258,34.4818],[-82.8738,34.4715],[-82.8234,34.3589],[-82.745,34.2449],[-82.7154,34.1482],[-82.6428,34.0813],[-82.5568,33.9454],[-82.513,33.937],[-82.4311,33.8671],[-82.3245,33.82],[-82.2391,33.7309],[-82.1997,33.6576],[-82.1619,33.6106],[-82.1062,33.5956],[-82.0282,33.5449],[-82.0166,33.5291],[-81.5713,33.8775],[-81.472,34.0766],[-81.3941,34.0715],[-81.4372,34.13],[-81.339,34.1976],[-81.3169,34.2395],[-81.3423,34.2669],[-81.4232,34.4944],[-81.541,34.445],[-81.6773,34.558],[-81.8519,34.5948],[-81.863,34.5802],[-82.0046,34.6623],[-82.1652,34.7965],[-82.2378,34.7482],[-82.2269,34.6938],[-82.4551,34.7507],[-82.4609,34.7967],[-82.487,34.819],[-82.5379,35.0155],[-82.5939,35.0079],[-82.5715,35.0746],[-82.7497,35.0476],[-82.7618,35.0818],[-82.7833,35.0856],[-83.1086,35.0007],[-83.1406,34.9249],[-83.2526,34.8535],[-83.3239,34.7897],[-83.3201,34.7596],[-83.3532,34.7286]]]},"properties":{"GEOID":"4503","BASENAME":"3","NAME":"Congressional District 3","STATE":"45","CD119":"03"}},{"type":"Feature","geometry":{"type":"Polygon","coordinates":[[[-86.5408,43.6446],[-86.5295,43.5935],[-86.4793,43.5153],[-86.4078,43.3384],[-86.3481,43.2449],[-86.2046,43.272],[-86.1449,43.2052],[-85.9084,43.2059],[-85.9074,43.1189],[-85.4312,43.118],[-85.429,42.8563],[-85.5458,42.8545],[-85.5432,42.4214],[-85.0716,42.4214],[-85.0738,42.5092],[-85.0149,42.5094],[-85.0143,42.5818],[-84.9558,42.5972],[-84.9558,42.7705],[-84.8371,42.7705],[-84.8369,43.1189],[-84.3678,43.1179],[-84.3699,43.466],[-84.4887,43.4662],[-84.487,43.7272],[-84.368,43.7265],[-84.3667,43.8136],[-84.3579,43.8283],[-84.1673,43.8259],[-84.1661,44.1618],[-85.3348,44.1651],[-85.3384,44.4254],[-85.7589,44.4242],[-85.7572,44.513],[-86.237,44.5183],[-86.2489,44.483],[-86.2519,44.401],[-86.2687,44.3453],[-86.4299,44.1198],[-86.5147,44.0581],[-86.5017,44.0219],[-86.4631,43.971],[-86.4312,43.8407],[-86.4451,43.7716],[-86.5103,43.6986],[-86.5408,43.6446]]]},"properties":{"GEOID":"2602","BASENAME":"2","NAME":"Congressional District 2","STATE":"26","CD119":"02"}},{"type":"Feature","geometry":{"type":"Polygon","coordinates":[[[-82.5989,38.201],[-82.6262,38.1348],[-82.465,37.9769],[-82.4876,37.917],[-82.4187,37.8724],[-82.37,37.8017],[-82.3274,37.7622],[-82.2961,37.6862],[-82.2261,37.6531],[-82.0644,37.5445],[-81.9683,37.5378],[-81.9323,37.512],[-81.9849,37.4543],[-81.937,37.4199],[-81.9336,37.3892],[-81.896,37.332],[-81.8499,37.2852],[-81.7747,37.2748],[-81.744,37.2425],[-81.6786,37.2025],[-81.5606,37.2067],[-81.4836,37.2506],[-81.4279,37.271],[-81.3622,37.3377],[-81.2251,37.2349],[-81.1126,37.2785],[-80.9193,37.3062],[-80.8355,37.3348],[-80.8832,37.3839],[-80.8651,37.4199],[-80.8364,37.4244],[-80.7701,37.3724],[-80.665,37.4142],[-80.5448,37.4747],[-80.4648,37.4261],[-80.2916,37.5365],[-80.2824,37.5855],[-80.2234,37.6232],[-80.2923,37.6837],[-80.2581,37.7206],[-80.1996,37.8275],[-80.0362,37.9679],[-79.9712,38.0443],[-79.939,38.1116],[-79.9162,38.1844],[-79.7875,38.2733],[-79.8041,38.3139],[-79.7346,38.3567],[-79.6897,38.4314],[-79.6911,38.4637],[-79.6691,38.5109],[-79.6491,38.5915],[-79.5426,38.5532],[-79.4766,38.4572],[-79.3703,38.4272],[-79.2978,38.4164],[-79.2316,38.474],[-79.1544,38.6065],[-79.093,38.6595],[-79.0881,38.6901],[-79.0573,38.7614],[-79.3499,38.9575],[-79.5195,38.892],[-79.5101,38.7807],[-79.6268,38.6642],[-79.7392,38.6796],[-79.7769,38.7397],[-79.8633,38.5508],[-80.0292,38.4592],[-80.1169,38.474],[-80.2455,38.3885],[-80.1839,38.5254],[-80.2801,38.6949],[-80.3182,38.6843],[-80.3931,38.7276],[-80.4573,38.7392],[-80.4738,38.8332],[-80.5835,38.8589],[-80.6058,38.9042],[-80.7168,39.0084],[-80.7283,39.0957],[-80.813,39.1094],[-81.0026,39.0096],[-81.0336,39.0096],[-81.1365,39.0451],[-81.1625,39.0306],[-81.2503,39.0351],[-81.298,39.1856],[-81.4249,39.1357],[-81.5814,39.0262],[-81.7207,39.0842],[-81.7503,39.104],[-81.8079,39.084],[-81.7757,38.9807],[-81.8274,38.9459],[-81.8985,38.9296],[-81.9418,38.9933],[-82.0071,39.0296],[-82.0416,39.0179],[-82.0891,38.976],[-82.1348,38.9056],[-82.1616,38.8246],[-82.2093,38.8027],[-82.1752,38.6085],[-82.219,38.5917],[-82.2743,38.5937],[-82.2933,38.5603],[-82.3042,38.4963],[-82.324,38.4493],[-82.5607,38.4043],[-82.5937,38.4218],[-82.598,38.3449],[-82.5719,38.3158],[-82.5818,38.2486],[-82.5989,38.201]]]},"properties":{"GEOID":"5401","BASENAME":"1","NAME":"Congressional District 1","STATE":"54","CD119":"01"}},{"type":"Feature","geometry":{"type":"Polygon","coordinates":[[[-89.1311,42.7596],[-89.1309,42.7254],[-89.08,42.7302],[-89.0804,42.6281],[-88.9827,42.623],[-88.9478,42.5384],[-89.0708,42.5547],[-89.0674,42.4965],[-87.8005,42.4919],[-87.8147,42.644],[-87.7851,42.7008],[-87.7667,42.7849],[-87.8349,42.8567],[-87.8427,42.9441],[-87.8734,42.9856],[-87.8891,42.9227],[-87.9494,42.9304],[-88.0113,42.9551],[-88.0693,42.9524],[-88.0699,42.8433],[-88.3064,42.8421],[-88.3079,42.7616],[-88.426,42.7562],[-88.4241,42.8426],[-89.0135,42.8476],[-89.0136,42.7602],[-89.1311,42.7596]]]},"properties":{"GEOID":"5501","BASENAME":"1","NAME":"Congressional District 1","STATE":"55","CD119":"01"}},{"type":"Feature","geometry":{"type":"MultiPolygon","coordinates":[[[[-89.2237,44.6814],[-89.2248,44.2434],[-88.7662,44.2434],[-88.7652,44.1695],[-88.6344,44.1553],[-88.565,44.2437],[-88.4041,44.2441],[-88.4035,44.0013],[-88.1512,44.0002],[-88.0421,43.9792],[-88.0432,44.241],[-87.8881,44.2405],[-87.8875,44.3276],[-87.5433,44.3275],[-87.447,44.5863],[-87.4016,44.6312],[-87.276,44.8332],[-87.2063,44.8859],[-87.1884,44.9481],[-87.1394,45.0126],[-87.0632,45.0793],[-87.0457,45.135],[-87.0442,45.1869],[-86.9788,45.2273],[-86.9778,45.2907],[-87.017,45.2993],[-87.0576,45.2928],[-87.1087,45.257],[-87.1216,45.2098],[-87.1751,45.1731],[-87.2382,45.1673],[-87.2649,45.0814],[-87.3365,45.0135],[-87.3934,44.9344],[-87.4465,44.8861],[-87.5151,44.8696],[-87.531,44.8574],[-87.5813,44.8518],[-87.7209,44.7245],[-87.7198,44.6932],[-87.7752,44.6393],[-87.8669,44.6084],[-87.9438,44.5297],[-88.0055,44.5392],[-88.0412,44.5726],[-87.9987,44.6093],[-88.0021,44.664],[-87.9835,44.7202],[-87.9415,44.7561],[-87.9045,44.8187],[-87.8384,44.874],[-87.8434,44.9244],[-87.813,44.954],[-87.6965,44.9742],[-87.6303,44.9769],[-87.6257,45.0452],[-87.5902,45.0953],[-87.6482,45.1064],[-87.7418,45.1971],[-87.6674,45.3164],[-87.6573,45.3688],[-87.7068,45.3838],[-87.7509,45.355],[-87.8635,45.353],[-87.8474,45.4442],[-87.8058,45.4731],[-87.8042,45.5247],[-87.7777,45.6092],[-87.8247,45.6532],[-87.781,45.6739],[-87.8051,45.7036],[-87.8798,45.7548],[-87.967,45.764],[-87.9959,45.7954],[-88.057,45.785],[-88.0592,45.7131],[-88.4253,45.7224],[-88.4281,45.377],[-88.678,45.3787],[-88.6801,45.205],[-88.6412,45.1173],[-88.9822,45.1177],[-88.9817,45.0289],[-89.2238,45.0292],[-89.2237,44.6814]]],[[[-86.9343,45.4211],[-86.9562,45.352],[-86.8999,45.2952],[-86.8677,45.3531],[-86.8059,45.4129],[-86.8357,45.4502],[-86.9343,45.4211]]]]},"properties":{"GEOID":"5508","BASENAME":"8","NAME":"Congressional District 8","STATE":"55","CD119":"08"}},{"type":"Feature","geometry":{"type":"Polygon","coordinates":[[[-85.6216,38.4171],[-85.6344,38.3784],[-85.5853,38.3394],[-85.4049,38.2637],[-85.4288,38.1184],[-85.5169,38.0113],[-85.4892,37.9907],[-85.5299,37.9472],[-85.5854,37.9064],[-85.449,37.8341],[-85.4363,37.7265],[-85.4019,37.7305],[-85.2543,37.8664],[-85.2043,37.8465],[-85.1528,37.8977],[-85.1694,37.9976],[-85.0478,38.0723],[-85.0237,38.1291],[-84.9989,38.275],[-84.957,38.3323],[-84.9977,38.3356],[-84.9063,38.3748],[-84.8705,38.3568],[-84.7934,38.3387],[-84.7406,38.3524],[-84.706,38.3701],[-84.5574,38.4929],[-84.4681,38.3932],[-84.4328,38.2996],[-84.4427,38.2832],[-84.3449,38.285],[-84.194,38.3718],[-84.1021,38.4594],[-83.9992,38.4223],[-83.9303,38.4923],[-83.8593,38.4563],[-83.6419,38.5254],[-83.5816,38.4313],[-83.4528,38.3818],[-83.412,38.3964],[-83.3412,38.3177],[-83.1772,38.3246],[-83.0009,38.4106],[-82.9706,38.3937],[-82.8175,38.3739],[-82.8106,38.393],[-82.6641,38.5077],[-82.7248,38.5576],[-82.8001,38.5632],[-82.8513,38.6043],[-82.8696,38.6782],[-82.8712,38.7184],[-82.8892,38.7561],[-83.0118,38.7301],[-83.1124,38.6717],[-83.129,38.6402],[-83.1726,38.6203],[-83.2395,38.6286],[-83.2865,38.5992],[-83.3763,38.6615],[-83.4404,38.6694],[-83.5333,38.7021],[-83.6269,38.6794],[-83.643,38.6433],[-83.6795,38.63],[-83.7722,38.6581],[-83.7836,38.6956],[-83.834,38.716],[-83.8521,38.7514],[-83.9788,38.7871],[-84.0516,38.7714],[-84.2129,38.8057],[-84.2333,38.8427],[-84.2321,38.8805],[-84.2882,38.9558],[-84.2973,38.9897],[-84.3265,39.0275],[-84.4009,39.0464],[-84.4329,39.084],[-84.4452,39.1145],[-84.462,39.1218],[-84.4809,39.1168],[-84.4937,39.1025],[-84.5508,39.0994],[-84.6079,39.0732],[-84.6772,39.0983],[-84.714,39.1327],[-84.7507,39.1474],[-84.8972,39.0524],[-84.8494,39.0009],[-84.8326,38.9615],[-84.8778,38.9204],[-84.7864,38.8822],[-84.8032,38.8507],[-84.8129,38.7861],[-84.8569,38.7902],[-84.9625,38.778],[-85.0719,38.7416],[-85.1469,38.6954],[-85.1873,38.6876],[-85.2755,38.7412],[-85.4005,38.736],[-85.4489,38.7134],[-85.4362,38.5983],[-85.4156,38.5463],[-85.4331,38.5239],[-85.4744,38.5041],[-85.4989,38.4682],[-85.5878,38.4505],[-85.6216,38.4171]]]},"properties":{"GEOID":"2104","BASENAME":"4","NAME":"Congressional District 4","STATE":"21","CD119":"04"}},{"type":"Feature","geometry":{"type":"Polygon","coordinates":[[[-90.2553,38.5309],[-90.2611,38.5183],[-90.219,38.485],[-90.1,38.5541],[-90.0363,38.4838],[-89.9354,38.4889],[-89.914,38.5921],[-89.9859,38.6582],[-89.9287,38.7415],[-89.927,38.9988],[-89.6986,38.999],[-89.7017,39.5233],[-89.5335,39.5246],[-89.535,39.6411],[-89.4251,39.6837],[-89.4252,39.762],[-89.3929,39.7439],[-89.2175,39.8137],[-89.142,39.8013],[-88.9834,39.9083],[-88.9767,39.8314],[-88.8787,39.8629],[-88.746,39.8581],[-88.746,39.8509],[-88.6129,39.8791],[-88.4061,39.8792],[-88.4068,39.9674],[-88.3496,40.0111],[-88.2379,40.0104],[-88.2383,40.0544],[-88.1239,40.055],[-88.1249,40.1422],[-88.2961,40.1713],[-88.4632,40.1422],[-88.463,40.055],[-88.7452,40.0552],[-88.7454,39.9676],[-89.1439,39.9614],[-89.1435,39.9176],[-89.3671,39.9176],[-89.3676,39.8741],[-89.483,39.875],[-89.4825,39.7882],[-89.5989,39.7874],[-89.5932,39.8315],[-89.6638,39.8267],[-89.7085,39.8731],[-89.7051,39.6983],[-89.8153,39.6979],[-89.8131,39.5228],[-90.1538,39.5203],[-90.146,38.9993],[-90.118,38.999],[-90.1263,38.9303],[-90.1923,38.9367],[-90.1912,38.8903],[-90.1133,38.8493],[-90.1177,38.8057],[-90.1664,38.7726],[-90.2099,38.726],[-90.1811,38.6596],[-90.1845,38.6116],[-90.2553,38.5309]]]},"properties":{"GEOID":"1713","BASENAME":"13","NAME":"Congressional District 13","STATE":"17","CD119":"13"}},{"type":"Feature","geometry":{"type":"Polygon","coordinates":[[[-121.9402,37.3174],[-121.8767,37.3019],[-121.8155,37.3345],[-121.7078,37.2973],[-121.7468,37.2291],[-121.5859,37.1951],[-121.658,37.1727],[-121.698,37.1238],[-121.6524,37.1187],[-121.6046,37.0354],[-121.6962,36.9806],[-121.7387,36.99],[-121.8095,36.9438],[-121.7541,36.9028],[-121.7336,36.8389],[-121.6208,36.8068],[-121.6033,36.7756],[-121.6967,36.7463],[-121.7668,36.7721],[-121.718,36.7141],[-121.7449,36.6777],[-121.5823,36.6234],[-121.6247,36.5971],[-121.5212,36.5215],[-121.5646,36.4979],[-121.5264,36.43],[-121.5951,36.4153],[-121.5809,36.2033],[-121.5618,36.1279],[-121.4753,36.0544],[-121.4598,36.0113],[-121.3515,35.9881],[-121.2552,35.8868],[-121.1565,35.816],[-121.1851,35.7942],[-120.214,35.7893],[-120.2758,35.9059],[-120.3151,35.9072],[-120.4331,35.9689],[-120.6676,36.1381],[-120.6269,36.2032],[-120.6786,36.2673],[-120.5966,36.3285],[-120.5972,36.4882],[-120.9187,36.7404],[-121.1415,36.8367],[-121.2347,36.9269],[-121.2154,36.9612],[-121.2459,36.983],[-121.2268,37.1348],[-121.2823,37.1837],[-121.4046,37.156],[-121.4591,37.2827],[-121.4097,37.382],[-121.4726,37.4822],[-121.8558,37.4845],[-121.7794,37.4164],[-121.9402,37.3174]]]},"properties":{"GEOID":"0618","BASENAME":"18","NAME":"Congressional District 18","STATE":"06","CD119":"18"}},{"type":"Feature","geometry":{"type":"MultiPolygon","coordinates":[[[[-71.136,41.6214],[-71.1206,41.4974],[-71.0857,41.5093],[-71.0355,41.499],[-70.9817,41.5101],[-70.9418,41.5401],[-70.9102,41.5771],[-70.8531,41.5873],[-70.8219,41.5828],[-70.7655,41.6416],[-70.6954,41.6025],[-70.6982,41.559],[-70.8069,41.4976],[-70.935,41.4547],[-70.9484,41.4092],[-70.7903,41.4463],[-70.7343,41.4863],[-70.6541,41.519],[-70.5597,41.5483],[-70.4763,41.5585],[-70.4453,41.5918],[-70.3216,41.6305],[-70.2697,41.6178],[-70.1586,41.6504],[-70.007,41.6716],[-70.0112,41.5439],[-69.965,41.5511],[-69.9311,41.6227],[-69.936,41.8094],[-69.9941,41.9993],[-70.0494,42.0647],[-70.1389,42.0929],[-70.2454,42.0637],[-70.1908,42.02],[-70.1508,42.0266],[-70.0838,42.012],[-70.069,41.8849],[-70.0061,41.8524],[-70.0038,41.8085],[-70.0247,41.7874],[-70.122,41.7588],[-70.2161,41.743],[-70.2723,41.7213],[-70.3238,41.7361],[-70.4417,41.7529],[-70.494,41.7739],[-70.541,41.8158],[-70.5256,41.8587],[-70.5464,41.9168],[-70.5836,41.95],[-70.6082,41.9407],[-70.6625,41.9606],[-70.6788,42.0055],[-70.6443,42.0459],[-70.6385,42.0816],[-70.6853,42.133],[-70.7306,42.2109],[-70.7887,42.2539],[-70.8359,42.2648],[-70.8534,42.2396],[-70.827,42.2008],[-70.9408,42.1514],[-70.8992,41.9964],[-71.0542,41.9827],[-71.0489,41.9628],[-70.9873,41.9058],[-70.9165,41.8768],[-70.9187,41.8519],[-70.894,41.8289],[-70.8964,41.7943],[-70.9218,41.7912],[-70.9072,41.7635],[-71.0666,41.6856],[-71.1144,41.6928],[-71.136,41.6214]]],[[[-70.2755,41.3105],[-70.2115,41.2488],[-70.0152,41.238],[-69.9602,41.2645],[-69.9849,41.3588],[-70.0491,41.3917],[-70.0791,41.3195],[-70.2755,41.3105]]],[[[-70.8338,41.3534],[-70.8213,41.251],[-70.7687,41.3037],[-70.6936,41.3428],[-70.4483,41.3537],[-70.4638,41.4191],[-70.4962,41.4249],[-70.6036,41.4824],[-70.6869,41.4413],[-70.7578,41.3657],[-70.8338,41.3534]]]]},"properties":{"GEOID":"2509","BASENAME":"9","NAME":"Congressional District 9","STATE":"25","CD119":"09"}},{"type":"Feature","geometry":{"type":"Polygon","coordinates":[[[-88.4636,31.6979],[-88.415,30.7856],[-88.2606,30.7394],[-88.2269,30.6943],[-88.1899,30.5687],[-88.1624,30.6085],[-88.0084,30.685],[-88.0263,30.7534],[-88.0167,30.7811],[-88.1134,30.7793],[-88.2224,30.8331],[-88.1844,30.837],[-88.1433,30.9355],[-88.183,30.9242],[-88.1572,31.0098],[-88.203,31.0486],[-88.1333,31.071],[-88.1969,31.144],[-88.0226,31.1443],[-88.0,31.1638],[-87.9729,31.1627],[-87.9466,31.1929],[-87.9136,31.1874],[-87.7858,31.2829],[-87.8035,31.319],[-87.7652,31.2973],[-87.7143,31.3021],[-87.6159,31.2445],[-87.5593,31.2273],[-87.4275,31.2604],[-86.764,31.2613],[-86.7725,31.2022],[-86.7003,31.1922],[-86.7024,31.3454],[-86.6621,31.4028],[-86.7016,31.5239],[-86.3999,31.5271],[-86.3985,31.4513],[-86.2802,31.5285],[-86.277,31.4556],[-86.194,31.4401],[-86.1948,31.5299],[-86.1439,31.5377],[-86.1459,31.6177],[-85.4164,31.6195],[-85.416,31.7067],[-85.2161,31.7024],[-85.1254,31.763],[-85.1418,31.8393],[-85.0678,31.9674],[-85.0471,32.0874],[-85.0587,32.136],[-84.9978,32.1854],[-84.9301,32.2191],[-84.8918,32.2634],[-85.0081,32.3367],[-84.9835,32.3632],[-84.9718,32.4428],[-85.0011,32.5102],[-85.0593,32.4729],[-85.3338,32.4686],[-85.3301,32.4108],[-85.434,32.4098],[-85.4386,32.4971],[-85.4893,32.4969],[-85.6959,32.5959],[-85.7986,32.5811],[-85.7972,32.4942],[-85.8861,32.4931],[-85.8526,32.4757],[-86.023,32.42],[-86.1981,32.4514],[-86.262,32.5017],[-86.4112,32.4099],[-86.4596,32.4054],[-86.4968,32.3444],[-86.4848,32.2764],[-86.4088,32.2443],[-86.405,31.9638],[-86.9089,31.9617],[-86.9069,31.8306],[-87.5515,31.8277],[-87.5306,31.7496],[-87.5503,31.7479],[-87.5672,31.7359],[-87.5601,31.7112],[-87.567,31.7077],[-87.5664,31.658],[-87.6606,31.6643],[-87.7217,31.5955],[-87.819,31.593],[-87.832,31.527],[-87.905,31.5029],[-88.0313,31.5605],[-88.0722,31.5945],[-88.0883,31.6993],[-88.4636,31.6979]]]},"properties":{"GEOID":"0102","BASENAME":"2","NAME":"Congressional District 2","STATE":"01","CD119":"02"}},{"type":"Feature","geometry":{"type":"Polygon","coordinates":[[[-102.7991,32.0858],[-102.7989,31.6518],[-101.2671,31.6509],[-101.2748,31.0794],[-100.1152,31.088],[-100.1165,30.2903],[-99.3017,30.2867],[-99.304,30.4998],[-98.4115,30.5021],[-98.351,30.4861],[-98.352,30.5584],[-98.3988,30.5637],[-98.439,30.6733],[-98.3719,30.7405],[-98.4321,30.7863],[-98.3769,30.8349],[-98.4574,30.8789],[-98.4458,30.9214],[-98.4187,30.9263],[-98.4397,31.0296],[-97.9117,31.035],[-97.8281,30.9044],[-97.7299,30.8876],[-97.6335,31.052],[-97.6539,31.1242],[-97.8044,31.1221],[-97.9071,31.0694],[-98.18,31.4637],[-98.2711,31.4164],[-98.4928,31.7236],[-98.6684,31.7005],[-98.9244,32.078],[-102.7991,32.0858]]]},"properties":{"GEOID":"4811","BASENAME":"11","NAME":"Congressional District 11","STATE":"48","CD119":"11"}},{"type":"Feature","geometry":{"type":"Polygon","coordinates":[[[-122.5661,46.9443],[-122.4909,46.8675],[-122.3036,46.8281],[-122.2659,46.7655],[-121.8419,46.7285],[-121.7586,46.7838],[-121.4552,46.7838],[-121.5231,46.8728],[-121.4564,46.9236],[-121.38,47.0872],[-121.281,47.0888],[-121.0901,46.991],[-121.0266,46.9113],[-120.6346,46.9121],[-120.634,46.8258],[-120.5086,46.8249],[-120.51,46.7379],[-119.973,46.7371],[-119.9274,46.7984],[-119.9661,46.9438],[-120.0429,47.0735],[-120.0021,47.1262],[-120.0071,47.2201],[-120.076,47.2259],[-120.0945,47.2622],[-120.0863,47.3389],[-120.2865,47.3931],[-120.3114,47.4423],[-120.3124,47.4589],[-120.2982,47.4572],[-120.2975,47.4634],[-120.3166,47.4713],[-120.199,47.6823],[-120.2094,47.7484],[-119.9927,47.7831],[-119.8706,47.9605],[-120.066,47.9664],[-120.1431,48.0649],[-120.2131,48.079],[-120.3613,48.1576],[-120.3463,48.2],[-120.4691,48.269],[-120.5082,48.3103],[-120.5832,48.3191],[-120.5602,48.361],[-120.6499,48.3981],[-120.6333,48.4681],[-120.6523,48.5369],[-120.7021,48.5316],[-120.8239,48.545],[-121.0497,48.4854],[-121.0716,48.3178],[-121.0017,48.296],[-122.304,48.2976],[-122.2217,48.223],[-122.2015,48.1879],[-122.1097,48.2085],[-122.1085,48.1443],[-122.0129,48.0831],[-122.0002,47.9634],[-121.9461,47.9478],[-121.9378,47.8564],[-122.0311,47.822],[-122.0004,47.7754],[-122.1129,47.7759],[-122.0792,47.6823],[-122.0965,47.6023],[-122.1642,47.4777],[-122.1871,47.3226],[-122.2295,47.2576],[-122.2083,47.2575],[-122.232,47.0857],[-122.4609,47.0586],[-122.5661,46.9443]]]},"properties":{"GEOID":"5308","BASENAME":"8","NAME":"Congressional District 8","STATE":"53","CD119":"08"}},{"type":"Feature","geometry":{"type":"Polygon","coordinates":[[[-105.0273,38.9308],[-105.0722,38.7994],[-104.9399,38.7965],[-104.9415,38.5196],[-104.2755,38.5211],[-104.2768,38.7814],[-104.3137,38.7813],[-104.3137,38.8534],[-104.2777,38.8747],[-104.3516,38.8675],[-104.331,38.9543],[-104.3679,38.9541],[-104.4048,39.041],[-104.5481,39.0425],[-104.5518,39.1294],[-105.0335,39.1298],[-105.0272,38.9416],[-105.009,38.9344],[-105.0092,38.9271],[-105.0273,38.9308]]]},"properties":{"GEOID":"0805","BASENAME":"5","NAME":"Congressional District 5","STATE":"08","CD119":"05"}},{"type":"Feature","geometry":{"type":"MultiPolygon","coordinates":[[[[-92.4154,32.5221],[-92.4154,32.4714],[-92.3591,32.5057],[-92.3281,32.4081],[-92.1748,32.433],[-92.0402,32.3875],[-91.9936,32.3979],[-92.0202,32.2968],[-92.0345,32.2772],[-92.1063,32.2587],[-92.3122,32.2773],[-92.3125,31.9277],[-92.3405,31.8134],[-92.3626,31.7966],[-92.3513,31.6246],[-92.2751,31.5361],[-92.2776,31.4962],[-92.1961,31.4779],[-92.0729,31.3454],[-92.0867,31.3354],[-92.2332,31.3215],[-92.2271,31.0748],[-92.1821,31.0233],[-92.0725,31.0227],[-92.0353,31.0989],[-91.9562,31.0875],[-91.8557,31.02],[-91.8057,31.0319],[-91.7965,30.9828],[-91.7501,31.0188],[-91.6873,31.0181],[-91.6369,30.9994],[-91.5604,31.0495],[-91.6217,31.1369],[-91.5901,31.1937],[-91.6444,31.2344],[-91.6214,31.2678],[-91.5642,31.2616],[-91.5089,31.2916],[-91.5361,31.3384],[-91.5323,31.3903],[-91.5104,31.4389],[-91.5171,31.4984],[-91.4896,31.5343],[-91.4376,31.5462],[-91.4638,31.6204],[-91.3957,31.6442],[-91.3809,31.7325],[-91.3186,31.7453],[-91.3595,31.7994],[-91.3457,31.8429],[-91.2901,31.8337],[-91.1811,31.9201],[-91.1774,31.9733],[-91.1174,31.9871],[-91.0808,32.0235],[-91.0791,32.0503],[-91.0347,32.1011],[-91.1085,32.2081],[-90.9912,32.2147],[-90.9212,32.3421],[-90.9867,32.3518],[-90.966,32.4248],[-91.0529,32.4384],[-91.0605,32.5124],[-91.0113,32.5166],[-91.0493,32.5736],[-91.0795,32.6007],[-91.0988,32.6853],[-91.057,32.7256],[-91.1137,32.74],[-91.1576,32.776],[-91.1617,32.8125],[-91.1379,32.849],[-91.0706,32.8887],[-91.0721,32.9378],[-91.1661,33.0041],[-92.0689,33.0085],[-92.0856,32.9652],[-92.0527,32.7947],[-92.0652,32.723],[-92.0499,32.6861],[-91.975,32.7114],[-91.9363,32.6589],[-92.003,32.6552],[-92.1255,32.5056],[-92.4154,32.5221]]],[[[-91.6449,30.929],[-91.6618,30.86],[-91.5564,30.8486],[-91.6146,30.9176],[-91.5493,30.9162],[-91.5156,30.8752],[-91.5395,30.7912],[-91.5946,30.7502],[-91.553,30.7308],[-91.4504,30.7362],[-91.3806,30.7588],[-91.3309,30.6587],[-91.2977,30.6495],[-91.2547,30.7049],[-91.0531,30.7122],[-91.0962,30.526],[-90.9892,30.4658],[-91.0092,30.4025],[-91.1305,30.4447],[-91.123,30.3689],[-91.1991,30.4223],[-91.2057,30.408],[-91.1721,30.3575],[-91.1399,30.3743],[-91.0141,30.33],[-91.0122,30.3357],[-90.9678,30.2709],[-90.9214,30.2842],[-90.905,30.3121],[-90.8518,30.3319],[-90.8109,30.2757],[-90.7821,30.2748],[-90.7098,30.2925],[-90.758,30.3767],[-90.673,30.4149],[-90.6743,30.4747],[-90.4534,30.4789],[-90.4147,30.5636],[-90.368,30.5073],[-90.2443,30.5036],[-90.2432,30.596],[-90.2557,30.7124],[-89.9946,30.6653],[-89.8262,30.6688],[-89.8363,30.7272],[-89.7501,30.9129],[-89.7281,31.0024],[-91.6369,30.9994],[-91.6449,30.929]]]]},"properties":{"GEOID":"2205","BASENAME":"5","NAME":"Congressional District 5","STATE":"22","CD119":"05"}},{"type":"Feature","geometry":{"type":"Polygon","coordinates":[[[-79.9166,41.2754],[-79.9054,41.1721],[-79.6893,41.1695],[-79.6929,40.6697],[-79.6683,40.68],[-79.4946,40.5249],[-79.4502,40.5301],[-79.2152,40.7759],[-79.215,40.8383],[-79.1009,40.8195],[-79.1004,40.7613],[-78.8017,40.7246],[-78.3487,40.7234],[-78.3606,40.7332],[-78.1457,40.7425],[-77.9443,40.6916],[-77.8249,40.7435],[-77.6813,40.7298],[-77.3642,40.8469],[-77.3541,40.7017],[-77.2879,40.6936],[-77.1095,40.6916],[-76.9399,40.6381],[-76.864,40.7067],[-76.8498,40.8091],[-76.8002,40.882],[-76.874,40.9468],[-76.8564,41.0474],[-76.8961,41.1391],[-76.8897,41.1508],[-76.9669,41.2011],[-76.8938,41.2305],[-77.0951,41.2432],[-76.9935,41.3486],[-76.9235,41.3434],[-76.8273,41.3946],[-76.8267,41.47],[-76.7724,41.4717],[-76.8137,41.59],[-76.8747,41.5969],[-76.9269,42.0007],[-79.6108,41.9985],[-79.6131,41.6239],[-79.8333,41.6012],[-79.8928,41.5622],[-79.8243,41.4698],[-79.7253,41.4237],[-79.8173,41.3929],[-79.7686,41.333],[-79.873,41.3262],[-79.9166,41.2754]]]},"properties":{"GEOID":"4215","BASENAME":"15","NAME":"Congressional District 15","STATE":"42","CD119":"15"}},{"type":"Feature","geometry":{"type":"Polygon","coordinates":[[[-80.5617,34.8175],[-80.4885,34.7046],[-80.4084,34.6148],[-80.3276,34.4978],[-80.2855,34.3937],[-80.2887,34.3641],[-80.2432,34.3245],[-80.1772,34.3662],[-80.1127,34.197],[-80.1586,34.1616],[-80.0699,34.0862],[-80.0259,34.0732],[-80.0006,34.0479],[-79.8934,33.9887],[-79.9746,33.9465],[-79.9459,33.886],[-79.8349,33.8826],[-79.7476,33.8936],[-79.7032,33.9182],[-79.6929,33.9527],[-79.5827,33.836],[-79.6358,33.818],[-79.4965,33.7754],[-79.3243,33.7991],[-79.317,33.7799],[-79.4093,33.6889],[-79.4357,33.5727],[-79.5381,33.4969],[-79.6774,33.3364],[-79.677,33.3049],[-79.4587,33.2352],[-79.4467,33.2135],[-79.3496,33.1533],[-79.2694,33.1369],[-79.2745,33.1201],[-79.2155,33.1556],[-79.1724,33.2066],[-79.1806,33.238],[-79.1623,33.3272],[-79.1354,33.4039],[-79.0846,33.4837],[-79.0285,33.5334],[-78.9381,33.6398],[-78.8629,33.7057],[-78.7727,33.7685],[-78.6723,33.8176],[-78.5411,33.8511],[-79.3583,34.5454],[-79.6753,34.8047],[-80.5617,34.8175]]]},"properties":{"GEOID":"4507","BASENAME":"7","NAME":"Congressional District 7","STATE":"45","CD119":"07"}},{"type":"Feature","geometry":{"type":"Polygon","coordinates":[[[-86.73,36.2837],[-86.783,36.1919],[-86.7218,36.1415],[-86.7515,36.1112],[-86.6193,36.0893],[-86.6228,36.2488],[-86.5944,36.2454],[-86.5671,36.2713],[-86.4775,36.2309],[-86.4173,36.265],[-86.2886,36.2492],[-86.1851,36.098],[-86.2161,36.0036],[-86.177,35.9575],[-86.1532,35.9544],[-86.1418,35.9144],[-86.2071,35.7038],[-86.0889,35.6468],[-85.9851,35.6601],[-85.9974,35.712],[-85.8852,35.8397],[-85.8682,35.8464],[-85.6821,35.8313],[-85.6203,35.8012],[-85.6365,35.7853],[-85.5979,35.7251],[-85.6051,35.7085],[-85.5575,35.533],[-85.4599,35.5469],[-85.4238,35.5674],[-85.2654,35.7212],[-85.2541,35.7656],[-84.9285,35.7685],[-84.9161,35.7619],[-84.8098,35.8186],[-84.7819,35.825],[-84.7296,35.8584],[-84.6806,35.9085],[-84.7207,35.9949],[-84.8055,36.0905],[-84.9078,36.1563],[-84.8758,36.2851],[-84.7979,36.2969],[-84.7008,36.3708],[-84.4919,36.4034],[-84.4513,36.3744],[-84.4431,36.4335],[-84.3455,36.4296],[-84.3304,36.5095],[-84.2511,36.5342],[-84.2613,36.5927],[-84.7853,36.6034],[-85.2906,36.6264],[-85.4884,36.615],[-85.8739,36.6236],[-86.5078,36.6524],[-86.5621,36.6407],[-86.6933,36.4072],[-86.7548,36.4055],[-86.7726,36.3925],[-86.73,36.2837]]]},"properties":{"GEOID":"4706","BASENAME":"6","NAME":"Congressional District 6","STATE":"47","CD119":"06"}},{"type":"Feature","geometry":{"type":"Polygon","coordinates":[[[-103.0025,36.6752],[-103.0024,36.5004],[-100.0004,36.4997],[-100.0004,34.5605],[-99.9293,34.5767],[-99.6965,34.381],[-99.6,34.3747],[-99.5845,34.4077],[-99.471,34.3965],[-99.4204,34.3805],[-99.395,34.4421],[-99.3504,34.4371],[-99.2753,34.3866],[-99.2216,34.3254],[-99.1927,34.3549],[-99.2379,34.4267],[-99.1633,34.588],[-99.0829,34.5909],[-99.1031,34.638],[-99.001,34.6379],[-99.0011,34.5944],[-98.826,34.5944],[-98.826,34.8551],[-98.0931,34.855],[-98.096,35.3778],[-97.9597,35.3459],[-97.6714,35.3359],[-97.6714,35.3772],[-97.4236,35.3773],[-97.4592,35.4208],[-97.459,35.4689],[-97.5231,35.4565],[-97.5299,35.4933],[-97.5949,35.4933],[-97.6715,35.4642],[-97.6714,35.4479],[-97.8309,35.4645],[-97.8341,35.7259],[-97.674,35.726],[-97.6744,35.861],[-97.4341,35.9101],[-97.3236,36.0109],[-97.2036,35.9448],[-96.6197,35.9416],[-96.6208,35.639],[-96.1926,35.6391],[-96.1924,35.857],[-96.1372,35.8571],[-96.1188,35.9593],[-96.19,35.9738],[-96.2613,36.0757],[-96.2979,36.0758],[-96.2979,36.1623],[-96.0012,36.1613],[-96.0008,36.9992],[-99.9952,37.0016],[-102.0422,36.9931],[-103.0022,37.0001],[-103.0025,36.6752]]]},"properties":{"GEOID":"4003","BASENAME":"3","NAME":"Congressional District 3","STATE":"40","CD119":"03"}},{"type":"Feature","geometry":{"type":"Polygon","coordinates":[[[-77.3226,38.4671],[-77.3173,38.3836],[-77.2653,38.3332],[-77.1627,38.346],[-77.0682,38.3809],[-77.0359,38.3743],[-77.0146,38.354],[-77.0269,38.3218],[-77.0249,38.3008],[-76.9578,38.2432],[-76.9623,38.2141],[-76.8388,38.1635],[-76.6139,38.1486],[-76.6009,38.1101],[-76.5359,38.0695],[-76.492,38.0172],[-76.4275,37.977],[-76.3576,37.9517],[-76.3232,38.0923],[-76.3272,38.1451],[-76.3927,38.2397],[-76.3745,38.2963],[-76.4029,38.3114],[-76.387,38.3613],[-76.3934,38.3895],[-76.4927,38.4828],[-76.5175,38.5391],[-76.5113,38.6157],[-76.5289,38.6639],[-76.5267,38.7244],[-76.552,38.7347],[-76.5566,38.7561],[-76.4899,38.8387],[-76.5058,38.8644],[-76.4743,38.9029],[-76.5937,38.962],[-76.6855,39.102],[-76.777,39.1509],[-76.7891,39.1265],[-76.8404,39.1031],[-76.8365,39.0684],[-76.7513,39.0347],[-76.7702,38.9454],[-76.9058,38.805],[-76.8815,38.7312],[-76.9951,38.6853],[-77.0407,38.7467],[-77.0532,38.7099],[-77.0795,38.7095],[-77.1325,38.6738],[-77.1302,38.635],[-77.2222,38.6075],[-77.274,38.5501],[-77.3226,38.4671]]]},"properties":{"GEOID":"2405","BASENAME":"5","NAME":"Congressional District 5","STATE":"24","CD119":"05"}},{"type":"Feature","geometry":{"type":"Polygon","coordinates":[[[-85.6052,34.9847],[-85.3867,33.9017],[-85.0503,33.9045],[-85.0369,33.8926],[-85.0379,33.8119],[-84.8694,33.775],[-84.7675,33.7869],[-84.7241,33.8064],[-84.7241,33.9036],[-84.6458,33.8967],[-84.5968,33.9111],[-84.6491,33.9532],[-84.6365,34.0779],[-84.91,34.0753],[-84.9227,34.0825],[-85.047,34.0829],[-85.0231,34.3471],[-85.0058,34.3924],[-85.1048,34.4046],[-85.0692,34.5872],[-85.0504,34.6225],[-84.9261,34.6162],[-84.9135,34.6341],[-84.8638,34.6086],[-84.7157,34.6229],[-84.6545,34.5832],[-84.6571,34.7289],[-84.6273,34.7847],[-84.6186,34.8554],[-84.6215,34.9883],[-85.6052,34.9847]]]},"properties":{"GEOID":"1314","BASENAME":"14","NAME":"Congressional District 14","STATE":"13","CD119":"14"}},{"type":"Feature","geometry":{"type":"Polygon","coordinates":[[[-106.9762,35.2836],[-106.962,35.2184],[-106.729,35.218],[-106.6799,35.1937],[-106.7266,35.124],[-106.6403,35.0601],[-106.6637,34.9468],[-106.3804,34.9474],[-106.4134,34.8902],[-106.4118,34.8703],[-106.4639,34.8702],[-106.4645,34.811],[-106.6676,34.8112],[-106.7201,34.8721],[-106.7456,34.6611],[-106.5646,34.4739],[-106.4563,34.4371],[-106.4169,34.4397],[-106.416,34.2598],[-105.926,34.26],[-105.9247,33.8256],[-106.0527,33.8256],[-106.0527,33.6503],[-106.3737,33.6605],[-106.3719,33.3918],[-105.9316,33.3899],[-105.9296,33.2184],[-105.7878,33.2155],[-105.7495,33.2292],[-105.7028,33.1765],[-105.6943,33.1172],[-105.6362,33.1092],[-105.559,33.0533],[-105.4605,33.0245],[-105.4845,33.0053],[-105.3162,33.0027],[-105.317,33.1323],[-104.9055,33.1389],[-104.9038,33.3059],[-104.8851,33.312],[-104.8852,33.3692],[-104.6943,33.3942],[-104.595,33.3943],[-104.5952,33.4226],[-104.4799,33.4456],[-104.379,33.5656],[-104.3297,33.5977],[-104.2052,33.6439],[-104.0275,33.6666],[-103.8783,33.672],[-103.7706,33.7282],[-103.7179,33.7036],[-103.7169,33.8196],[-103.8419,33.8192],[-103.8417,34.0819],[-103.946,34.0825],[-103.9488,34.6051],[-104.1289,34.6052],[-104.1251,35.2157],[-105.2912,35.2165],[-105.2908,35.042],[-106.0295,35.0407],[-105.98,35.1422],[-106.1561,35.1421],[-106.1561,35.2241],[-106.2452,35.2387],[-106.2488,35.4433],[-106.3561,35.4489],[-106.3552,35.3656],[-106.3948,35.3484],[-106.4809,35.358],[-106.5667,35.3274],[-106.6391,35.3706],[-106.7278,35.3364],[-106.8423,35.3336],[-106.8564,35.2934],[-106.9762,35.2836]]]},"properties":{"GEOID":"3501","BASENAME":"1","NAME":"Congressional District 1","STATE":"35","CD119":"01"}},{"type":"Feature","geometry":{"type":"Polygon","coordinates":[[[-88.5859,40.9449],[-88.6712,40.8734],[-88.5852,40.8502],[-88.5822,40.6706],[-88.5745,40.6165],[-88.4595,40.6173],[-88.4593,40.53],[-88.3707,40.5298],[-88.347,40.4569],[-88.347,40.3984],[-88.46,40.3988],[-88.4603,40.311],[-88.2329,40.3116],[-88.1745,40.2754],[-88.0789,40.3125],[-87.93,40.3134],[-87.9288,40.2335],[-87.9421,40.2255],[-87.9396,40.0836],[-87.8065,40.0859],[-87.7866,40.0273],[-87.6238,40.0207],[-87.5319,40.0588],[-87.5261,41.731],[-87.7904,41.528],[-87.7859,41.354],[-87.8425,41.2951],[-87.7817,41.2959],[-87.7801,41.2073],[-87.8348,41.1482],[-88.0118,41.2055],[-88.2441,41.2016],[-88.2414,41.129],[-88.2515,41.1142],[-88.5846,41.1083],[-88.5859,40.9449]]]},"properties":{"GEOID":"1702","BASENAME":"2","NAME":"Congressional District 2","STATE":"17","CD119":"02"}},{"type":"Feature","geometry":{"type":"Polygon","coordinates":[[[-95.7656,40.5852],[-95.7571,40.526],[-95.7143,40.5272],[-95.6494,40.3961],[-95.641,40.3664],[-95.6537,40.3226],[-95.5533,40.2912],[-95.5472,40.2591],[-95.4725,40.2361],[-95.481,40.1885],[-95.3942,40.1083],[-95.4147,40.0698],[-95.383,40.0271],[-95.3488,40.0293],[-95.2311,39.9438],[-95.0815,39.8617],[-95.0187,39.8974],[-94.9515,39.9005],[-94.8787,39.8265],[-94.8711,39.773],[-94.8604,39.7495],[-94.8993,39.724],[-94.9711,39.7231],[-94.9713,39.6864],[-95.0375,39.6529],[-95.0472,39.5951],[-95.1136,39.5539],[-94.9821,39.4406],[-94.9467,39.3997],[-94.889,39.3924],[-94.9081,39.3237],[-94.8257,39.2417],[-94.7997,39.206],[-94.7419,39.1702],[-94.6803,39.1843],[-94.6239,39.1566],[-94.6019,39.1555],[-94.6008,39.3331],[-94.492,39.3179],[-94.4841,39.145],[-94.4616,39.1204],[-94.4195,39.1493],[-94.2815,39.1098],[-94.3093,39.0919],[-94.2012,39.065],[-94.1068,39.0917],[-94.1048,39.1435],[-94.0242,39.1545],[-93.9801,39.2059],[-93.9889,39.1528],[-93.8401,39.2155],[-93.7585,39.207],[-93.6505,39.2482],[-93.492,39.2235],[-93.4772,39.2928],[-93.3991,39.2264],[-93.3333,39.25],[-93.3323,39.3096],[-93.2301,39.3279],[-93.2007,39.4018],[-93.1045,39.3837],[-93.0729,39.3355],[-92.9598,39.3125],[-92.9117,39.2239],[-92.8492,39.2262],[-92.7904,39.3436],[-92.4302,39.2488],[-92.1044,39.2398],[-92.1104,39.0642],[-91.634,39.0591],[-91.6296,39.1479],[-91.2602,39.1398],[-91.2643,38.9928],[-91.1884,38.9921],[-91.1893,38.9322],[-91.1102,38.9319],[-91.1113,38.8727],[-90.9585,38.8709],[-90.7072,38.9027],[-90.6616,38.9347],[-90.6764,38.9841],[-90.7136,39.054],[-90.6811,39.1006],[-90.7079,39.1509],[-90.73,39.2559],[-90.8401,39.3404],[-90.9374,39.4008],[-91.0383,39.4484],[-91.1003,39.5387],[-91.1483,39.5458],[-91.1742,39.592],[-91.3678,39.729],[-91.3616,39.7875],[-91.4361,39.8455],[-91.429,39.9077],[-91.4371,39.9464],[-91.4841,40.0193],[-91.512,40.1704],[-91.4929,40.2699],[-91.4697,40.3224],[-91.4194,40.3783],[-91.4981,40.4019],[-91.5191,40.4328],[-91.6083,40.5],[-91.619,40.5391],[-91.671,40.5509],[-91.6854,40.5789],[-91.7291,40.6136],[-92.6867,40.5898],[-94.0911,40.5729],[-94.5339,40.5707],[-95.7656,40.5852]]]},"properties":{"GEOID":"2906","BASENAME":"6","NAME":"Congressional District 6","STATE":"29","CD119":"06"}},{"type":"Feature","geometry":{"type":"Polygon","coordinates":[[[-93.4995,42.5577],[-93.4626,42.4708],[-93.463,42.2093],[-92.7675,42.2101],[-92.7668,41.6014],[-92.7565,41.5088],[-92.2975,41.5098],[-92.2982,41.8628],[-91.3662,41.8601],[-91.3633,42.2964],[-90.6656,42.2947],[-90.665,42.3822],[-90.4843,42.3816],[-90.5652,42.4387],[-90.6467,42.4719],[-90.6428,42.5085],[-90.7009,42.6264],[-90.7437,42.6456],[-90.9416,42.6838],[-91.0172,42.7196],[-91.0707,42.7755],[-91.0988,42.8644],[-91.138,42.9038],[-91.1747,43.0387],[-91.1753,43.1347],[-91.0579,43.254],[-91.1072,43.3136],[-91.1548,43.3348],[-91.2074,43.3737],[-91.1994,43.403],[-91.2323,43.451],[-91.2177,43.5006],[-93.4974,43.4995],[-93.4986,42.9085],[-93.0251,42.9075],[-93.027,42.5568],[-93.4995,42.5577]]]},"properties":{"GEOID":"1902","BASENAME":"2","NAME":"Congressional District 2","STATE":"19","CD119":"02"}},{"type":"Feature","geometry":{"type":"Polygon","coordinates":[[[-120.0048,39.3165],[-120.001,38.9996],[-119.3304,38.5355],[-119.3296,38.5881],[-119.2646,38.6325],[-119.3476,38.802],[-119.2252,38.8074],[-119.1448,38.845],[-119.0002,38.852],[-119.0149,38.9441],[-118.9231,39.0694],[-118.9957,39.1116],[-119.1167,39.128],[-119.0499,39.1649],[-119.0398,39.2679],[-118.9674,39.2261],[-118.9091,39.2346],[-118.8908,39.1982],[-118.7922,39.1415],[-118.5702,39.1419],[-118.4777,39.1128],[-118.4775,39.0737],[-117.8651,39.0737],[-117.3319,39.1634],[-115.9071,39.1618],[-115.0008,38.6773],[-114.8363,38.6773],[-114.7707,38.5936],[-114.7528,38.5878],[-114.6987,38.5978],[-114.6477,38.586],[-114.6295,38.6774],[-114.0494,38.6774],[-114.0417,41.9937],[-117.1978,42.0004],[-119.9992,41.9945],[-119.9962,40.3212],[-120.0048,39.3165]]]},"properties":{"GEOID":"3202","BASENAME":"2","NAME":"Congressional District 2","STATE":"32","CD119":"02"}},{"type":"Feature","geometry":{"type":"Polygon","coordinates":[[[-78.3188,38.7379],[-78.3382,38.6273],[-78.2318,38.5325],[-78.176,38.5208],[-77.9354,38.6958],[-77.8772,38.5849],[-77.7355,38.4131],[-77.6349,38.4102],[-77.6339,38.4666],[-77.5313,38.5565],[-77.5795,38.6277],[-77.4289,38.6339],[-77.3323,38.7165],[-77.3591,38.7238],[-77.3467,38.7375],[-77.3333,38.731],[-77.3217,38.7461],[-77.3096,38.7409],[-77.3021,38.7527],[-77.3138,38.7669],[-77.2973,38.7763],[-77.4559,38.8118],[-77.4968,38.8872],[-77.33,39.056],[-77.4626,39.0762],[-77.4813,39.1057],[-77.5199,39.1209],[-77.5212,39.1611],[-77.486,39.1857],[-77.4599,39.2187],[-77.4966,39.251],[-77.5882,39.302],[-77.7195,39.3213],[-77.8628,39.081],[-78.0043,38.9794],[-78.062,38.8919],[-78.1306,38.8649],[-78.201,38.7766],[-78.2848,38.7593],[-78.3188,38.7379]]]},"properties":{"GEOID":"5110","BASENAME":"10","NAME":"Congressional District 10","STATE":"51","CD119":"10"}},{"type":"Feature","geometry":{"type":"Polygon","coordinates":[[[-121.1416,38.7119],[-121.119,38.7179],[-121.0275,38.5083],[-121.0271,38.3003],[-120.9421,38.0963],[-120.6534,37.832],[-120.8348,37.822],[-120.9233,37.7936],[-120.9206,37.7385],[-120.9958,37.7602],[-121.1102,37.7301],[-121.0491,37.6458],[-120.9095,37.6612],[-120.9365,37.5743],[-120.8156,37.467],[-120.3877,37.6334],[-120.1776,37.2615],[-120.0521,37.1831],[-120.1151,37.1657],[-120.2412,37.1582],[-120.1423,37.1465],[-120.0745,37.0544],[-119.9084,37.0692],[-119.8448,36.9926],[-119.8938,36.9614],[-119.9061,36.8502],[-119.8321,36.8044],[-119.7296,36.8376],[-119.7303,36.9387],[-119.7405,36.9702],[-119.5494,37.094],[-119.4971,37.0961],[-119.4667,36.9653],[-119.4075,36.9917],[-119.3018,36.9571],[-119.2678,36.9917],[-119.1697,36.9116],[-119.1219,36.9034],[-119.1262,36.8644],[-119.059,36.8367],[-119.0201,36.7803],[-119.0581,36.7487],[-119.0144,36.6574],[-118.9824,36.7416],[-118.3606,36.7448],[-118.3898,36.8345],[-118.3608,36.8877],[-118.4371,37.0598],[-118.5927,37.1381],[-118.6546,37.1418],[-118.716,37.3282],[-118.7867,37.3434],[-118.775,37.4631],[-118.8505,37.4758],[-118.9171,37.5503],[-119.0224,37.5857],[-119.1241,37.7338],[-119.269,37.7392],[-119.2013,37.8043],[-119.2003,37.8858],[-119.3084,37.9468],[-119.3046,38.0239],[-119.3459,38.0831],[-119.5765,38.1577],[-119.6327,38.1989],[-119.6042,38.235],[-119.6515,38.2865],[-119.6392,38.3269],[-119.7054,38.4161],[-119.8847,38.3562],[-120.02,38.4335],[-120.0726,38.4471],[-120.0724,38.7028],[-120.0776,38.7089],[-120.1401,38.6384],[-120.2128,38.6294],[-120.3171,38.5451],[-120.5675,38.5073],[-120.6038,38.6084],[-120.7628,38.7057],[-120.7228,38.7197],[-120.7408,38.7766],[-120.8212,38.7662],[-120.9296,38.8165],[-121.0609,38.8456],[-121.0873,38.8333],[-121.1416,38.7119]]]},"properties":{"GEOID":"0605","BASENAME":"5","NAME":"Congressional District 5","STATE":"06","CD119":"05"}},{"type":"Feature","geometry":{"type":"Polygon","coordinates":[[[-75.5594,39.6298],[-75.544,39.596],[-75.5127,39.578],[-75.5277,39.5353],[-75.5364,39.4606],[-75.4652,39.4389],[-75.4424,39.4023],[-75.3268,39.3325],[-75.2853,39.2922],[-75.2444,39.2857],[-75.1667,39.2226],[-75.1367,39.1819],[-75.0908,39.2108],[-75.0485,39.2152],[-74.998,39.1913],[-74.9052,39.1749],[-74.8859,39.1436],[-74.9037,39.0874],[-74.9554,39.0013],[-74.9673,38.9334],[-74.9336,38.9285],[-74.8645,38.9404],[-74.8079,38.9859],[-74.7059,39.1029],[-74.7143,39.1198],[-74.6466,39.212],[-74.581,39.2708],[-74.5218,39.3138],[-74.4127,39.3608],[-74.367,39.402],[-74.3043,39.4714],[-74.2916,39.5077],[-74.191,39.6251],[-74.1014,39.7562],[-74.0924,39.7939],[-74.4169,39.8227],[-74.3897,39.7733],[-74.3904,39.596],[-74.4174,39.5573],[-74.4757,39.5515],[-74.6543,39.6268],[-74.7362,39.7298],[-74.9119,39.5785],[-75.0535,39.6775],[-75.229,39.7581],[-75.2671,39.8079],[-75.2573,39.8549],[-75.3418,39.8461],[-75.4151,39.8019],[-75.4594,39.7658],[-75.4776,39.715],[-75.5097,39.6861],[-75.5351,39.6472],[-75.5594,39.6298]]]},"properties":{"GEOID":"3402","BASENAME":"2","NAME":"Congressional District 2","STATE":"34","CD119":"02"}},{"type":"Feature","geometry":{"type":"Polygon","coordinates":[[[-76.0856,40.3643],[-76.0347,40.3264],[-75.9912,40.3687],[-75.8201,40.3615],[-75.8311,40.2931],[-75.6968,40.2419],[-75.5993,40.2377],[-75.5259,40.1486],[-75.415,40.0901],[-75.3445,40.1418],[-75.3375,40.0601],[-75.2373,39.9961],[-75.206,40.0117],[-75.2644,40.0541],[-75.2236,40.0929],[-75.1094,40.0459],[-75.0151,40.138],[-75.1069,40.1923],[-75.1428,40.1705],[-75.4293,40.3146],[-75.4754,40.3148],[-75.5693,40.3979],[-75.5298,40.4471],[-75.7667,40.597],[-75.9372,40.5915],[-75.9718,40.4475],[-76.0856,40.3643]]]},"properties":{"GEOID":"4204","BASENAME":"4","NAME":"Congressional District 4","STATE":"42","CD119":"04"}},{"type":"Feature","geometry":{"type":"Polygon","coordinates":[[[-75.9976,40.9133],[-75.886,40.8163],[-75.7578,40.7354],[-75.8078,40.7075],[-75.8915,40.6773],[-75.4839,40.4186],[-75.4097,40.488],[-75.2582,40.582],[-75.1892,40.6091],[-75.1926,40.7159],[-75.1775,40.7642],[-75.1085,40.7911],[-75.091,40.8492],[-75.0654,40.8857],[-75.1233,40.9653],[-75.2178,40.9281],[-75.2948,40.8622],[-75.4122,40.8898],[-75.4271,40.8971],[-75.4963,40.9889],[-75.6204,41.1093],[-75.6931,41.131],[-75.7667,41.0937],[-75.7322,41.0081],[-75.9976,40.9133]]]},"properties":{"GEOID":"4207","BASENAME":"7","NAME":"Congressional District 7","STATE":"42","CD119":"07"}},{"type":"Feature","geometry":{"type":"MultiPolygon","coordinates":[[[[-92.8867,45.6441],[-92.8811,45.5734],[-92.7569,45.5575],[-92.6868,45.4723],[-92.6468,45.4379],[-92.6585,45.3961],[-92.699,45.3364],[-92.7619,45.2849],[-92.7669,45.1951],[-92.7405,45.1134],[-92.8029,45.0654],[-92.7619,45.0225],[-92.7508,44.9416],[-92.767,44.862],[-92.1363,44.8578],[-92.1361,45.1214],[-92.1565,45.2096],[-91.6656,45.208],[-91.6664,45.1208],[-91.6514,45.0298],[-91.529,45.0309],[-91.5287,44.9445],[-91.313,44.9684],[-91.228,44.9489],[-91.2268,44.8569],[-91.1051,44.8571],[-91.1058,44.9443],[-90.9227,44.9444],[-90.9223,44.5963],[-91.0438,44.5966],[-91.0441,44.4226],[-90.5587,44.4222],[-90.5528,43.9859],[-90.1918,43.9813],[-90.1517,43.8858],[-90.1127,43.923],[-89.9807,43.9056],[-90.026,44.0917],[-89.9705,44.1671],[-89.9234,44.1524],[-89.9028,44.2495],[-90.0808,44.249],[-90.0795,44.4243],[-89.9636,44.4236],[-89.964,44.6848],[-89.2237,44.6814],[-89.2238,45.0292],[-88.9817,45.0289],[-88.9822,45.1177],[-88.6412,45.1173],[-88.6801,45.205],[-88.678,45.3787],[-88.4281,45.377],[-88.4253,45.7224],[-88.0592,45.7131],[-88.057,45.785],[-88.1055,45.7988],[-88.1351,45.8217],[-88.0739,45.8756],[-88.1153,45.9222],[-88.178,45.9471],[-88.2463,45.963],[-88.3095,45.9594],[-88.3802,45.9917],[-88.4099,45.9797],[-88.5267,46.0208],[-88.5939,46.0151],[-88.6131,45.9906],[-88.6578,45.9893],[-88.6791,46.0135],[-88.74,46.0273],[-88.8119,46.0216],[-89.0916,46.1385],[-90.1205,46.3369],[-90.1582,46.4205],[-90.2149,46.4999],[-90.2857,46.5188],[-90.3319,46.5533],[-90.3872,46.5337],[-90.4181,46.5661],[-90.4376,46.5615],[-90.5059,46.5896],[-90.5656,46.5849],[-90.7373,46.6923],[-90.7553,46.6463],[-90.7948,46.6249],[-90.8983,46.583],[-90.9557,46.5925],[-90.9326,46.6173],[-90.9152,46.6584],[-90.8527,46.6996],[-90.8808,46.74],[-90.7989,46.8231],[-90.7453,46.8943],[-90.8063,46.9387],[-90.9241,47.0019],[-90.9894,46.9823],[-90.9846,46.9256],[-91.0874,46.8795],[-91.1305,46.87],[-91.1676,46.8448],[-91.2116,46.8668],[-91.2567,46.8369],[-91.3148,46.8268],[-91.3608,46.7981],[-91.4118,46.7896],[-91.5111,46.7575],[-91.5743,46.7575],[-91.82,46.6902],[-91.9619,46.6825],[-92.0153,46.7065],[-92.0508,46.7105],[-92.1003,46.7344],[-92.1433,46.7316],[-92.2055,46.6647],[-92.2922,46.6632],[-92.294,46.0744],[-92.3382,46.0521],[-92.3518,46.0157],[-92.3927,46.0195],[-92.4496,46.0023],[-92.4728,45.973],[-92.5457,45.9701],[-92.5806,45.9463],[-92.6561,45.9244],[-92.7211,45.8838],[-92.7595,45.8353],[-92.7765,45.79],[-92.826,45.7367],[-92.8697,45.7151],[-92.8867,45.6441]]],[[[-90.7769,47.0243],[-90.768,47.0023],[-90.712,46.9853],[-90.6371,46.9067],[-90.5491,46.9155],[-90.5241,46.9357],[-90.5116,46.9614],[-90.5609,47.037],[-90.6504,47.0547],[-90.7769,47.0243]]]]},"properties":{"GEOID":"5507","BASENAME":"7","NAME":"Congressional District 7","STATE":"55","CD119":"07"}},{"type":"Feature","geometry":{"type":"Polygon","coordinates":[[[-79.6407,36.8561],[-79.7149,36.5414],[-78.0462,36.5442],[-78.0036,37.0228],[-77.9681,36.9873],[-77.8898,36.9888],[-77.9003,37.1439],[-77.7959,37.1926],[-77.7477,37.1927],[-77.6506,37.2651],[-77.7586,37.2687],[-77.8772,37.3652],[-77.8551,37.4184],[-77.809,37.4262],[-77.6554,37.564],[-77.6164,37.5776],[-77.6547,37.6383],[-77.6308,37.7057],[-77.6362,37.7065],[-77.641,37.7646],[-77.5745,37.7946],[-77.4078,37.8033],[-77.4366,37.8855],[-77.4842,37.8834],[-77.6425,37.9907],[-77.6875,38.0078],[-77.8382,38.1062],[-77.9471,38.12],[-78.102,38.1525],[-78.2094,38.1311],[-78.6065,38.2582],[-78.5963,38.2374],[-78.7264,38.23],[-78.7494,38.2066],[-78.7811,38.0808],[-78.8389,38.0474],[-78.9023,37.9514],[-79.0051,37.8817],[-79.0625,37.9176],[-79.1574,37.891],[-79.1444,37.8561],[-79.1721,37.8031],[-79.2328,37.8128],[-79.3452,37.6606],[-79.4369,37.6171],[-79.3841,37.5943],[-79.3453,37.521],[-79.393,37.4701],[-79.3264,37.3556],[-79.4078,37.278],[-79.3305,37.2384],[-79.4799,37.006],[-79.5941,37.0422],[-79.6407,36.8561]]]},"properties":{"GEOID":"5105","BASENAME":"5","NAME":"Congressional District 5","STATE":"51","CD119":"05"}},{"type":"Feature","geometry":{"type":"Polygon","coordinates":[[[-71.562,42.1786],[-71.5911,42.0135],[-71.3814,42.0188],[-71.3817,41.8932],[-71.3393,41.8934],[-71.3396,41.832],[-71.3294,41.7826],[-71.2614,41.7523],[-71.1956,41.6751],[-71.1329,41.6601],[-71.136,41.6214],[-71.1144,41.6928],[-71.0666,41.6856],[-70.9072,41.7635],[-70.9218,41.7912],[-70.8964,41.7943],[-70.894,41.8289],[-70.9187,41.8519],[-70.9165,41.8768],[-70.9873,41.9058],[-71.0489,41.9628],[-71.0547,41.9851],[-71.1565,42.001],[-71.1687,42.0612],[-71.1386,42.0728],[-71.1758,42.1556],[-71.2803,42.0885],[-71.2292,42.2641],[-71.1882,42.2804],[-71.1569,42.3302],[-71.1676,42.3601],[-71.2603,42.3535],[-71.27,42.3281],[-71.2461,42.321],[-71.2771,42.312],[-71.3324,42.2477],[-71.3904,42.2719],[-71.4193,42.2573],[-71.41,42.219],[-71.3848,42.192],[-71.4023,42.1788],[-71.3756,42.1355],[-71.4785,42.1314],[-71.4781,42.1568],[-71.5026,42.1914],[-71.562,42.1786]]]},"properties":{"GEOID":"2504","BASENAME":"4","NAME":"Congressional District 4","STATE":"25","CD119":"04"}},{"type":"Feature","geometry":{"type":"Polygon","coordinates":[[[-81.8449,39.4502],[-81.8537,39.3182],[-81.8184,39.2726],[-81.7218,39.2696],[-81.7215,39.211],[-81.6783,39.2738],[-81.5652,39.2762],[-81.5596,39.3308],[-81.4561,39.4093],[-81.4127,39.3946],[-81.3938,39.3517],[-81.3476,39.3458],[-81.2491,39.39],[-81.1859,39.4307],[-81.1285,39.4494],[-81.076,39.5097],[-80.8656,39.6628],[-80.8298,39.7118],[-80.8699,39.7636],[-80.825,39.8011],[-80.8243,39.8472],[-80.8034,39.9188],[-80.7401,39.9708],[-80.7368,40.0801],[-80.706,40.1516],[-80.6066,40.3039],[-80.6316,40.3855],[-80.6049,40.4467],[-80.6222,40.5205],[-80.668,40.5825],[-80.6272,40.6199],[-80.5836,40.6155],[-80.519,40.6388],[-80.5192,41.1332],[-81.0025,41.1342],[-81.002,40.9878],[-81.2998,40.9885],[-81.3093,40.8099],[-81.2919,40.7631],[-81.3496,40.7868],[-81.4293,40.7442],[-81.4251,40.8182],[-81.4931,40.8205],[-81.5225,40.7331],[-81.6484,40.7371],[-81.6491,40.6345],[-81.5089,40.6504],[-81.4765,40.4826],[-81.5634,40.478],[-81.5661,40.4273],[-81.464,40.3737],[-81.2741,40.3326],[-81.3346,40.3043],[-81.3396,40.172],[-81.2259,40.1701],[-81.2341,39.9513],[-81.386,39.9507],[-81.4641,39.8945],[-81.5786,39.8977],[-81.5803,39.8391],[-81.6941,39.8426],[-81.6974,39.7556],[-81.6399,39.7534],[-81.6432,39.6657],[-81.5861,39.664],[-81.5882,39.587],[-81.7127,39.5851],[-81.7085,39.4808],[-81.8232,39.4941],[-81.8449,39.4502]]]},"properties":{"GEOID":"3906","BASENAME":"6","NAME":"Congressional District 6","STATE":"39","CD119":"06"}},{"type":"Feature","geometry":{"type":"Polygon","coordinates":[[[-124.5524,42.8406],[-124.51,42.7347],[-124.4484,42.6899],[-124.4507,42.6758],[-124.4131,42.6579],[-124.3991,42.5399],[-124.4351,42.4402],[-124.4256,42.3519],[-124.4106,42.3074],[-124.411,42.2505],[-124.3836,42.2272],[-124.361,42.1808],[-124.3515,42.1298],[-124.3143,42.0679],[-124.2705,42.0456],[-124.2116,41.9985],[-123.822,41.9956],[-123.8585,42.1351],[-123.7922,42.2376],[-123.8927,42.3533],[-124.0271,42.3592],[-124.0088,42.4206],[-124.0148,42.4342],[-124.0019,42.4452],[-124.0022,42.484],[-124.0115,42.4896],[-123.8907,42.5005],[-123.8313,42.6323],[-123.7165,42.7841],[-123.7833,42.7994],[-123.8116,42.7888],[-123.8204,42.8241],[-123.8211,42.9653],[-123.7703,42.9661],[-123.6505,43.0645],[-123.4985,43.1162],[-123.3758,43.0921],[-123.3648,43.181],[-123.2847,43.2073],[-123.1699,43.2064],[-123.0753,43.2661],[-122.9588,43.285],[-123.0187,43.3744],[-122.9493,43.4327],[-122.8933,43.5174],[-122.7419,43.5176],[-122.7417,43.4374],[-122.132,43.4402],[-122.131,43.5573],[-121.9649,43.627],[-121.9863,43.6617],[-121.9645,43.8082],[-121.9729,43.8612],[-121.87,43.9117],[-121.7691,44.1016],[-121.7994,44.2583],[-122.3272,44.2528],[-122.3846,44.2171],[-122.577,44.2279],[-122.6468,44.2666],[-122.7627,44.2905],[-122.8655,44.2873],[-122.904,44.2591],[-122.9058,44.2007],[-123.1654,44.2001],[-123.1804,44.2837],[-123.2457,44.3321],[-123.2277,44.4069],[-123.2332,44.4117],[-123.2053,44.443],[-123.2127,44.5176],[-123.2036,44.5269],[-123.2029,44.5641],[-123.1832,44.5672],[-123.1856,44.5872],[-123.1644,44.6375],[-123.0731,44.6524],[-123.149,44.7202],[-123.7045,44.7212],[-123.725,44.739],[-123.7247,45.0444],[-124.0101,45.045],[-124.0238,44.9498],[-124.0741,44.7981],[-124.0634,44.7032],[-124.065,44.6325],[-124.0836,44.5011],[-124.0844,44.4156],[-124.1152,44.2865],[-124.1111,44.2351],[-124.1224,44.1044],[-124.1503,43.9109],[-124.1935,43.7061],[-124.2335,43.5571],[-124.2869,43.4363],[-124.3533,43.3427],[-124.4004,43.3021],[-124.3825,43.2702],[-124.4362,43.0713],[-124.4809,42.9515],[-124.5524,42.8406]]]},"properties":{"GEOID":"4104","BASENAME":"4","NAME":"Congressional District 4","STATE":"41","CD119":"04"}},{"type":"Feature","geometry":{"type":"Polygon","coordinates":[[[-76.7335,42.8942],[-76.7316,42.7207],[-76.6665,42.6235],[-76.2656,42.6236],[-76.2615,42.5505],[-76.0649,42.5434],[-76.0715,42.6474],[-75.8838,42.6556],[-75.8898,42.7238],[-75.4287,42.7454],[-75.2959,42.7441],[-75.2514,42.7846],[-75.248,42.8716],[-75.2122,42.88],[-75.2191,43.0525],[-75.1609,43.1148],[-75.2433,43.1102],[-75.3409,43.1788],[-75.5439,43.1689],[-75.5137,43.1326],[-75.6532,43.1079],[-75.7239,43.1626],[-75.8843,43.1556],[-75.9328,43.1766],[-75.9556,43.1722],[-75.9594,43.1804],[-75.9795,43.1774],[-76.0789,43.1995],[-76.2033,43.2715],[-76.259,43.2375],[-76.4792,43.2275],[-76.4718,43.105],[-76.4927,43.0153],[-76.5703,43.0115],[-76.5929,42.8952],[-76.7335,42.8942]]]},"properties":{"GEOID":"3622","BASENAME":"22","NAME":"Congressional District 22","STATE":"36","CD119":"22"}},{"type":"Feature","geometry":{"type":"Polygon","coordinates":[[[-84.2994,39.1739],[-84.3212,39.0206],[-84.2973,38.9897],[-84.2882,38.9558],[-84.2321,38.8805],[-84.2333,38.8427],[-84.2129,38.8057],[-84.0516,38.7714],[-83.9788,38.7871],[-83.8521,38.7514],[-83.834,38.716],[-83.7836,38.6956],[-83.7722,38.6581],[-83.6795,38.63],[-83.643,38.6433],[-83.6269,38.6794],[-83.5333,38.7021],[-83.4404,38.6694],[-83.3763,38.6615],[-83.2865,38.5992],[-83.2395,38.6286],[-83.1726,38.6203],[-83.129,38.6402],[-83.1124,38.6717],[-83.0118,38.7301],[-82.8892,38.7561],[-82.8712,38.7184],[-82.8696,38.6782],[-82.8513,38.6043],[-82.8001,38.5632],[-82.7248,38.5576],[-82.6185,38.4771],[-82.5937,38.4218],[-82.5607,38.4043],[-82.324,38.4493],[-82.3042,38.4963],[-82.2933,38.5603],[-82.2743,38.5937],[-82.219,38.5917],[-82.1752,38.6085],[-82.2093,38.8027],[-82.1616,38.8246],[-82.1348,38.9056],[-82.0891,38.976],[-82.0416,39.0179],[-82.0071,39.0296],[-81.9418,38.9933],[-81.8985,38.9296],[-81.8274,38.9459],[-81.7757,38.9807],[-81.8079,39.084],[-81.743,39.1066],[-81.7523,39.181],[-82.2686,39.2038],[-82.2602,39.2929],[-82.2897,39.3842],[-82.2804,39.4729],[-82.1674,39.4663],[-82.1592,39.5566],[-82.2636,39.5621],[-82.262,39.5906],[-82.3799,39.5967],[-82.3745,39.655],[-82.4903,39.6617],[-82.4961,39.6028],[-82.6175,39.6086],[-82.6201,39.564],[-82.7315,39.5544],[-82.843,39.5615],[-82.8243,39.795],[-83.2437,39.8125],[-83.2667,39.5162],[-83.3727,39.3774],[-83.4363,39.4709],[-83.5878,39.4147],[-83.5763,39.5445],[-83.977,39.5694],[-84.0075,39.2551],[-84.2594,39.2709],[-84.32,39.2237],[-84.2994,39.1739]]]},"properties":{"GEOID":"3902","BASENAME":"2","NAME":"Congressional District 2","STATE":"39","CD119":"02"}},{"type":"Feature","geometry":{"type":"Polygon","coordinates":[[[-103.0649,32.8494],[-103.0644,32.0871],[-99.6314,32.0813],[-99.6298,32.4366],[-99.4548,32.4073],[-99.3971,32.5151],[-99.096,32.5148],[-99.096,32.957],[-98.9509,32.9569],[-98.9539,33.3975],[-101.0388,33.3972],[-101.0415,34.3124],[-101.4716,34.3123],[-101.4716,34.7475],[-103.0428,34.7474],[-103.0435,34.0794],[-103.0649,32.8494]]]},"properties":{"GEOID":"4819","BASENAME":"19","NAME":"Congressional District 19","STATE":"48","CD119":"19"}},{"type":"Feature","geometry":{"type":"Polygon","coordinates":[[[-83.7943,35.8871],[-83.7052,35.7116],[-83.6628,35.6906],[-83.6629,35.5678],[-83.4983,35.563],[-83.4524,35.6029],[-83.4216,35.6112],[-83.3473,35.6605],[-83.2972,35.6577],[-83.2554,35.7162],[-83.1983,35.7255],[-83.1615,35.7634],[-83.0485,35.7877],[-82.9784,35.7826],[-82.8997,35.8746],[-82.9106,35.9269],[-82.8607,35.9474],[-82.8161,35.924],[-82.7875,35.9522],[-82.7794,35.9925],[-82.6284,36.0621],[-82.5955,36.026],[-82.6109,35.9744],[-82.5579,35.9539],[-82.4646,36.0065],[-82.4095,36.0834],[-82.2977,36.1335],[-82.2657,36.1276],[-82.2113,36.159],[-82.1408,36.1362],[-82.1271,36.1044],[-82.0801,36.1057],[-82.0287,36.1243],[-81.9081,36.302],[-81.8332,36.3473],[-81.706,36.3385],[-81.7343,36.4133],[-81.6953,36.4679],[-81.7,36.5368],[-81.6775,36.5881],[-81.6469,36.6119],[-81.9226,36.6162],[-81.9341,36.5942],[-83.4721,36.5995],[-83.3983,36.5349],[-83.3694,36.4592],[-83.3868,36.4132],[-83.3042,36.3882],[-83.2806,36.3947],[-83.2889,36.3788],[-83.2553,36.2891],[-83.3283,36.2967],[-83.4495,36.218],[-83.4671,36.1747],[-83.564,36.1919],[-83.6722,36.1105],[-83.6278,36.0797],[-83.6556,36.0431],[-83.6733,36.0385],[-83.651,35.9864],[-83.7943,35.8871]]]},"properties":{"GEOID":"4701","BASENAME":"1","NAME":"Congressional District 1","STATE":"47","CD119":"01"}},{"type":"Feature","geometry":{"type":"Polygon","coordinates":[[[-73.9073,40.9515],[-73.9205,40.9186],[-73.8444,40.9042],[-73.8304,40.8645],[-73.824,40.8899],[-73.7481,40.8717],[-73.7412,40.8759],[-73.7663,40.8811],[-73.7568,40.9126],[-73.698,40.9396],[-73.6573,40.9852],[-73.6595,41.0179],[-73.706,41.0743],[-73.8479,41.0868],[-73.8947,41.07],[-73.8894,41.0376],[-73.9073,40.9515]]]},"properties":{"GEOID":"3616","BASENAME":"16","NAME":"Congressional District 16","STATE":"36","CD119":"16"}},{"type":"Feature","geometry":{"type":"Polygon","coordinates":[[[-74.2345,41.1429],[-73.894,40.9972],[-73.8894,41.0376],[-73.8947,41.07],[-73.8479,41.0868],[-73.706,41.0743],[-73.7278,41.1007],[-73.4827,41.2128],[-73.551,41.2954],[-73.5218,41.6197],[-73.6831,41.6119],[-73.7284,41.5813],[-73.8128,41.6333],[-73.8611,41.496],[-73.9338,41.4883],[-73.9815,41.4389],[-73.9473,41.3948],[-73.9808,41.3254],[-74.2345,41.1429]]]},"properties":{"GEOID":"3617","BASENAME":"17","NAME":"Congressional District 17","STATE":"36","CD119":"17"}},{"type":"Feature","geometry":{"type":"Polygon","coordinates":[[[-75.8629,43.3193],[-75.8843,43.1556],[-75.7239,43.1626],[-75.6532,43.1079],[-75.5137,43.1326],[-75.5439,43.1689],[-75.3409,43.1788],[-75.2433,43.1102],[-75.1609,43.1148],[-75.2191,43.0525],[-75.2106,42.8565],[-75.101,42.9084],[-74.9067,42.8249],[-74.8788,42.8983],[-74.6483,42.8296],[-74.6675,42.7507],[-74.6306,42.6267],[-74.7116,42.5178],[-74.6189,42.4244],[-74.4435,42.355],[-74.2447,42.3772],[-74.2632,42.4232],[-74.2416,42.5508],[-74.1697,42.6674],[-74.1803,42.73],[-74.2723,42.7143],[-74.2568,42.8122],[-74.2879,42.8916],[-74.2893,42.9844],[-74.0975,42.9829],[-74.1106,43.0668],[-73.7707,43.0959],[-73.6814,43.1532],[-73.6677,43.1056],[-73.7437,43.0167],[-73.5936,43.0143],[-73.6311,42.9706],[-73.6355,42.9413],[-73.4306,42.9587],[-73.2738,42.9436],[-73.242,43.5349],[-73.3277,43.6259],[-73.3958,43.5681],[-73.425,43.5988],[-73.4145,43.6582],[-73.3507,43.7705],[-73.3903,43.8174],[-73.3741,43.8756],[-73.4077,43.9299],[-73.406,44.0115],[-73.4369,44.0426],[-73.3954,44.1669],[-73.3499,44.2304],[-73.3166,44.2578],[-73.3346,44.3569],[-73.2936,44.4406],[-73.3129,44.5072],[-73.3673,44.5675],[-73.39,44.6196],[-73.3577,44.751],[-73.3344,44.8022],[-73.3657,44.8265],[-73.3798,44.857],[-73.339,44.9177],[-73.3431,45.0108],[-74.2341,44.9921],[-74.611,44.9992],[-74.7446,44.9906],[-74.8347,45.0147],[-74.908,44.9834],[-74.9928,44.9774],[-75.0052,44.9584],[-75.0662,44.9302],[-75.2555,44.8577],[-75.4239,44.7563],[-75.7662,44.5159],[-75.8078,44.4716],[-75.8341,44.4224],[-75.8613,44.4051],[-75.6285,44.2991],[-75.7938,44.1399],[-75.8778,44.1747],[-75.8579,43.9849],[-75.6965,44.055],[-75.6036,43.9713],[-75.7586,43.8788],[-75.8404,43.8839],[-75.8509,43.7919],[-75.787,43.7887],[-75.7564,43.4704],[-75.8146,43.4836],[-75.8629,43.3193]]]},"properties":{"GEOID":"3621","BASENAME":"21","NAME":"Congressional District 21","STATE":"36","CD119":"21"}},{"type":"Feature","geometry":{"type":"Polygon","coordinates":[[[-111.9039,40.6207],[-111.9133,40.4525],[-111.7728,40.341],[-111.7723,40.2801],[-111.7306,40.2567],[-111.7305,40.1593],[-111.493,40.166],[-111.5424,40.2612],[-111.4573,40.3007],[-111.3134,40.2873],[-111.2259,40.1677],[-111.2493,40.0552],[-111.0831,39.9432],[-111.0831,39.9001],[-110.8576,39.8997],[-110.8578,39.8133],[-111.2475,39.813],[-111.2477,39.4672],[-111.3009,39.4672],[-111.3057,38.5102],[-111.2854,38.5],[-110.0253,38.5],[-110.0446,38.4539],[-110.0334,38.3896],[-109.9077,38.2707],[-109.8851,38.1882],[-109.928,38.1518],[-110.0136,38.1081],[-110.0766,37.9997],[-110.1363,38.0052],[-110.2018,37.9469],[-110.2088,37.8941],[-110.4042,37.8809],[-110.432,37.7787],[-110.4863,37.6744],[-110.6038,37.6021],[-110.6467,37.5406],[-110.6643,37.478],[-110.7458,37.4527],[-110.6995,37.4317],[-110.7398,37.3448],[-110.8045,37.3209],[-110.8567,37.3485],[-110.9023,37.1728],[-110.9507,37.1339],[-111.0491,37.0996],[-111.1656,37.1053],[-111.2508,37.0007],[-109.0452,36.9991],[-109.0418,38.1647],[-109.0601,38.2755],[-109.0515,39.1261],[-109.0501,41.0007],[-110.8721,40.9974],[-110.8587,40.941],[-110.972,40.8369],[-111.0635,40.8445],[-111.1817,40.8089],[-111.4077,40.8085],[-111.3793,40.7379],[-111.4369,40.6806],[-111.5588,40.6775],[-111.6062,40.7129],[-111.7815,40.709],[-111.8309,40.6871],[-111.8655,40.6871],[-111.9039,40.6207]]]},"properties":{"GEOID":"4903","BASENAME":"3","NAME":"Congressional District 3","STATE":"49","CD119":"03"}},{"type":"Feature","geometry":{"type":"Polygon","coordinates":[[[-87.5728,35.0491],[-87.6061,35.0035],[-85.4743,34.9837],[-85.365,35.0726],[-85.3871,35.1472],[-85.246,35.3191],[-85.1683,35.4556],[-85.1515,35.4452],[-85.1311,35.458],[-85.1022,35.4284],[-85.0167,35.4091],[-85.0302,35.3793],[-84.9463,35.2877],[-84.8795,35.3532],[-84.8602,35.3501],[-84.8011,35.4552],[-84.6199,35.6447],[-84.619,35.7079],[-84.7239,35.7529],[-84.7545,35.7544],[-84.7819,35.825],[-84.8098,35.8186],[-84.9161,35.7619],[-84.9285,35.7685],[-85.2541,35.7656],[-85.2654,35.7212],[-85.4238,35.5674],[-85.4599,35.5469],[-85.5575,35.533],[-85.6051,35.7085],[-85.5979,35.7251],[-85.6365,35.7853],[-85.6203,35.8012],[-85.6821,35.8313],[-85.8682,35.8464],[-85.8852,35.8397],[-85.9974,35.712],[-85.9851,35.6601],[-86.0889,35.6468],[-86.2071,35.7038],[-86.1418,35.9144],[-86.1532,35.9544],[-86.2517,35.9611],[-86.5156,36.1006],[-86.5469,36.0878],[-86.6189,35.9682],[-86.6133,35.7903],[-86.6862,35.7101],[-86.6394,35.6859],[-86.6642,35.4918],[-86.6186,35.3674],[-86.5995,35.365],[-86.6026,35.327],[-86.7469,35.2529],[-86.8283,35.2637],[-86.9065,35.3141],[-86.9608,35.417],[-87.1291,35.456],[-87.2279,35.4293],[-87.2945,35.4447],[-87.4485,35.4578],[-87.4488,35.4206],[-87.5754,35.3985],[-87.5728,35.0491]]]},"properties":{"GEOID":"4704","BASENAME":"4","NAME":"Congressional District 4","STATE":"47","CD119":"04"}},{"type":"Feature","geometry":{"type":"Polygon","coordinates":[[[-75.7738,39.7222],[-75.7886,39.7222],[-75.7669,39.3775],[-75.6937,38.4601],[-75.0489,38.4513],[-75.0718,38.6965],[-75.0895,38.7972],[-75.1133,38.783],[-75.159,38.7902],[-75.232,38.8443],[-75.3041,38.9132],[-75.3026,38.939],[-75.3409,39.02],[-75.3963,39.0579],[-75.4075,39.1337],[-75.3948,39.1884],[-75.4084,39.2647],[-75.5718,39.4389],[-75.5931,39.4792],[-75.5281,39.4981],[-75.5277,39.5353],[-75.5127,39.578],[-75.544,39.596],[-75.5594,39.6298],[-75.5351,39.6472],[-75.5097,39.6861],[-75.4776,39.715],[-75.4594,39.7658],[-75.4151,39.8019],[-75.4812,39.8292],[-75.5704,39.8392],[-75.6628,39.8214],[-75.7171,39.7923],[-75.7532,39.758],[-75.7738,39.7222]]]},"properties":{"GEOID":"1000","BASENAME":"Congressional District (at Large)","NAME":"Congressional District (at Large)","STATE":"10","CD119":"00"}},{"type":"Feature","geometry":{"type":"Polygon","coordinates":[[[-98.5932,26.2429],[-98.4425,26.1992],[-98.2488,26.0731],[-98.197,26.0562],[-98.0801,26.0554],[-98.0656,26.1582],[-98.0998,26.2004],[-98.1469,26.1165],[-98.1797,26.121],[-98.1635,26.2166],[-98.2127,26.2526],[-98.1586,26.2453],[-98.1547,26.3003],[-98.0134,26.2964],[-98.0142,26.3326],[-97.937,26.3213],[-97.9307,26.3583],[-97.8619,26.3482],[-97.8619,26.4336],[-98.0042,26.4488],[-97.9574,26.6118],[-97.9853,26.6158],[-97.9861,27.2605],[-98.0581,27.261],[-98.0595,27.6359],[-97.9421,27.6359],[-97.9343,27.8852],[-97.7985,27.9957],[-97.8014,28.0384],[-97.8831,28.0569],[-97.9041,28.1142],[-97.8088,28.1834],[-98.0898,28.663],[-97.9151,28.7196],[-97.7785,28.668],[-97.5746,28.8133],[-97.7551,29.0071],[-97.6131,29.1098],[-97.8588,29.3529],[-97.6332,29.6499],[-97.6478,29.6621],[-97.7219,29.6821],[-97.8753,29.8582],[-98.0909,29.6832],[-98.0239,29.5666],[-98.0723,29.5406],[-98.0738,29.4376],[-98.1225,29.446],[-98.1342,29.4418],[-98.4073,29.1144],[-98.0983,28.7869],[-98.335,28.6127],[-98.3343,28.0578],[-98.2355,28.058],[-98.2325,27.2625],[-98.5233,27.2651],[-98.4929,27.235],[-98.4665,27.0547],[-98.4179,27.0553],[-98.4226,26.7835],[-98.3207,26.7831],[-98.5932,26.2429]]]},"properties":{"GEOID":"4815","BASENAME":"15","NAME":"Congressional District 15","STATE":"48","CD119":"15"}},{"type":"Feature","geometry":{"type":"Polygon","coordinates":[[[-85.7687,41.4357],[-85.7652,41.1775],[-85.6866,41.1784],[-85.6832,41.0019],[-85.6438,41.0023],[-85.6386,40.6531],[-85.4488,40.6536],[-85.4443,40.3791],[-85.2199,40.379],[-85.2164,40.1786],[-84.9974,40.1764],[-84.953,40.1503],[-84.8073,40.1802],[-84.8059,41.7602],[-85.6598,41.7592],[-85.6535,41.4369],[-85.7687,41.4357]]]},"properties":{"GEOID":"1803","BASENAME":"3","NAME":"Congressional District 3","STATE":"18","CD119":"03"}},{"type":"Feature","geometry":{"type":"Polygon","coordinates":[[[-93.3057,34.8755],[-93.2878,34.7732],[-92.9693,34.7723],[-92.98,34.6372],[-92.8754,34.6352],[-92.808,34.5904],[-92.7932,34.5036],[-92.6851,34.4731],[-92.6687,34.4145],[-92.5895,34.4556],[-92.4047,34.4519],[-92.4034,34.4957],[-92.2458,34.4936],[-92.2442,34.5809],[-92.3487,34.5823],[-92.3465,34.6256],[-92.3819,34.6263],[-92.3616,34.6772],[-92.2372,34.7169],[-92.2378,34.6937],[-92.1732,34.6384],[-92.1566,34.7114],[-92.2207,34.7543],[-92.1515,34.824],[-92.0755,34.8428],[-92.0708,35.0116],[-92.1215,35.0122],[-92.1197,35.0666],[-92.0131,35.0763],[-91.9026,35.0277],[-91.8025,35.0307],[-91.7011,35.063],[-91.6087,35.0207],[-91.584,35.0916],[-91.4653,35.0895],[-91.4588,35.155],[-91.3898,35.2],[-91.383,35.2484],[-91.4287,35.2931],[-91.4384,35.3689],[-91.3581,35.409],[-91.3473,35.4391],[-91.5845,35.4423],[-91.5821,35.5303],[-91.7936,35.5341],[-91.7896,35.7118],[-91.8372,35.705],[-92.4184,35.716],[-92.4168,35.7886],[-92.6298,35.7908],[-92.6314,35.7184],[-92.8097,35.7224],[-92.8135,35.5489],[-92.851,35.463],[-92.8551,35.1738],[-92.9009,35.17],[-93.0401,35.1095],[-93.0406,35.0769],[-93.3057,34.8755]]]},"properties":{"GEOID":"0502","BASENAME":"2","NAME":"Congressional District 2","STATE":"05","CD119":"02"}},{"type":"Feature","geometry":{"type":"Polygon","coordinates":[[[-118.2724,35.1044],[-118.2567,35.0532],[-118.1576,35.0765],[-118.0628,35.0713],[-118.0425,35.0147],[-117.9523,35.0148],[-117.6322,34.9909],[-117.6322,34.8223],[-117.9167,34.8225],[-117.8807,34.7195],[-117.8878,34.5064],[-117.9347,34.4317],[-117.6761,34.4261],[-117.6751,34.4044],[-117.6552,34.397],[-117.4854,34.3834],[-117.438,34.3542],[-117.4821,34.3331],[-117.4263,34.2346],[-117.2873,34.2043],[-117.2437,34.1494],[-117.1036,34.1057],[-117.1214,34.0482],[-117.2694,34.0639],[-117.2961,34.0183],[-117.1996,34.0041],[-116.9336,34.0049],[-116.9296,34.0341],[-115.3162,34.0341],[-115.3161,34.0778],[-115.1361,34.0797],[-115.0559,34.4909],[-115.0847,34.5287],[-115.1599,34.5443],[-115.1181,34.5912],[-115.1803,34.6692],[-115.0017,34.6914],[-115.0109,34.7392],[-114.9893,34.8372],[-115.051,34.83],[-115.0627,34.9191],[-114.9846,34.914],[-114.9778,35.0425],[-114.9482,35.2552],[-115.648,35.8096],[-115.7359,35.7936],[-117.6343,35.7973],[-117.6521,35.7099],[-117.6343,35.6516],[-117.6337,35.4393],[-117.784,35.411],[-117.8691,35.3762],[-118.0138,35.2933],[-118.0737,35.2193],[-118.2019,35.1179],[-118.2724,35.1044]]]},"properties":{"GEOID":"0623","BASENAME":"23","NAME":"Congressional District 23","STATE":"06","CD119":"23"}},{"type":"Feature","geometry":{"type":"Polygon","coordinates":[[[-99.5699,37.913],[-99.5706,37.8256],[-99.5596,37.7349],[-99.5555,37.3916],[-99.5432,37.3811],[-99.5411,36.9999],[-95.9643,36.9992],[-95.9589,38.1709],[-96.3573,38.1727],[-96.3581,38.0858],[-96.8408,38.0856],[-97.1529,38.0877],[-97.1531,38.1746],[-97.7018,38.1738],[-97.6987,37.7351],[-98.4648,37.7327],[-98.4648,37.8109],[-98.4723,37.8245],[-98.4725,38.2386],[-98.4798,38.2608],[-99.0225,38.2612],[-99.0874,38.1859],[-99.1317,38.1743],[-99.5699,38.1749],[-99.5699,37.913]]]},"properties":{"GEOID":"2004","BASENAME":"4","NAME":"Congressional District 4","STATE":"20","CD119":"04"}},{"type":"Feature","geometry":{"type":"Polygon","coordinates":[[[-90.7368,31.6985],[-90.7373,31.6111],[-90.6332,31.6114],[-90.6333,31.3493],[-90.5482,31.3496],[-90.5476,31.0],[-89.654,31.0025],[-89.6542,31.4338],[-89.3992,31.434],[-89.4012,31.7969],[-89.2647,31.8052],[-89.1646,31.7118],[-89.0841,31.7699],[-88.9432,31.7842],[-88.9434,31.8246],[-88.6407,31.8539],[-88.4687,31.8939],[-88.3044,33.2883],[-88.6706,33.2869],[-88.6715,33.5651],[-89.0357,33.5622],[-89.0361,33.5127],[-88.9596,33.4982],[-88.966,33.2861],[-89.0883,33.286],[-89.1089,33.1981],[-89.2134,33.1975],[-89.2139,33.1094],[-89.3179,33.1089],[-89.3176,32.5765],[-89.7302,32.5772],[-89.7303,32.6342],[-89.7709,32.6061],[-89.7841,32.5869],[-89.84,32.5933],[-89.9398,32.5137],[-89.9952,32.5604],[-90.1365,32.5831],[-90.3103,32.5459],[-90.3638,32.6033],[-90.4049,32.5747],[-90.45,32.5738],[-90.4499,32.4884],[-90.2436,32.4875],[-90.2438,32.4001],[-90.1235,32.3995],[-90.1868,32.3268],[-90.161,32.3082],[-90.1949,32.1879],[-90.2548,32.1512],[-90.2303,32.0497],[-90.1075,31.7777],[-90.1226,31.7527],[-90.1954,31.7279],[-90.3794,31.6852],[-90.4142,31.7005],[-90.7368,31.6985]]]},"properties":{"GEOID":"2803","BASENAME":"3","NAME":"Congressional District 3","STATE":"28","CD119":"03"}},{"type":"Feature","geometry":{"type":"Polygon","coordinates":[[[-119.4404,34.4418],[-119.4514,34.3981],[-119.3775,34.3918],[-119.3445,34.4388],[-119.2552,34.4782],[-119.2205,34.4545],[-119.2943,34.3157],[-119.2348,34.3209],[-119.1925,34.3724],[-119.1463,34.2758],[-119.1942,34.2395],[-119.2646,34.2361],[-119.2277,34.1617],[-119.1098,34.0946],[-119.07,34.0905],[-118.9445,34.0467],[-118.941,34.0748],[-118.8565,34.1268],[-118.8476,34.1103],[-118.8004,34.1394],[-118.7566,34.1408],[-118.7067,34.1145],[-118.6062,34.129],[-118.6385,34.1576],[-118.6938,34.1511],[-118.6938,34.1686],[-118.668,34.1992],[-118.7032,34.1947],[-118.7154,34.2163],[-118.6678,34.2223],[-118.6325,34.2404],[-118.6368,34.2918],[-118.8804,34.7887],[-118.9779,34.8117],[-119.2425,34.8143],[-119.2764,34.8725],[-119.4437,34.9012],[-119.4404,34.4418]]]},"properties":{"GEOID":"0626","BASENAME":"26","NAME":"Congressional District 26","STATE":"06","CD119":"26"}},{"type":"Feature","geometry":{"type":"Polygon","coordinates":[[[-83.2265,32.5842],[-82.991,32.1473],[-82.8848,32.1961],[-82.8749,32.18],[-82.9279,32.1353],[-82.8877,32.0799],[-82.7231,32.0028],[-82.6457,31.9189],[-82.5953,31.9316],[-82.5437,31.9589],[-82.4802,31.955],[-82.4831,31.969],[-82.4315,31.9662],[-82.4072,31.9495],[-82.225,31.9131],[-82.1118,31.9005],[-82.0486,31.8271],[-81.9829,31.7849],[-81.9691,31.7893],[-81.9814,31.7946],[-81.8244,32.0149],[-81.7617,32.0479],[-81.7187,32.0894],[-81.7563,32.1046],[-81.7809,32.1529],[-81.4358,32.2413],[-81.4351,32.2594],[-81.4503,32.2974],[-81.3894,32.2937],[-81.327,32.3614],[-81.2577,32.3356],[-81.1735,32.3849],[-81.1949,32.4115],[-81.1948,32.4651],[-81.2749,32.5442],[-81.3288,32.5612],[-81.3971,32.6056],[-81.3938,32.6535],[-81.4127,32.7391],[-81.4206,32.8312],[-81.4996,32.9437],[-81.502,33.0151],[-81.6017,33.0847],[-81.6584,33.1032],[-81.7551,33.1515],[-81.7635,33.2036],[-81.8465,33.2417],[-81.8461,33.3038],[-81.9327,33.3435],[-81.9201,33.4108],[-81.9263,33.4629],[-81.9909,33.4942],[-82.0282,33.5449],[-82.1062,33.5956],[-82.1619,33.6106],[-82.1997,33.6576],[-82.2391,33.7309],[-82.3245,33.82],[-82.4311,33.8671],[-82.513,33.937],[-82.5568,33.9454],[-82.563,33.9566],[-82.6367,33.9741],[-82.6455,33.9842],[-82.7244,33.9845],[-82.7709,33.9726],[-82.727,33.863],[-82.8655,33.726],[-82.9382,33.7147],[-82.8797,33.6207],[-82.813,33.6558],[-82.68,33.5998],[-82.7513,33.5101],[-82.8153,33.5211],[-82.8666,33.4666],[-82.852,33.4435],[-82.8241,33.4276],[-82.7483,33.2383],[-82.855,33.1964],[-82.8889,33.1386],[-83.0087,33.0808],[-83.0522,33.0807],[-83.0491,32.9856],[-83.0736,32.9466],[-83.027,32.8561],[-82.9743,32.8392],[-82.9554,32.7565],[-82.947,32.7594],[-82.9571,32.7083],[-83.2265,32.5842]]]},"properties":{"GEOID":"1312","BASENAME":"12","NAME":"Congressional District 12","STATE":"13","CD119":"12"}},{"type":"Feature","geometry":{"type":"MultiPolygon","coordinates":[[[[-120.9842,35.4579],[-120.8848,35.4302],[-120.8621,35.3608],[-120.8968,35.2479],[-120.8467,35.2044],[-120.7561,35.1605],[-120.7142,35.176],[-120.6358,35.1238],[-120.6296,35.0784],[-120.6336,35.0331],[-120.6708,34.9041],[-120.6103,34.8582],[-120.6263,34.7381],[-120.6149,34.7307],[-120.602,34.6921],[-120.6457,34.581],[-120.6226,34.554],[-120.5813,34.557],[-120.5114,34.523],[-120.4514,34.4471],[-120.2951,34.4706],[-120.1412,34.4734],[-119.972,34.4446],[-119.874,34.4088],[-119.7859,34.416],[-119.7091,34.3954],[-119.6847,34.4083],[-119.6169,34.421],[-119.461,34.3741],[-119.2701,34.2529],[-119.2646,34.2361],[-119.1942,34.2395],[-119.1463,34.2758],[-119.1925,34.3724],[-119.2348,34.3209],[-119.2943,34.3157],[-119.2205,34.4545],[-119.2552,34.4782],[-119.3445,34.4388],[-119.3775,34.3918],[-119.4514,34.3981],[-119.4404,34.4418],[-119.4437,34.9012],[-119.4725,34.9014],[-119.4726,35.0767],[-119.5618,35.0878],[-119.5538,35.1801],[-119.6673,35.175],[-119.6666,35.2626],[-119.8094,35.2637],[-119.8092,35.3454],[-119.8804,35.3511],[-119.88,35.4391],[-119.9932,35.4395],[-120.0652,35.513],[-120.057,35.4853],[-120.1762,35.4399],[-120.2005,35.4943],[-120.3026,35.472],[-120.4292,35.4843],[-120.4725,35.4528],[-120.6541,35.455],[-120.7045,35.4399],[-120.8246,35.5155],[-120.8933,35.5222],[-120.9068,35.4534],[-120.9842,35.4579]]],[[[-119.5789,33.2786],[-119.5459,33.2334],[-119.4647,33.2154],[-119.4296,33.2282],[-119.4272,33.266],[-119.5105,33.3073],[-119.5789,33.2786]]],[[[-119.9162,34.0584],[-119.8769,34.0235],[-119.8734,33.9804],[-119.7959,33.9629],[-119.7212,33.9596],[-119.6628,33.9859],[-119.5545,33.9978],[-119.3916,33.9946],[-119.3631,34.0005],[-119.3642,34.0508],[-119.7395,34.0493],[-119.8573,34.0713],[-119.9162,34.0584]]],[[[-120.3683,34.0765],[-120.4541,34.0281],[-120.3648,33.9918],[-120.2001,33.9569],[-120.179,33.928],[-120.1218,33.8957],[-119.9737,33.9425],[-119.9843,33.9839],[-120.0551,34.0377],[-120.1359,34.0261],[-120.2425,34.0572],[-120.3683,34.0765]]]]},"properties":{"GEOID":"0624","BASENAME":"24","NAME":"Congressional District 24","STATE":"06","CD119":"24"}},{"type":"Feature","geometry":{"type":"Polygon","coordinates":[[[-92.9033,37.0707],[-92.9093,36.8092],[-92.7649,36.8061],[-92.7723,36.4981],[-90.1539,36.4953],[-90.131,36.4151],[-90.0661,36.3863],[-90.064,36.303],[-90.1149,36.2656],[-90.1559,36.2141],[-90.2204,36.1848],[-90.2356,36.1395],[-90.2945,36.1129],[-90.3687,35.9958],[-89.7331,36.0006],[-89.6924,36.0205],[-89.68,36.0825],[-89.5921,36.1356],[-89.6238,36.1831],[-89.6926,36.225],[-89.678,36.2483],[-89.6024,36.2381],[-89.5543,36.2778],[-89.6118,36.3091],[-89.6005,36.343],[-89.5227,36.3448],[-89.5104,36.3784],[-89.5423,36.4201],[-89.521,36.4619],[-89.5715,36.5381],[-89.5444,36.5745],[-89.4079,36.5623],[-89.3787,36.6223],[-89.3247,36.624],[-89.2789,36.5777],[-89.2273,36.5694],[-89.1991,36.6256],[-89.1655,36.6624],[-89.2025,36.7166],[-89.157,36.756],[-89.1477,36.8471],[-89.1205,36.8919],[-89.0988,36.9579],[-89.1329,36.9821],[-89.195,36.9898],[-89.2576,37.0155],[-89.3595,37.0426],[-89.3842,37.1033],[-89.4561,37.1881],[-89.4705,37.2534],[-89.517,37.2819],[-89.4952,37.3248],[-89.4282,37.3562],[-89.4259,37.4075],[-89.5124,37.5298],[-89.4941,37.5801],[-89.5219,37.6965],[-89.668,37.7595],[-89.6966,37.8143],[-89.782,37.8551],[-89.851,37.904],[-89.9232,37.8707],[-89.9742,37.9192],[-89.9549,37.9666],[-90.0084,37.9702],[-90.126,38.0506],[-90.2187,38.0944],[-90.3224,38.1816],[-90.3639,38.2364],[-90.3725,38.3234],[-90.3411,38.3862],[-90.3506,38.4581],[-90.405,38.5006],[-90.5125,38.5013],[-90.4919,38.1386],[-90.6181,38.0733],[-90.64,38.0765],[-90.6451,37.7348],[-91.1465,37.7408],[-91.1533,37.6973],[-91.3107,37.7],[-91.3083,37.7872],[-91.5288,37.789],[-91.525,38.1408],[-91.5344,38.1526],[-91.6306,38.1535],[-91.6324,38.051],[-91.8953,38.0512],[-92.0212,38.0106],[-92.0293,37.6025],[-92.2495,37.6045],[-92.2523,37.4729],[-92.6867,37.4815],[-92.6923,37.2635],[-92.6797,37.2424],[-92.6859,37.0671],[-92.9033,37.0707]]]},"properties":{"GEOID":"2908","BASENAME":"8","NAME":"Congressional District 8","STATE":"29","CD119":"08"}},{"type":"Feature","geometry":{"type":"Polygon","coordinates":[[[-73.5081,42.0863],[-73.4873,42.0496],[-72.8471,42.0369],[-72.8101,41.9983],[-72.7667,42.003],[-72.7355,42.0364],[-71.846,42.0244],[-71.8815,42.0759],[-71.7972,42.0992],[-71.826,42.1658],[-71.9394,42.1892],[-71.9673,42.3107],[-72.1237,42.3639],[-72.214,42.2943],[-72.2842,42.352],[-72.3143,42.3437],[-72.3564,42.3033],[-72.3554,42.3407],[-72.4642,42.3081],[-72.6099,42.2852],[-72.6447,42.2892],[-72.8144,42.2568],[-72.8211,42.3386],[-72.8856,42.34],[-72.9046,42.4304],[-72.8556,42.4809],[-72.8768,42.5412],[-72.8317,42.6166],[-72.7351,42.6331],[-72.8512,42.6471],[-72.8643,42.7377],[-73.265,42.7459],[-73.5081,42.0863]]]},"properties":{"GEOID":"2501","BASENAME":"1","NAME":"Congressional District 1","STATE":"25","CD119":"01"}},{"type":"Feature","geometry":{"type":"Polygon","coordinates":[[[-84.4562,40.6849],[-84.4555,40.364],[-84.4344,40.3545],[-84.4346,40.3253],[-84.1316,40.3072],[-84.0453,40.3385],[-84.0101,40.3176],[-84.0361,40.0402],[-83.5161,40.0108],[-83.5037,40.1115],[-83.2063,40.1077],[-83.1699,40.1431],[-82.8841,40.1312],[-82.8899,40.1452],[-82.9464,40.1459],[-82.9296,40.3581],[-82.6465,40.3451],[-82.6236,40.5499],[-82.3749,40.5509],[-82.2203,40.5682],[-82.2211,40.6674],[-82.1262,40.6684],[-82.1293,40.9918],[-82.1734,40.992],[-82.1715,41.0635],[-82.3365,41.0658],[-82.4369,41.0654],[-82.4329,40.9929],[-82.7248,40.9956],[-82.7272,40.7112],[-83.3047,40.702],[-83.4199,40.7303],[-83.3995,40.8176],[-83.8801,40.8199],[-83.8804,40.9204],[-84.1095,40.9047],[-84.1096,40.861],[-84.3405,40.8591],[-84.3974,40.8159],[-84.3968,40.6849],[-84.4562,40.6849]]]},"properties":{"GEOID":"3904","BASENAME":"4","NAME":"Congressional District 4","STATE":"39","CD119":"04"}},{"type":"Feature","geometry":{"type":"Polygon","coordinates":[[[-118.188,34.2936],[-118.2488,34.2222],[-118.1521,34.1573],[-118.1806,34.1412],[-118.1696,34.0443],[-118.1442,34.0335],[-118.0779,34.0356],[-118.0703,34.0572],[-118.0096,34.1009],[-118.0208,34.1548],[-117.9436,34.1652],[-117.9784,34.2384],[-117.8699,34.2426],[-117.8288,34.3384],[-117.7751,34.3385],[-117.7506,34.2229],[-117.8922,34.1706],[-117.8901,34.1467],[-117.8118,34.1254],[-117.7547,34.1654],[-117.7506,34.1096],[-117.7112,34.0795],[-117.6936,34.1216],[-117.6266,34.1061],[-117.6111,34.109],[-117.419,34.1958],[-117.4263,34.2346],[-117.4821,34.3331],[-117.438,34.3542],[-117.4854,34.3834],[-117.6552,34.397],[-117.6751,34.4044],[-117.6761,34.4261],[-117.9347,34.4317],[-117.9922,34.4992],[-118.1111,34.4562],[-118.0902,34.4025],[-118.1897,34.3807],[-118.188,34.2936]]]},"properties":{"GEOID":"0628","BASENAME":"28","NAME":"Congressional District 28","STATE":"06","CD119":"28"}},{"type":"Feature","geometry":{"type":"Polygon","coordinates":[[[-114.7997,32.5936],[-114.8142,32.5648],[-114.7956,32.551],[-114.8115,32.5228],[-114.8136,32.4943],[-112.365,31.7411],[-111.0748,31.3322],[-109.4945,31.3334],[-109.4644,31.3871],[-109.4813,31.454],[-109.6465,31.4661],[-109.6302,31.437],[-109.8171,31.438],[-109.8245,31.5187],[-109.8519,31.5532],[-110.0534,31.5531],[-110.0532,31.4686],[-110.0035,31.4685],[-110.0375,31.3799],[-110.1223,31.4091],[-110.2407,31.4091],[-110.2071,31.3799],[-110.2391,31.3478],[-110.3969,31.3762],[-110.4395,31.4228],[-110.4599,31.3999],[-110.4608,31.6139],[-110.4523,31.7312],[-111.058,31.7262],[-111.0091,31.8528],[-110.9444,31.9503],[-110.8589,31.9631],[-110.858,32.1416],[-110.9095,32.1343],[-110.9093,32.1952],[-110.8295,32.221],[-110.9096,32.2216],[-110.9267,32.2649],[-111.043,32.3154],[-111.1053,32.3087],[-111.1389,32.3783],[-111.2338,32.3658],[-111.234,32.4025],[-111.3042,32.3933],[-111.3043,32.4511],[-111.3516,32.5014],[-111.4657,32.5013],[-111.4655,32.6148],[-111.4996,32.6466],[-111.672,32.6461],[-111.7574,32.8279],[-111.8776,32.8722],[-112.0493,32.8793],[-112.0499,32.971],[-112.203,32.9928],[-112.2021,33.2469],[-112.3062,33.2469],[-112.3061,33.3806],[-112.2725,33.3813],[-112.2724,33.4356],[-112.2212,33.4518],[-112.2724,33.4938],[-112.3128,33.4931],[-112.3579,33.4247],[-112.3579,33.1887],[-112.4612,33.1888],[-112.496,33.2179],[-112.4959,33.131],[-112.634,33.1159],[-112.8283,33.1165],[-112.8284,33.2035],[-113.0266,33.2044],[-113.1465,33.0969],[-113.1959,33.0879],[-113.3338,33.0235],[-113.3337,32.7679],[-113.6169,32.767],[-113.7205,32.7276],[-113.7471,32.6943],[-113.884,32.6649],[-113.9703,32.6644],[-114.1162,32.6198],[-114.5422,32.6264],[-114.5629,32.553],[-114.632,32.5528],[-114.6327,32.6258],[-114.6842,32.6256],[-114.6846,32.6838],[-114.5988,32.6801],[-114.6157,32.7413],[-114.6675,32.7342],[-114.7057,32.7416],[-114.7649,32.6494],[-114.8094,32.6171],[-114.7997,32.5936]]]},"properties":{"GEOID":"0407","BASENAME":"7","NAME":"Congressional District 7","STATE":"04","CD119":"07"}},{"type":"Feature","geometry":{"type":"Polygon","coordinates":[[[-102.0517,40.0031],[-102.0422,36.9931],[-99.5411,36.9999],[-99.5432,37.3811],[-99.5555,37.3916],[-99.5596,37.7349],[-99.5706,37.8256],[-99.5699,38.1749],[-99.1317,38.1743],[-99.0874,38.1859],[-99.0225,38.2612],[-98.4798,38.2608],[-98.4725,38.2386],[-98.4723,37.8245],[-98.4648,37.8109],[-98.4648,37.7327],[-97.6987,37.7351],[-97.7018,38.1738],[-97.3717,38.1737],[-97.3719,38.6094],[-96.9303,38.6094],[-96.9272,38.8122],[-96.8902,38.8701],[-96.9262,38.9789],[-96.9635,38.9649],[-96.9617,39.2201],[-96.8499,39.219],[-96.8514,39.0882],[-96.501,39.0727],[-96.5012,39.0437],[-96.3908,39.0433],[-96.389,39.1729],[-96.3314,39.1589],[-96.2337,39.2123],[-96.0836,39.1935],[-96.0391,39.1265],[-96.0356,39.2165],[-95.5895,39.2161],[-95.5968,39.0647],[-95.5003,39.0567],[-95.4307,39.0693],[-95.3358,39.0295],[-95.3353,38.9425],[-95.2578,38.9152],[-95.1862,38.9645],[-95.1809,39.4192],[-95.5704,39.4191],[-95.5701,39.5255],[-95.7186,39.5659],[-96.239,39.5662],[-96.2392,40.0007],[-102.0517,40.0031]]]},"properties":{"GEOID":"2001","BASENAME":"1","NAME":"Congressional District 1","STATE":"20","CD119":"01"}},{"type":"Feature","geometry":{"type":"Polygon","coordinates":[[[-79.762,42.2699],[-79.7613,41.9988],[-79.4725,41.9983],[-76.1058,41.9989],[-76.1162,42.1856],[-76.0812,42.2647],[-76.1302,42.4103],[-76.2534,42.4076],[-76.2501,42.2967],[-76.4153,42.3184],[-76.4162,42.263],[-76.5383,42.2818],[-76.6914,42.2843],[-76.6866,42.3904],[-76.9833,42.3792],[-77.1049,42.3893],[-77.1072,42.4838],[-77.1439,42.4947],[-77.2602,42.4854],[-77.3016,42.3863],[-77.4203,42.363],[-77.5647,42.4549],[-77.7261,42.404],[-77.723,42.4712],[-77.8402,42.4746],[-77.8407,42.5178],[-78.4581,42.5192],[-78.4639,42.5364],[-78.4633,42.7805],[-78.4862,42.8573],[-78.4644,42.8674],[-78.4644,43.0887],[-78.6158,43.0741],[-78.6254,43.1515],[-78.7548,43.1333],[-78.825,43.1331],[-78.8358,43.0773],[-78.8224,43.0516],[-78.8021,43.0658],[-78.6969,43.0863],[-78.6969,42.8112],[-78.8569,42.8053],[-78.8514,42.7918],[-78.9048,42.7461],[-79.0489,42.6892],[-79.0638,42.6448],[-79.1114,42.6134],[-79.1386,42.5645],[-79.3819,42.4665],[-79.4535,42.4112],[-79.6275,42.3247],[-79.762,42.2699]]]},"properties":{"GEOID":"3623","BASENAME":"23","NAME":"Congressional District 23","STATE":"36","CD119":"23"}},{"type":"Feature","geometry":{"type":"Polygon","coordinates":[[[-96.3492,29.4061],[-96.6403,29.2478],[-96.3092,28.9633],[-96.3227,28.6429],[-96.3785,28.3899],[-96.1944,28.5022],[-95.8125,28.6649],[-95.507,28.8247],[-95.5677,28.8298],[-95.6795,28.9657],[-95.7694,28.9711],[-95.7704,29.0662],[-95.8463,29.1078],[-95.874,29.2297],[-95.8477,29.2626],[-95.7529,29.3245],[-95.6259,29.2933],[-95.5908,29.3275],[-95.4206,29.3173],[-95.2706,29.3959],[-95.1922,29.4044],[-95.2331,29.4656],[-95.2163,29.5558],[-95.2539,29.5538],[-95.2603,29.5899],[-95.3311,29.5991],[-95.386,29.5856],[-95.3138,29.516],[-95.4463,29.4996],[-95.4626,29.4392],[-95.5506,29.4383],[-95.4752,29.4599],[-95.5827,29.5805],[-95.5714,29.6487],[-95.5971,29.6606],[-95.6508,29.6273],[-95.6384,29.5635],[-95.7409,29.5431],[-95.715,29.6651],[-95.7755,29.7006],[-95.6867,29.7103],[-95.7301,29.7347],[-95.7357,29.7852],[-95.7522,29.8172],[-95.8302,29.8004],[-95.826,29.7886],[-95.9709,29.7286],[-96.0327,29.7279],[-96.0248,29.6029],[-96.0889,29.6017],[-96.1126,29.6236],[-96.1754,29.6338],[-96.3077,29.5145],[-96.3492,29.4061]]]},"properties":{"GEOID":"4822","BASENAME":"22","NAME":"Congressional District 22","STATE":"48","CD119":"22"}},{"type":"Feature","geometry":{"type":"Polygon","coordinates":[[[-105.2178,39.2601],[-105.3294,39.1295],[-104.5518,39.1294],[-104.5481,39.0425],[-104.4048,39.041],[-104.3679,38.9541],[-104.331,38.9543],[-104.3516,38.8675],[-104.2777,38.8747],[-104.3137,38.8534],[-104.3137,38.7813],[-104.2768,38.7814],[-104.2755,38.5211],[-104.0539,38.5224],[-104.0582,38.1465],[-103.8356,38.1133],[-103.6192,38.1134],[-103.6193,38.1715],[-103.5094,38.1725],[-103.5018,38.265],[-103.3999,38.2654],[-103.4043,37.6436],[-103.0759,37.6434],[-103.0861,36.9999],[-102.0422,36.9931],[-102.0516,41.0024],[-104.9434,40.9981],[-104.9431,40.9034],[-104.9875,40.7779],[-105.0761,40.7982],[-105.0683,40.6641],[-105.0007,40.6535],[-104.9962,40.5814],[-104.9441,40.5881],[-104.9442,40.5081],[-104.9921,40.4647],[-105.1331,40.451],[-105.1595,40.3974],[-105.0973,40.3495],[-104.9817,40.3492],[-104.9923,40.4052],[-104.8604,40.4213],[-104.8324,40.5089],[-104.6589,40.5086],[-104.48,40.4936],[-104.5081,40.3993],[-104.4156,40.3255],[-104.4895,40.3487],[-104.5276,40.276],[-104.6024,40.276],[-104.6031,40.1167],[-104.6971,40.0005],[-104.6406,40.0006],[-104.6404,39.9067],[-104.5996,39.899],[-104.6197,39.8269],[-104.4893,39.825],[-104.4709,39.7384],[-104.6162,39.74],[-104.5843,39.667],[-104.7255,39.6675],[-104.754,39.624],[-104.66,39.6529],[-104.6421,39.5659],[-104.6793,39.5659],[-104.6796,39.5507],[-104.7367,39.5513],[-104.7366,39.5659],[-105.0487,39.5661],[-105.073,39.5453],[-105.1713,39.4069],[-105.2178,39.2601]]]},"properties":{"GEOID":"0804","BASENAME":"4","NAME":"Congressional District 4","STATE":"08","CD119":"04"}},{"type":"Feature","geometry":{"type":"MultiPolygon","coordinates":[[[[-95.8477,29.2626],[-95.874,29.2297],[-95.8463,29.1078],[-95.7704,29.0662],[-95.7694,28.9711],[-95.6795,28.9657],[-95.5677,28.8298],[-95.507,28.8247],[-95.4396,28.859],[-95.3824,28.8663],[-95.0262,29.1481],[-94.7225,29.3314],[-94.731,29.3691],[-94.6704,29.4308],[-94.5949,29.4679],[-94.3708,29.5556],[-94.4229,29.5663],[-94.5459,29.5725],[-94.7626,29.5242],[-94.7916,29.5504],[-94.9098,29.4964],[-95.0182,29.5546],[-95.0683,29.5575],[-95.1616,29.4973],[-95.2163,29.5558],[-95.2331,29.4656],[-95.1922,29.4044],[-95.2706,29.3959],[-95.4206,29.3173],[-95.5908,29.3275],[-95.6259,29.2933],[-95.7529,29.3245],[-95.8477,29.2626]]],[[[-94.358,29.8875],[-94.3541,29.5621],[-94.0565,29.6712],[-93.9619,29.6822],[-93.8613,29.679],[-93.838,29.6906],[-93.9292,29.803],[-93.8304,29.8944],[-93.8078,29.9545],[-93.7039,30.0543],[-93.7111,30.244],[-94.1176,30.2417],[-94.0912,30.2046],[-94.1159,30.1603],[-94.0737,30.1141],[-94.094,30.0863],[-94.19,30.0912],[-94.1892,30.0238],[-94.251,29.9261],[-94.358,29.8875]]]]},"properties":{"GEOID":"4814","BASENAME":"14","NAME":"Congressional District 14","STATE":"48","CD119":"14"}},{"type":"Feature","geometry":{"type":"Polygon","coordinates":[[[-97.6927,30.5582],[-97.6841,30.4763],[-97.6738,30.4801],[-97.6496,30.4429],[-97.5826,30.4666],[-97.4001,30.3679],[-97.3695,30.4196],[-97.3345,30.4028],[-97.1552,30.4573],[-96.6214,30.7308],[-96.567,30.6957],[-96.4576,30.7445],[-96.338,30.9205],[-96.241,30.9737],[-95.9752,31.092],[-95.7644,31.0942],[-95.6565,31.0793],[-95.6812,30.987],[-95.6179,30.9304],[-95.6162,30.9102],[-95.7165,30.9114],[-95.8631,30.8641],[-95.8342,30.658],[-95.5773,30.7183],[-95.5151,30.6677],[-95.5131,30.7056],[-95.3386,30.7378],[-95.3275,30.8595],[-95.2524,30.9067],[-95.2002,30.8246],[-94.9391,31.042],[-94.8429,31.1466],[-94.7386,31.1037],[-94.5737,31.0684],[-94.5619,31.059],[-94.5266,31.0557],[-94.4578,31.0333],[-94.1296,31.0993],[-94.219,31.1733],[-94.3266,31.2248],[-94.3398,31.2408],[-94.3159,31.3045],[-94.3304,31.3599],[-94.3006,31.5265],[-94.3109,31.589],[-94.3953,31.6386],[-94.4339,31.8245],[-94.4525,31.8441],[-94.9375,31.8456],[-94.9781,31.7933],[-94.9242,31.5795],[-94.8659,31.5269],[-95.0033,31.4257],[-95.1014,31.4699],[-95.1,31.5189],[-95.1685,31.5837],[-95.2732,31.5929],[-95.6518,31.5418],[-95.7393,31.5041],[-95.7101,31.6156],[-95.7357,31.6538],[-95.7873,31.6184],[-95.7897,31.6488],[-95.9553,31.671],[-96.0541,31.6439],[-96.281,31.6413],[-96.3327,31.7408],[-96.4783,31.7695],[-96.4967,31.7962],[-96.7191,31.8149],[-96.9322,31.7089],[-97.0373,31.8631],[-97.6052,31.5878],[-97.4186,31.3202],[-97.3434,31.2442],[-97.2781,31.2798],[-97.0701,30.986],[-97.259,30.8896],[-97.3155,30.7524],[-97.2699,30.7354],[-97.2189,30.6119],[-97.3753,30.5746],[-97.4242,30.5308],[-97.4832,30.554],[-97.532,30.5165],[-97.6139,30.5318],[-97.6383,30.5085],[-97.6927,30.5582]]]},"properties":{"GEOID":"4817","BASENAME":"17","NAME":"Congressional District 17","STATE":"48","CD119":"17"}},{"type":"Feature","geometry":{"type":"Polygon","coordinates":[[[-78.5539,35.0481],[-78.641,34.9888],[-78.5461,34.9159],[-78.3235,34.6657],[-78.252,34.5619],[-78.2544,34.5536],[-78.114,34.7069],[-78.114,34.7218],[-77.9812,34.714],[-77.6801,34.7206],[-77.5762,34.4766],[-77.5152,34.4374],[-77.4629,34.4714],[-77.3225,34.5356],[-77.241,34.5875],[-77.1368,34.6329],[-76.9063,34.6828],[-76.727,34.6967],[-76.6187,34.6725],[-76.5538,34.6283],[-76.5359,34.5886],[-76.4505,34.7144],[-76.3868,34.7846],[-76.1373,34.9879],[-75.913,35.1196],[-75.7579,35.1831],[-75.6355,35.2203],[-75.5336,35.2258],[-75.4868,35.3917],[-75.4587,35.5966],[-75.4961,35.7285],[-75.6585,36.0204],[-75.7183,36.1137],[-75.7707,36.2321],[-75.7663,36.057],[-75.9732,35.9766],[-76.0083,35.8958],[-76.0275,35.6688],[-76.1447,35.7025],[-76.2139,35.5982],[-76.2858,35.6045],[-76.2692,35.6908],[-76.8443,35.7057],[-76.8473,35.72],[-76.9858,35.6588],[-77.174,35.7328],[-77.2552,35.7864],[-77.3902,35.8331],[-77.7007,35.6523],[-77.6104,35.5676],[-77.5034,35.518],[-77.4755,35.4267],[-77.4264,35.3498],[-77.391,35.3395],[-77.4313,35.3298],[-77.4737,35.229],[-77.5272,35.243],[-77.5075,35.1728],[-77.6013,35.0714],[-77.731,35.0081],[-77.7496,35.1086],[-77.7692,35.1456],[-77.8342,35.1778],[-77.8922,35.1463],[-78.0445,35.1925],[-78.1634,35.1897],[-78.1735,35.2073],[-78.2462,35.226],[-78.3066,35.2876],[-78.4117,35.2547],[-78.4502,35.2586],[-78.5389,35.2345],[-78.4324,35.1333],[-78.4541,35.0532],[-78.5539,35.0481]]]},"properties":{"GEOID":"3703","BASENAME":"3","NAME":"Congressional District 3","STATE":"37","CD119":"03"}},{"type":"Feature","geometry":{"type":"Polygon","coordinates":[[[-123.2277,44.4069],[-123.2457,44.3321],[-123.1804,44.2837],[-123.1654,44.2001],[-122.9058,44.2007],[-122.904,44.2591],[-122.8655,44.2873],[-122.7627,44.2905],[-122.6468,44.2666],[-122.577,44.2279],[-122.3846,44.2171],[-122.3272,44.2528],[-121.7994,44.2583],[-121.7691,44.1016],[-121.87,43.9117],[-121.9729,43.8612],[-121.9645,43.8082],[-121.9128,43.7947],[-121.7275,43.8361],[-121.6002,43.826],[-121.4521,43.8631],[-121.4289,43.8195],[-121.35,43.9142],[-121.3477,43.9623],[-121.2437,44.0078],[-121.2536,44.0875],[-121.1737,44.1596],[-121.1028,44.1692],[-121.1075,44.3906],[-121.6749,44.3934],[-121.7135,44.4295],[-121.8455,44.4247],[-121.7939,44.5941],[-121.7996,44.6839],[-121.82,44.8006],[-121.7759,44.8198],[-121.7653,44.8857],[-121.8049,45.0124],[-121.741,45.0344],[-121.7232,45.137],[-121.7429,45.1492],[-121.7477,45.1666],[-121.7314,45.1706],[-121.7482,45.2051],[-121.6984,45.2264],[-121.7004,45.2406],[-121.7425,45.2183],[-121.8593,45.2207],[-121.9226,45.2661],[-122.003,45.2609],[-122.0303,45.2196],[-122.2008,45.205],[-122.2916,45.2295],[-122.3871,45.3162],[-122.3982,45.3732],[-122.5025,45.3957],[-122.548,45.461],[-122.5713,45.4614],[-122.5659,45.4783],[-122.6665,45.4643],[-122.7437,45.4429],[-122.7437,45.3321],[-122.7165,45.2845],[-122.7393,45.2595],[-122.7472,45.2233],[-122.9757,45.0228],[-122.9505,44.906],[-122.8544,44.846],[-122.865,44.7583],[-122.9334,44.7161],[-123.0068,44.6869],[-123.0192,44.698],[-123.0151,44.7199],[-123.113,44.7595],[-123.1438,44.7489],[-123.149,44.7202],[-123.0731,44.6524],[-123.1644,44.6375],[-123.1856,44.5872],[-123.1832,44.5672],[-123.2029,44.5641],[-123.2036,44.5269],[-123.2127,44.5176],[-123.2144,44.491],[-123.2053,44.443],[-123.2332,44.4117],[-123.2277,44.4069]]]},"properties":{"GEOID":"4105","BASENAME":"5","NAME":"Congressional District 5","STATE":"41","CD119":"05"}},{"type":"Feature","geometry":{"type":"Polygon","coordinates":[[[-90.6428,42.5085],[-90.6467,42.4719],[-90.5652,42.4387],[-90.4463,42.357],[-90.4171,42.3199],[-90.4309,42.2782],[-90.4007,42.2393],[-90.3151,42.1937],[-89.9198,42.1969],[-89.9236,42.3714],[-89.515,42.3743],[-89.5143,42.331],[-89.3977,42.332],[-89.3974,42.2887],[-89.1497,42.278],[-89.1162,42.3154],[-88.9644,42.3436],[-89.0246,42.2965],[-88.9799,42.2825],[-88.9989,42.2078],[-89.1137,42.2376],[-89.173,42.2042],[-89.6885,42.1991],[-89.6854,41.9303],[-89.6293,41.9016],[-89.6315,41.5849],[-90.1855,41.5846],[-90.1946,41.5412],[-90.3195,41.5097],[-90.3241,41.4474],[-90.3482,41.4412],[-90.3483,41.455],[-90.4013,41.456],[-90.4165,41.4369],[-90.4322,41.4347],[-90.4377,41.1515],[-90.0963,41.1499],[-90.0951,41.2353],[-89.9733,41.2345],[-89.9728,41.3219],[-89.8566,41.321],[-89.8682,41.1495],[-89.9846,41.1494],[-89.9853,40.8001],[-89.8242,40.7935],[-89.7947,40.711],[-89.6421,40.6866],[-89.6139,40.7798],[-89.5566,40.7602],[-89.5465,40.7222],[-89.6138,40.6651],[-89.6643,40.5624],[-89.6443,40.4801],[-89.4714,40.4817],[-89.4515,40.419],[-89.2654,40.4275],[-89.0588,40.4877],[-89.0583,40.5288],[-88.9439,40.5348],[-88.9637,40.4515],[-89.0394,40.4549],[-89.0347,40.2828],[-88.4604,40.2819],[-88.46,40.3988],[-88.347,40.3984],[-88.347,40.4569],[-88.3707,40.5298],[-88.4593,40.53],[-88.4595,40.6173],[-88.5745,40.6165],[-88.5822,40.6706],[-88.5852,40.8502],[-88.6712,40.8734],[-88.5859,40.9449],[-88.5846,41.1083],[-88.2515,41.1142],[-88.2414,41.129],[-88.2522,41.4631],[-88.596,41.4571],[-88.59,41.3035],[-88.8055,41.3407],[-88.817,41.2812],[-89.0485,41.28],[-89.0567,41.2217],[-89.1628,41.2214],[-89.1626,41.1923],[-89.3088,41.1914],[-89.3503,41.2526],[-89.3482,41.2593],[-89.3935,41.2647],[-89.3937,41.4949],[-89.1665,41.4958],[-89.1672,41.6287],[-88.9387,41.6283],[-88.9419,41.9789],[-88.7147,41.98],[-88.7156,42.0664],[-88.8219,42.0662],[-88.8224,42.1534],[-88.8615,42.153],[-88.8856,42.2701],[-88.8221,42.3279],[-88.5113,42.3275],[-88.4723,42.3705],[-88.4716,42.495],[-90.6428,42.5085]]]},"properties":{"GEOID":"1716","BASENAME":"16","NAME":"Congressional District 16","STATE":"17","CD119":"16"}},{"type":"Feature","geometry":{"type":"MultiPolygon","coordinates":[[[[-122.8216,48.9414],[-122.794,48.8831],[-122.7325,48.8381],[-122.7102,48.7222],[-122.6426,48.5883],[-122.6503,48.5302],[-122.6891,48.4768],[-122.6653,48.4165],[-122.7071,48.3153],[-122.7526,48.2601],[-122.7115,48.1936],[-122.6332,48.1633],[-122.5983,48.1106],[-122.6073,48.031],[-122.5429,47.9964],[-122.5468,47.9672],[-122.5737,47.951],[-122.5018,47.9297],[-122.4296,47.8281],[-122.4381,47.7778],[-122.3272,47.7777],[-122.2746,47.8642],[-122.1907,47.8998],[-122.2015,48.1879],[-122.2217,48.223],[-122.304,48.2976],[-121.0017,48.296],[-121.0716,48.3178],[-121.0497,48.4854],[-120.8239,48.545],[-120.7021,48.5316],[-120.6885,48.5757],[-120.7883,48.6251],[-120.6559,48.7243],[-120.7354,48.7865],[-120.7353,48.8644],[-120.8515,49.0006],[-122.758,49.0024],[-122.8216,48.9414]]],[[[-123.2371,48.6835],[-123.2027,48.5902],[-123.1415,48.5053],[-123.0392,48.46],[-122.928,48.44],[-122.8741,48.4182],[-122.8035,48.4287],[-122.8179,48.4839],[-122.7791,48.5089],[-122.7712,48.5624],[-122.799,48.6047],[-122.743,48.662],[-122.8184,48.7446],[-122.9379,48.7903],[-122.9795,48.7817],[-123.0197,48.7213],[-123.0704,48.7],[-123.2371,48.6835]]]]},"properties":{"GEOID":"5302","BASENAME":"2","NAME":"Congressional District 2","STATE":"53","CD119":"02"}}]}